name,lat,lon,alt_km
NORAD-20,-9.6546,-60.7963,1068.8
NORAD-45,-8.9778,36.0404,646.7
NORAD-107,-21.4183,-13.8517,555.5
NORAD-134,-40.6763,-120.0460,952.1
NORAD-167,-31.5382,86.7176,779.6
NORAD-188,65.9768,-76.2959,3461.9
NORAD-194,-10.8037,-36.4624,3232.0
NORAD-195,33.5372,96.0845,3538.9
NORAD-196,65.2696,94.1195,3510.3
NORAD-223,-47.9828,25.3177,932.3
NORAD-227,-20.7696,12.8492,757.0
NORAD-228,-5.1691,-47.0488,413.7
NORAD-243,51.4202,-109.2167,875.5
NORAD-244,65.8266,-168.2341,867.7
NORAD-271,17.5056,-152.8076,2795.4
NORAD-323,-54.0235,-83.1354,886.4
NORAD-325,-66.1269,-117.6884,831.7
NORAD-340,44.4343,-95.0098,2689.8
NORAD-355,0.7737,-132.0174,1316.8
NORAD-406,-62.0190,83.5892,1066.5
NORAD-409,34.5607,-140.6703,829.5
NORAD-510,19.7987,19.5095,1009.6
NORAD-515,26.9726,22.9236,6944.0
NORAD-530,34.5429,-15.2096,847.2
NORAD-537,9.5605,-20.3272,1024.4
NORAD-538,-67.0356,98.9691,681.8
NORAD-543,10.0365,-23.1818,963.7
NORAD-553,23.5860,-75.3455,31259.9
NORAD-561,-65.1861,136.6669,1019.6
NORAD-589,75.5696,91.9747,3689.0
NORAD-602,24.6429,-100.4919,3641.2
NORAD-608,74.1671,-104.9838,3654.8
NORAD-622,12.3445,103.3716,3683.5
NORAD-628,-36.9198,92.3309,3694.3
NORAD-630,-44.9117,93.2363,3703.5
NORAD-631,-30.9439,-70.1207,3846.6
NORAD-634,-23.6793,62.2100,35773.4
NORAD-648,28.2255,-99.6719,1190.8
NORAD-652,66.6274,45.2179,844.5
NORAD-655,-40.8373,-57.2624,1200.3
NORAD-657,34.9836,20.4519,1358.0
NORAD-672,35.9383,48.4227,1014.3
NORAD-702,-66.2960,74.8784,3678.4
NORAD-715,89.8479,113.2413,958.2
NORAD-737,-19.3131,60.2981,7556.0
NORAD-738,-41.3902,172.2126,4338.9
NORAD-739,-29.1995,-167.0820,1143.1
NORAD-805,43.3650,-138.7769,775.0
NORAD-836,21.4660,173.4377,105630.2
NORAD-837,48.3954,94.0476,167527.6
NORAD-858,5.3231,87.6183,35744.8
NORAD-862,14.6250,-18.2469,5913.0
NORAD-903,83.9432,-38.1690,943.9
NORAD-977,11.2770,-154.3142,914.9
NORAD-1313,64.4582,-2.4407,2238.5
NORAD-1318,10.9717,-63.1625,1596.2
NORAD-1335,41.4849,-160.5454,1112.6
NORAD-1360,-29.5918,152.0529,14786.2
NORAD-1389,-78.2280,-67.3694,1238.5
NORAD-1399,64.8152,-82.6463,1268.6
NORAD-1435,29.8460,-177.6304,1014.2
NORAD-1458,-9.8486,106.0614,108131.5
NORAD-1477,-20.2326,-69.8725,1621.1
NORAD-1515,30.0663,106.7602,1095.4
NORAD-1529,80.9740,-128.7176,810.3
NORAD-1549,-36.5021,-17.7112,1478.6
NORAD-1590,37.3102,95.7906,1428.6
NORAD-1591,-52.7006,-61.6866,1447.6
NORAD-1613,25.2496,-162.1800,562.7
NORAD-1634,54.4893,24.2548,799.0
NORAD-1646,10.6939,-44.9580,642.5
NORAD-1716,32.1601,-157.6718,675.2
NORAD-1722,7.0886,127.7201,683.8
NORAD-1805,-25.6628,126.8953,1071.0
NORAD-1829,-1.7817,-89.8916,592.8
NORAD-1835,-6.2178,6.8201,553.0
NORAD-1859,23.6683,13.9330,735.5
NORAD-1915,21.6067,133.7965,680.8
NORAD-1931,63.1135,-48.4718,751.0
NORAD-1943,-1.4592,-153.0365,813.9
NORAD-1959,-31.7289,86.2243,715.8
NORAD-1961,23.6281,124.8413,517.1
NORAD-2009,53.6169,-46.2935,3669.8
NORAD-2011,20.5815,-26.3793,947.5
NORAD-2050,12.4982,62.9452,781.4
NORAD-2097,-87.4652,50.7102,1042.1
NORAD-2121,3.4363,158.1009,912.0
NORAD-2140,-63.4343,-57.0655,1306.3
NORAD-2141,65.4788,150.9581,817.0
NORAD-2142,20.4684,-73.2550,779.1
NORAD-2177,70.9462,42.3982,683.3
NORAD-2201,-26.1524,-11.3649,2595.5
NORAD-2217,0.0956,-62.8694,33939.9
NORAD-2218,-8.0681,-132.2678,33862.0
NORAD-2219,-3.1683,-83.8099,34083.6
NORAD-2221,-3.8138,-87.2265,34340.7
NORAD-2223,5.0323,103.0191,1391.2
NORAD-2224,-61.3032,15.6831,1491.8
NORAD-2226,72.2759,-159.1783,1009.4
NORAD-2256,-56.6769,45.6417,4280.3
NORAD-2359,20.1679,75.7482,3547.1
NORAD-2361,71.9000,-116.2058,3747.3
NORAD-2362,-23.8364,28.1873,5885.9
NORAD-2364,9.7378,-7.3253,4122.1
NORAD-2365,-8.6759,169.6876,3487.8
NORAD-2367,51.4812,-45.2114,704.0
NORAD-2371,11.3147,17.9849,3045.0
NORAD-2375,17.7095,121.6766,1967.7
NORAD-2378,84.4475,77.7856,3544.1
NORAD-2380,74.9865,-20.8316,3358.8
NORAD-2381,70.0056,160.9702,3610.1
NORAD-2386,23.6010,-136.1776,968.8
NORAD-2403,77.2191,-9.4143,3679.9
NORAD-2411,-1.8354,-9.9042,3706.0
NORAD-2412,26.4407,-9.9329,3698.8
NORAD-2431,23.5638,-97.5513,3725.9
NORAD-2498,-4.0096,-4.1690,3898.7
NORAD-2511,-83.0009,90.6949,4254.0
NORAD-2514,-6.3315,-75.1003,29820.4
NORAD-2516,28.4374,69.6594,4048.0
NORAD-2518,-2.3678,-16.8961,1442.6
NORAD-2529,1.3410,-90.8710,4407.6
NORAD-2610,-36.2999,50.1964,3720.0
NORAD-2643,0.1987,-100.0522,14717.4
NORAD-2644,-40.0340,-61.7830,832.3
NORAD-2649,6.5619,65.2840,33550.6
NORAD-2650,6.6856,63.9593,33569.5
NORAD-2651,-0.8364,-68.2775,33763.1
NORAD-2652,-8.1759,-141.6457,33917.8
NORAD-2653,-5.1118,156.7704,33986.7
NORAD-2682,-19.4991,-56.7583,1704.9
NORAD-2700,-42.9979,119.7394,2078.5
NORAD-2702,-37.2426,147.0999,1135.5
NORAD-2706,30.8649,-55.9849,1437.8
NORAD-2707,75.3917,-78.7343,1403.8
NORAD-2770,5.8745,-102.8593,90900.1
NORAD-2777,-74.5817,-42.6713,980.5
NORAD-2778,-60.5167,-70.4670,1052.2
NORAD-2796,82.9937,1.1108,3346.6
NORAD-2799,-15.8107,-9.3507,675.6
NORAD-2861,84.0248,26.3647,3797.7
NORAD-2864,2.8273,74.6315,33517.6
NORAD-2865,1.3549,137.9418,33309.8
NORAD-2876,-14.9473,25.7583,3900.0
NORAD-2877,19.4712,-153.9217,3846.3
NORAD-2888,41.5380,-116.5455,2203.6
NORAD-2889,80.4360,52.5590,1087.4
NORAD-2949,25.6600,-109.5430,1582.7
NORAD-2976,74.6179,-177.4957,1257.4
NORAD-2977,10.4658,-138.1285,1426.9
NORAD-2989,37.0465,-4.0782,856.0
NORAD-2997,16.9768,56.5322,4439.3
NORAD-3038,-9.4143,-3.7899,558.8
NORAD-3051,-47.7703,-144.1983,1481.7
NORAD-3122,88.4907,17.9079,1168.7
NORAD-3123,77.4950,118.3242,1489.5
NORAD-3125,28.2300,126.3246,936.0
NORAD-3126,34.3475,20.8044,1373.1
NORAD-3127,2.6999,50.6900,1374.5
NORAD-3164,35.9784,-37.9584,851.2
NORAD-3173,52.9278,125.3138,8324.9
NORAD-3174,35.2775,84.0255,8102.0
NORAD-3177,72.8725,122.5481,9360.0
NORAD-3212,17.0058,132.7193,1234.4
NORAD-3213,72.2172,-173.0453,966.6
NORAD-3214,63.0863,-3.8968,1271.6
NORAD-3255,-33.5169,-117.9521,3526.3
NORAD-3257,-84.6178,9.2956,3919.4
NORAD-3267,85.1101,132.1798,583.7
NORAD-3284,-4.7806,165.0257,33774.0
NORAD-3287,7.2326,32.9751,33792.4
NORAD-3289,1.1583,116.3270,33775.2
NORAD-3290,0.4705,-49.7705,34165.3
NORAD-3386,-14.6780,179.7364,582.2
NORAD-3392,-10.5432,-80.1845,652.1
NORAD-3416,-11.9398,-147.0692,1466.3
NORAD-3417,9.3747,-157.4326,1556.7
NORAD-3462,26.2203,163.0301,481.8
NORAD-3488,-29.6690,143.6298,629.7
NORAD-3583,-37.1693,-6.5000,1856.1
NORAD-3592,32.3335,-0.0659,1057.6
NORAD-3606,-54.4483,-87.3165,699.0
NORAD-3617,49.2093,-59.7848,1407.4
NORAD-3618,75.4532,-139.8169,1411.4
NORAD-3623,-3.9020,112.3751,39282.5
NORAD-3669,44.8268,36.7492,3424.8
NORAD-3674,-6.3203,154.2891,40105.8
NORAD-3679,13.7013,-5.4289,845.7
NORAD-3690,-38.3318,86.6199,823.3
NORAD-3695,-55.6801,-25.4423,762.4
NORAD-3740,39.3266,60.5781,889.1
NORAD-3741,-18.7998,140.1564,895.1
NORAD-3743,53.8849,-127.9397,1407.2
NORAD-3744,39.1052,127.6083,825.4
NORAD-3745,55.8327,-16.9850,1515.0
NORAD-3748,61.0177,143.7145,1736.1
NORAD-3752,17.0381,144.2645,1011.6
NORAD-3755,30.6646,162.4081,788.3
NORAD-3758,-12.9748,166.9549,1264.2
NORAD-3784,53.2563,-90.8176,642.5
NORAD-3785,58.4368,-151.2771,736.5
NORAD-3788,1.0767,152.9055,2163.9
NORAD-3793,42.6947,-105.5198,1579.9
NORAD-3794,-42.3566,1.1588,765.0
NORAD-3810,-9.1657,108.5339,1089.1
NORAD-3812,-15.1136,101.7321,1580.6
NORAD-3814,17.6528,-16.8892,1686.5
NORAD-3827,36.7420,21.5048,2350.9
NORAD-3840,-57.7603,46.1425,1437.7
NORAD-3874,52.7373,-126.4480,1468.5
NORAD-3898,-9.8549,48.0258,1460.3
NORAD-3901,40.4633,169.7487,1551.2
NORAD-3908,-40.3177,158.1615,1027.8
NORAD-3912,33.4826,-70.0328,1078.3
NORAD-3938,-61.6889,-101.4952,957.9
NORAD-3956,17.3893,14.8471,119431.9
NORAD-3974,3.8387,170.9562,1485.6
NORAD-3975,-16.4648,-49.8652,1444.8
NORAD-4005,-59.3814,-167.7366,912.8
NORAD-4069,16.5359,-75.5454,22334.4
NORAD-4133,-1.0056,-150.8688,445.9
NORAD-4173,-24.6581,45.3027,640.0
NORAD-4208,32.7114,-169.7222,808.7
NORAD-4211,-33.9371,-116.9825,842.6
NORAD-4231,16.2224,156.7106,735.0
NORAD-4249,45.2493,19.1060,819.4
NORAD-4251,0.7457,80.9758,7623.4
NORAD-4298,-27.9999,-154.3986,24723.5
NORAD-4354,-24.9673,93.6538,9116.4
NORAD-4435,59.7242,-140.4184,594.2
NORAD-4438,-40.0163,-68.6491,684.0
NORAD-4513,-6.9090,49.0249,832.7
NORAD-4547,23.0684,59.1962,803.2
NORAD-4630,-2.6673,118.3223,30111.5
NORAD-4632,12.4562,-17.2882,34397.4
NORAD-4645,-47.9630,135.6919,1362.4
NORAD-4651,-10.3224,33.2824,876.2
NORAD-4655,-13.1983,4.0901,1009.1
NORAD-4672,-53.6092,81.7281,1089.6
NORAD-4688,-29.0114,-6.3327,1056.6
NORAD-4720,-18.9128,41.5646,873.1
NORAD-4733,-3.1433,108.4130,700.3
NORAD-4736,-8.0336,-79.7831,835.0
NORAD-4737,-34.4198,-119.3554,815.7
NORAD-4741,24.5984,160.3688,2317.0
NORAD-4744,71.9107,-36.0570,1047.3
NORAD-4756,-38.7648,-72.2689,1083.0
NORAD-4786,-40.7829,28.0815,4324.1
NORAD-4789,-11.9927,21.4046,3560.1
NORAD-4790,-44.5368,149.2591,5081.4
NORAD-4841,-30.7677,-176.1836,2975.9
NORAD-4843,-55.0781,-146.3026,1095.5
NORAD-4855,66.6089,5.9420,974.3
NORAD-4857,-17.0410,160.5505,828.1
NORAD-4867,40.4147,-151.1011,853.1
NORAD-4882,-5.8035,-25.1339,14885.4
NORAD-4907,30.1486,-63.2156,667.4
NORAD-4918,-78.3997,-18.0073,1188.9
NORAD-4935,-8.1652,23.3010,984.2
NORAD-4942,-14.2121,177.4939,1214.5
NORAD-4950,-39.1665,-24.4736,1083.0
NORAD-4979,-51.7320,-27.5120,1057.3
NORAD-4987,37.3829,-3.9898,1059.1
NORAD-4990,4.1275,41.9276,916.3
NORAD-4992,-63.8587,-50.7042,1035.7
NORAD-4993,-2.8505,45.7584,934.4
NORAD-4997,64.3655,-38.0873,872.8
NORAD-5011,53.7438,155.3560,895.9
NORAD-5025,-50.8068,156.4989,1055.3
NORAD-5036,-52.2230,143.4940,790.1
NORAD-5054,61.4038,16.0009,33718.0
NORAD-5066,1.1916,-49.2446,887.5
NORAD-5094,64.6140,137.5642,645.3
NORAD-5098,30.0248,-66.3579,1612.1
NORAD-5146,-22.6947,116.7892,1061.5
NORAD-5150,49.0451,-7.1781,895.4
NORAD-5151,48.7248,138.9960,1017.2
NORAD-5153,17.2890,-171.8564,1074.2
NORAD-5155,-13.4267,164.8394,500.9
NORAD-5183,-59.6470,-15.5558,966.6
NORAD-5188,-57.0426,76.0450,1472.1
NORAD-5203,-63.1681,-91.9367,1365.2
NORAD-5220,59.1168,153.3447,1537.5
NORAD-5225,52.6046,146.0805,920.3
NORAD-5240,34.2970,-47.3900,1849.7
NORAD-5272,65.3990,-105.4636,1604.1
NORAD-5277,-39.3373,-37.4567,972.5
NORAD-5280,-44.6669,-60.1236,800.6
NORAD-5322,-45.8044,142.2632,1076.3
NORAD-5337,62.8350,107.5932,1470.5
NORAD-5347,-56.0297,156.9380,950.8
NORAD-5361,-34.7476,20.6225,704.5
NORAD-5389,63.8236,-49.6169,1360.8
NORAD-5390,-16.0881,128.6523,933.9
NORAD-5392,15.5943,27.9086,889.0
NORAD-5416,-11.3115,-155.5338,932.8
NORAD-5422,0.8782,82.9650,782.9
NORAD-5426,31.7432,-51.1113,577.0
NORAD-5430,68.9512,-10.2175,863.7
NORAD-5435,7.5955,-103.9626,750.6
NORAD-5443,19.0472,26.2713,1398.5
NORAD-5446,-35.7285,119.8426,931.8
NORAD-5447,-44.6951,135.3062,1328.1
NORAD-5507,-69.9486,-84.0181,796.5
NORAD-5519,69.0035,-58.9343,751.8
NORAD-5556,68.2346,21.4606,780.6
NORAD-5599,-22.6971,-147.9961,545.7
NORAD-5632,-4.1912,-137.5653,11073.3
NORAD-5680,-14.0491,-141.4671,998.7
NORAD-5681,64.5976,-3.4064,980.8
NORAD-5690,-18.9342,-91.7476,1112.5
NORAD-5691,-79.8535,-149.8146,869.0
NORAD-5692,70.5609,-50.2888,1127.5
NORAD-5702,80.4665,-22.5490,2302.0
NORAD-5715,43.5687,-21.8174,912.4
NORAD-5745,10.3938,-26.1508,666.7
NORAD-5746,-26.1674,15.3908,818.8
NORAD-5748,2.0360,-59.8983,947.1
NORAD-5755,-24.5299,140.7304,735.1
NORAD-5763,58.2733,173.6765,1382.0
NORAD-5778,15.3455,20.8271,577.9
NORAD-5786,-54.0770,137.6309,977.0
NORAD-5816,21.5941,-22.3370,20843.8
NORAD-5824,-20.7299,135.9440,1169.6
NORAD-5876,52.1385,-159.1921,1984.6
NORAD-5922,-36.8969,-152.1488,1039.6
NORAD-5958,-48.5862,-7.4384,1051.7
NORAD-5971,40.9589,10.3593,1388.4
NORAD-5975,-25.3923,22.8658,10503.5
NORAD-5986,23.0647,25.1732,13585.8
NORAD-5991,12.2138,178.4760,27181.0
NORAD-5992,-21.0149,-82.6557,20956.3
NORAD-6052,-0.8582,170.7553,35826.1
NORAD-6058,-26.0873,36.7141,34170.9
NORAD-6139,-37.2607,-42.7099,855.0
NORAD-6215,-19.4317,97.0454,3528.0
NORAD-6216,-47.8011,-11.4127,730.5
NORAD-6302,67.0398,-43.0859,32020.5
NORAD-6318,-5.9746,70.2309,37861.0
NORAD-6747,62.2099,55.9374,970.5
NORAD-6748,35.4391,-171.2169,798.5
NORAD-6752,60.2139,58.6219,950.7
NORAD-6764,-54.2115,-128.8806,1240.9
NORAD-6765,52.2207,-8.1004,1056.9
NORAD-6766,47.1107,-44.5876,855.9
NORAD-6791,36.2321,72.5004,23031.4
NORAD-6823,35.2927,-5.4688,1465.0
NORAD-6824,76.8183,55.4008,1440.1
NORAD-6842,-49.5179,-26.8218,1903.4
NORAD-6843,-65.5572,-89.8698,537.0
NORAD-6916,28.0916,-27.5542,13336.9
NORAD-7017,30.4265,-179.3449,1517.2
NORAD-7023,28.6638,-122.1007,1548.8
NORAD-7027,26.7443,153.3774,1569.7
NORAD-7034,4.2427,56.7817,1487.3
NORAD-7035,4.3693,-11.4128,1685.0
NORAD-7043,49.7275,126.7888,1474.2
NORAD-7046,-40.5860,-93.6592,1591.1
NORAD-7058,-52.2626,-131.2331,1465.2
NORAD-7064,-39.6952,-54.9202,1232.1
NORAD-7065,-41.9077,-143.0588,1585.0
NORAD-7073,-60.1731,65.0875,1539.0
NORAD-7074,32.1480,16.9959,1319.9
NORAD-7081,38.6154,-170.7810,1305.1
NORAD-7084,-55.8750,-178.2276,1566.4
NORAD-7086,-64.6234,-158.4547,1513.7
NORAD-7091,-17.6083,7.3157,1664.2
NORAD-7092,-34.6190,31.6672,1089.9
NORAD-7126,-37.2571,-137.7124,1314.5
NORAD-7127,-4.0169,92.3262,1633.2
NORAD-7128,11.4277,12.8972,1426.4
NORAD-7129,-59.4026,90.3136,1604.3
NORAD-7135,-4.7403,-133.8779,1523.0
NORAD-7143,21.1592,96.5330,1506.7
NORAD-7155,70.9139,-151.6471,1414.0
NORAD-7160,1.7970,40.1934,1481.5
NORAD-7161,51.8019,-58.8666,1493.0
NORAD-7164,-76.1493,158.6053,1364.3
NORAD-7168,62.6637,53.0876,1486.7
NORAD-7174,-73.1683,-98.3409,1798.3
NORAD-7176,50.6451,-157.3205,1480.5
NORAD-7184,46.5193,-106.7181,1122.3
NORAD-7191,20.2586,-43.5512,1508.8
NORAD-7193,32.4472,-36.0650,1413.9
NORAD-7194,22.1560,-55.8684,1498.0
NORAD-7198,-67.8420,-178.4026,1368.2
NORAD-7200,-75.7523,120.0661,1526.8
NORAD-7203,3.4347,-68.3785,785.0
NORAD-7276,-59.8389,145.1759,1324.7
NORAD-7369,-15.8659,147.0619,13627.0
NORAD-7376,30.6656,-4.6227,16729.2
NORAD-7400,-23.9528,-129.3465,30375.7
NORAD-7466,-2.5775,171.4966,35918.7
NORAD-7489,14.6437,-78.0950,1594.9
NORAD-7545,3.2296,113.9611,28906.4
NORAD-7559,35.1930,60.2598,1480.6
NORAD-7578,4.5111,-94.6433,35883.8
NORAD-7629,-33.8275,-41.3727,12003.0
NORAD-7780,54.8398,88.4003,34968.9
NORAD-7800,20.6994,-156.2080,18145.2
NORAD-7850,5.5832,-148.2713,798.6
NORAD-7938,-20.7177,-13.9728,1382.1
NORAD-7939,-23.2661,15.6655,1419.4
NORAD-7940,-35.6447,-84.0440,646.6
NORAD-7957,-20.1721,103.8557,788.5
NORAD-7959,-76.4688,44.4148,770.9
NORAD-7964,-9.3499,46.5500,38563.6
NORAD-8018,11.5907,11.8959,16381.1
NORAD-8039,16.9527,-47.5438,879.9
NORAD-8137,-73.4964,51.9114,1444.9
NORAD-8144,49.2197,13.8968,1519.5
NORAD-8153,66.3896,87.7496,1683.0
NORAD-8158,71.4247,108.5397,1432.8
NORAD-8160,-4.4414,32.9860,1492.4
NORAD-8161,-39.7316,-81.7062,1711.7
NORAD-8162,-34.8597,-49.3498,1574.8
NORAD-8165,60.7067,-1.9319,1475.8
NORAD-8167,29.6564,124.3736,1140.9
NORAD-8173,-21.7053,63.4888,1510.1
NORAD-8178,30.5433,138.6828,1356.9
NORAD-8182,-77.7921,-87.5798,1458.2
NORAD-8195,63.1625,35.4675,38005.2
NORAD-8296,-59.3583,58.0330,1547.6
NORAD-8300,-17.2996,-151.3034,1868.0
NORAD-8305,20.8433,103.2544,1497.5
NORAD-8307,54.4080,-42.9117,2100.9
NORAD-8308,-69.7503,-99.9890,1528.1
NORAD-8394,-5.2364,-88.6267,1603.3
NORAD-8395,44.2023,-122.1019,1311.4
NORAD-8396,-22.7757,157.0459,1496.2
NORAD-8400,-46.8302,52.3532,1538.4
NORAD-8401,-49.7242,165.5495,1397.2
NORAD-8403,-70.3162,-150.9182,1488.0
NORAD-8405,-72.5523,107.8883,2263.2
NORAD-8406,17.9561,117.9294,1428.3
NORAD-8407,76.6473,-60.5526,1226.8
NORAD-8435,-70.0825,-26.0664,1704.3
NORAD-8438,-24.6380,27.8358,985.6
NORAD-8476,-7.7146,121.7378,35923.8
NORAD-8516,0.6444,167.6674,35768.7
NORAD-8546,-7.7697,55.5800,8427.2
NORAD-8556,-2.1453,32.1892,1412.9
NORAD-8562,-75.4773,-125.5976,1684.0
NORAD-8563,-63.1017,-33.3437,1457.3
NORAD-8564,-67.9828,4.2006,1376.0
NORAD-8567,-9.0411,136.0266,2339.8
NORAD-8592,39.1220,-14.7662,1548.3
NORAD-8594,-28.1746,-138.3266,1482.0
NORAD-8599,-54.7569,-125.5926,13738.2
NORAD-8601,63.6533,117.8255,37750.3
NORAD-8620,-6.2320,144.2945,35932.9
NORAD-8621,18.8253,51.9598,31437.1
NORAD-8688,-60.1559,131.5129,382.5
NORAD-8746,-12.5052,-103.1480,35926.4
NORAD-8747,-11.7100,-100.8394,35876.1
NORAD-8748,14.6949,-19.5551,118926.8
NORAD-8752,-4.6024,80.6936,81842.2
NORAD-8753,-10.9568,177.7273,126613.0
NORAD-8774,-8.8674,116.4002,36071.5
NORAD-8784,-51.5953,138.6086,1234.0
NORAD-8785,-58.6885,-142.7311,1614.2
NORAD-8789,57.0151,8.4856,1591.5
NORAD-8791,52.9163,-107.5549,1331.4
NORAD-8822,5.7439,79.7511,5880.5
NORAD-8832,20.2346,48.5427,35785.4
NORAD-8838,-6.6492,140.5549,35908.8
NORAD-8840,20.8357,175.6410,33036.1
NORAD-8868,33.5581,-146.1806,996.8
NORAD-8918,-0.7181,138.3956,35706.6
NORAD-8951,-23.8652,2.8622,681.6
NORAD-8954,14.6235,38.9376,826.1
NORAD-8959,-2.6326,51.4220,702.3
NORAD-8968,14.7780,34.1805,724.0
NORAD-9271,27.9311,-48.0495,18998.8
NORAD-9313,-71.8147,64.9648,814.5
NORAD-9320,11.4961,142.7076,676.2
NORAD-9330,0.5678,20.5875,9018.1
NORAD-9567,-35.1271,142.6411,851.6
NORAD-9568,-61.8874,-63.6043,1863.8
NORAD-9570,-28.8163,-170.1177,1555.4
NORAD-9651,-65.1761,38.0555,1720.8
NORAD-9696,-57.2823,52.7786,1470.0
NORAD-9697,41.8923,177.7958,1344.9
NORAD-9699,-17.6675,-168.7213,1507.0
NORAD-9702,-19.6240,-178.0984,1393.4
NORAD-9710,-14.2906,113.6282,779.7
NORAD-9724,63.5396,43.1125,980.0
NORAD-9726,58.0034,71.3856,1563.1
NORAD-9730,-9.5089,13.7895,1103.3
NORAD-9798,65.7328,-83.3843,1014.9
NORAD-9816,-9.3821,-21.6716,1331.6
NORAD-9826,61.2564,-107.1250,1632.1
NORAD-9835,37.1123,-120.4549,1442.4
NORAD-9855,3.3243,-115.8952,35719.0
NORAD-9880,60.6561,119.7711,38052.5
NORAD-9921,9.1663,31.4503,23373.7
NORAD-9931,23.3961,52.5381,34179.7
NORAD-9956,30.6924,74.4919,1563.6
NORAD-9958,-50.1121,-5.2746,1248.3
NORAD-9960,-58.2715,76.5140,1055.9
NORAD-9965,53.5204,-17.5859,2072.2
NORAD-9973,-4.7112,70.9043,822.2
NORAD-9975,-29.9383,-142.8747,1440.0
NORAD-9976,-26.2069,104.5095,1560.0
NORAD-9977,40.3429,-6.5572,1391.2
NORAD-9978,-26.0998,-168.0267,1539.3
NORAD-9979,-13.9124,-3.7358,1497.9
NORAD-9981,-12.5363,27.5692,2340.0
NORAD-9982,-11.8301,120.3211,1328.2
NORAD-9985,-32.4039,-147.2808,1513.3
NORAD-9986,-41.3634,28.0129,1286.7
NORAD-9987,-37.2131,-140.8312,1501.9
NORAD-10002,8.5769,-90.8087,36040.5
NORAD-10025,-3.5364,134.8899,26276.9
NORAD-10061,-6.3874,97.5185,36083.6
NORAD-10089,64.0260,106.6739,32509.3
NORAD-10091,-54.3562,128.0084,20150.6
NORAD-10150,18.6364,120.8474,32258.7
NORAD-10155,54.8409,-127.0929,28587.1
NORAD-10167,-45.6234,57.9582,39370.9
NORAD-10177,22.1104,-26.2835,1027.1
NORAD-10178,18.6593,116.8548,993.8
NORAD-10184,6.0375,-102.7877,1606.8
NORAD-10198,11.5986,144.4395,1597.8
NORAD-10206,18.5934,113.1535,1151.4
NORAD-10208,27.9039,-89.7459,517.1
NORAD-10211,-4.4629,72.5567,1882.0
NORAD-10220,16.5866,-47.8224,1101.8
NORAD-10221,28.6520,157.0697,810.7
NORAD-10240,-19.2858,53.1862,1633.4
NORAD-10251,19.4733,28.5054,1425.2
NORAD-10262,-0.4675,97.3132,1055.8
NORAD-10294,-6.4373,75.0349,35791.4
NORAD-10314,21.6419,-116.0541,587.5
NORAD-10338,14.6888,172.1234,1137.0
NORAD-10365,-4.0724,91.0610,35806.6
NORAD-10392,-4.6411,116.8052,1450.6
NORAD-10393,33.3421,-165.0016,1635.9
NORAD-10411,-20.5375,110.5589,1190.5
NORAD-10413,-2.1890,-50.5846,1668.3
NORAD-10417,-65.3765,-142.1132,1733.9
NORAD-10436,-26.4970,-37.9931,1502.4
NORAD-10438,60.2693,126.2744,1314.3
NORAD-10439,7.6090,-97.3872,2036.5
NORAD-10440,62.6252,-126.5694,948.9
NORAD-10441,-12.2003,164.9055,1217.9
NORAD-10443,-48.8379,150.0722,913.5
NORAD-10444,-26.7479,-81.8495,1724.7
NORAD-10446,46.3308,-30.6318,1352.1
NORAD-10448,65.9208,-2.0045,945.6
NORAD-10452,-50.3175,3.2215,1457.1
NORAD-10453,-31.1855,169.6572,977.1
NORAD-10455,12.8287,-118.6205,12826.8
NORAD-10463,13.9871,158.0433,997.7
NORAD-10466,43.8920,71.9678,950.5
NORAD-10485,63.8125,-160.0566,38138.7
NORAD-10519,1.2116,-40.7684,1472.4
NORAD-10529,-19.4808,36.5260,640.0
NORAD-10562,-58.8610,-5.9350,1195.7
NORAD-10563,28.3760,-135.8350,940.8
NORAD-10564,-50.3909,157.4454,1013.2
NORAD-10566,-12.9718,88.8450,1184.2
NORAD-10615,10.3314,-89.0311,969.9
NORAD-10618,37.8077,-101.5773,1527.0
NORAD-10621,-3.3189,171.6815,1975.2
NORAD-10626,-3.3338,119.8883,1485.0
NORAD-10629,-23.3278,-154.0474,1563.7
NORAD-10637,-9.8120,167.3132,33520.3
NORAD-10642,40.5282,15.8681,1523.2
NORAD-10643,-49.6472,50.5739,1533.3
NORAD-10644,-68.5581,72.9083,1386.9
NORAD-10647,1.5418,173.3631,1659.8
NORAD-10649,-51.9930,16.5062,1940.7
NORAD-10652,-66.7262,-4.0617,1614.3
NORAD-10659,21.2778,-163.4940,1678.4
NORAD-10661,64.1040,-103.4676,1147.8
NORAD-10684,-32.4086,-73.3763,20469.3
NORAD-10706,77.1250,-124.0249,1057.0
NORAD-10710,-74.5214,-82.1162,1755.9
NORAD-10712,-54.1161,12.3464,1574.3
NORAD-10714,65.4459,-58.1654,2065.9
NORAD-10715,56.9091,175.4433,2146.3
NORAD-10716,77.2458,-168.1929,1231.7
NORAD-10717,-68.3876,96.0164,1515.4
NORAD-10746,-61.7123,-34.2722,994.5
NORAD-10751,59.2517,31.2167,1688.5
NORAD-10752,36.6191,-29.3796,1272.6
NORAD-10755,-0.4290,-125.9966,1640.2
NORAD-10756,52.4686,112.0897,1429.9
NORAD-10757,-77.0960,-126.0928,1769.1
NORAD-10760,-65.3325,-120.8548,1930.9
NORAD-10763,-20.9511,49.9418,1510.2
NORAD-10769,-74.9556,174.9490,1541.1
NORAD-10792,-4.0716,44.9686,35801.5
NORAD-10823,60.5232,8.1064,1475.4
NORAD-10824,-78.0566,62.8707,896.9
NORAD-10829,71.0446,-4.3226,1487.4
NORAD-10831,-33.5499,52.5924,1459.6
NORAD-10832,-77.1693,74.1073,1645.1
NORAD-10834,-35.1495,178.4063,1510.3
NORAD-10835,-51.0002,-2.6181,958.8
NORAD-10837,-19.9298,178.6663,1561.4
NORAD-10844,41.2640,120.1226,1052.8
NORAD-10845,26.9569,2.8530,1518.7
NORAD-10864,-47.4914,163.1350,1533.2
NORAD-10865,-28.3964,28.6917,1683.3
NORAD-10866,43.7210,31.1952,1432.4
NORAD-10868,22.7584,108.0399,1552.3
NORAD-10869,-16.3531,-147.8079,1521.9
NORAD-10872,-29.5751,-105.8381,1630.6
NORAD-10875,51.7686,15.0826,1500.2
NORAD-10876,27.9474,-72.6232,1475.6
NORAD-10883,-0.2860,-97.1057,987.8
NORAD-10886,-26.5609,28.6400,994.7
NORAD-10888,33.4706,-96.9087,1096.9
NORAD-10889,58.3362,-2.1719,926.9
NORAD-10893,-23.5333,151.2637,19494.6
NORAD-10894,18.2247,-156.1121,14534.2
NORAD-10925,49.5387,-101.9736,29526.7
NORAD-10942,-7.5118,-134.3796,41992.5
NORAD-10949,50.7625,-92.3025,31649.1
NORAD-10953,-6.3319,124.9940,36047.9
NORAD-10975,-7.7946,82.5691,36091.3
NORAD-10976,-11.6755,1.1553,31002.0
NORAD-11054,38.8061,-12.0621,20832.7
NORAD-11057,-6.9946,-41.5327,10348.3
NORAD-11079,26.9152,179.2134,12048.4
NORAD-11113,11.5388,-16.3784,610.6
NORAD-11141,-54.6472,-79.8981,21065.2
NORAD-11142,49.2506,59.7523,13551.4
NORAD-11145,-6.1499,63.8251,36300.6
NORAD-11153,3.9491,-127.0372,35879.9
NORAD-11256,0.3447,171.0377,40378.8
NORAD-11261,-7.9705,139.8571,33129.6
NORAD-11343,-5.2543,84.0448,35778.1
NORAD-11397,-6.1908,68.7488,36208.2
NORAD-11417,30.6293,94.8453,33407.9
NORAD-11436,-3.0876,160.3922,35791.2
NORAD-11484,-5.6701,-179.6942,35875.3
NORAD-11560,5.6894,-19.1381,32060.2
NORAD-11570,-4.7225,118.1119,36558.3
NORAD-11621,-6.6724,65.9215,37157.9
NORAD-11622,2.3811,-145.5809,36337.1
NORAD-11623,-7.5604,65.8817,38348.1
NORAD-11648,-4.6202,51.9054,35771.5
NORAD-11684,-1.0308,176.0358,36186.9
NORAD-11690,24.5368,108.2354,19357.4
NORAD-11705,2.2408,-116.5637,3656.7
NORAD-11778,46.5109,1.2819,1242.7
NORAD-11783,-38.6250,-14.2731,21386.2
NORAD-11792,16.4019,53.2162,21171.9
NORAD-11847,-67.1273,142.0174,4514.5
NORAD-11871,-62.7278,-156.8627,16694.9
NORAD-11888,-55.0427,66.6844,25536.2
NORAD-11896,63.7704,-85.0656,38767.2
NORAD-11909,63.7511,-1.1750,39026.4
NORAD-11940,0.2666,136.7933,35971.1
NORAD-11964,2.8732,-143.4471,36083.9
NORAD-11970,-16.2064,124.9140,34247.1
NORAD-12046,-4.6619,161.3857,36181.0
NORAD-12065,-4.8905,-178.8277,35946.5
NORAD-12078,52.3275,-39.3452,19239.6
NORAD-12093,46.8012,125.0795,27253.8
NORAD-12102,18.6010,87.4746,1288.9
NORAD-12170,-58.4900,126.0372,815.3
NORAD-12183,65.1105,-49.6373,814.0
NORAD-12193,13.1935,90.7474,774.1
NORAD-12222,3.6390,173.0182,924.2
NORAD-12236,26.6965,-83.5951,952.4
NORAD-12242,-68.8425,44.2695,914.4
NORAD-12255,-36.1773,-167.8083,906.5
NORAD-12262,80.8757,142.7449,800.2
NORAD-12266,49.6210,-146.7791,834.0
NORAD-12278,-36.5654,-83.9379,734.6
NORAD-12295,4.6230,-15.2001,507.5
NORAD-12303,58.5345,28.4160,22811.5
NORAD-12311,66.3177,49.8049,28804.2
NORAD-12329,-42.7104,130.8019,738.6
NORAD-12363,8.7319,17.5227,3634.9
NORAD-12372,-4.4670,-65.6030,698.2
NORAD-12376,68.5239,58.7141,12075.6
NORAD-12384,0.1804,141.0885,35958.4
NORAD-12446,24.8786,-33.4390,11604.1
NORAD-12472,5.3001,-117.5093,35805.4
NORAD-12474,8.8459,-16.3147,36204.2
NORAD-12497,22.0878,50.3178,6737.3
NORAD-12527,42.3777,35.0182,1492.3
NORAD-12532,-32.8418,82.9939,1303.7
NORAD-12533,-60.5076,63.3964,1460.2
NORAD-12534,-37.3343,152.8447,1538.1
NORAD-12535,-39.3798,-172.7471,1668.3
NORAD-12539,-61.5723,15.4116,1130.0
NORAD-12540,11.6860,21.0563,1513.2
NORAD-12546,0.7531,63.8155,13413.1
NORAD-12580,-14.2950,-49.3376,1581.3
NORAD-12581,22.8008,135.5473,1541.6
NORAD-12624,15.5099,-59.9020,23231.5
NORAD-12627,26.6765,152.1786,32666.1
NORAD-12635,-6.5953,172.1187,36303.8
NORAD-12647,79.1171,69.6145,1827.2
NORAD-12679,51.7846,-59.7146,19576.1
NORAD-12680,49.1133,94.7467,12491.9
NORAD-12698,-65.6179,126.5349,787.5
NORAD-12699,15.5561,24.6256,1003.9
NORAD-12701,76.3718,-56.3751,937.0
NORAD-12711,41.8634,73.9672,949.0
NORAD-12735,-82.9084,-158.6313,966.1
NORAD-12737,10.2973,-22.6103,1010.3
NORAD-12745,-23.0581,8.0946,932.4
NORAD-12749,-79.1674,177.4171,1017.9
NORAD-12757,30.0745,100.0340,925.7
NORAD-12758,82.8536,58.6953,938.7
NORAD-12759,-71.2605,136.3746,869.4
NORAD-12773,-81.0000,57.3492,669.5
NORAD-12775,-16.0414,140.8274,928.6
NORAD-12814,-58.0343,38.7570,24001.8
NORAD-12817,-63.2817,153.3150,17468.0
NORAD-12818,31.7285,-105.5412,8007.3
NORAD-12825,-45.3507,-38.4677,961.8
NORAD-12834,-41.7982,-162.7531,31267.7
NORAD-12851,-5.9134,100.9946,35596.3
NORAD-12857,19.0721,22.1425,929.8
NORAD-12861,-52.8115,69.2305,1072.9
NORAD-12863,-8.8690,153.3044,1034.3
NORAD-12865,63.7456,138.7364,964.7
NORAD-12867,62.9952,2.9857,1109.1
NORAD-12892,-58.6669,-145.4667,26774.4
NORAD-12893,-15.6498,64.0191,37938.2
NORAD-12894,68.0742,99.3069,15995.7
NORAD-12897,-6.2019,75.5315,35774.0
NORAD-12907,-16.3488,-120.3293,3187.3
NORAD-12940,0.8735,-41.8871,35975.1
NORAD-12950,-83.0031,-128.9088,816.4
NORAD-12952,-69.4770,53.2267,917.9
NORAD-12967,-4.6758,-158.1319,35821.8
NORAD-12984,20.3380,70.3148,36119.4
NORAD-12993,-21.6572,164.0086,34407.8
NORAD-12994,7.7310,-3.4865,36152.6
NORAD-13010,-10.2630,103.5194,36860.9
NORAD-13012,49.9482,97.5457,31461.9
NORAD-13035,-3.8166,-149.1085,36142.8
NORAD-13056,6.9745,-88.5419,35913.9
NORAD-13069,-11.7942,116.0564,35926.3
NORAD-13070,56.4424,59.4416,38025.6
NORAD-13075,58.5897,53.5982,31272.6
NORAD-13080,-69.2184,-166.8181,5356.1
NORAD-13086,8.8882,-84.9343,36395.7
NORAD-13092,-4.4508,161.4976,36237.3
NORAD-13124,6.3716,-144.6450,30678.3
NORAD-13129,-6.9058,114.7089,35842.0
NORAD-13131,73.0312,66.9727,1264.3
NORAD-13133,27.4180,-177.6251,3568.0
NORAD-13169,2.0942,38.6048,23095.4
NORAD-13177,-7.8615,81.5078,35812.2
NORAD-13298,-23.5488,159.1177,33187.7
NORAD-13364,63.8373,-62.5017,946.7
NORAD-13431,-8.0826,86.3842,35856.2
NORAD-13464,-28.6637,111.5122,775.4
NORAD-13466,46.1713,74.6741,1120.5
NORAD-13467,3.3305,-74.1318,700.7
NORAD-13472,12.8692,28.8853,771.8
NORAD-13483,-76.0629,176.0680,837.7
NORAD-13489,69.9531,-18.5045,933.7
NORAD-13490,-49.1543,175.9633,1035.3
NORAD-13492,-41.4132,60.3597,1005.7
NORAD-13505,-37.3074,155.9877,1047.7
NORAD-13510,-40.0402,48.7508,1160.7
NORAD-13512,4.5673,-160.7377,716.6
NORAD-13515,44.2122,-93.6741,1259.9
NORAD-13524,-70.1053,-133.1034,1507.9
NORAD-13525,44.4134,-113.5578,1522.7
NORAD-13529,-45.6510,149.1982,1567.6
NORAD-13530,-7.0810,-174.7889,1442.6
NORAD-13531,5.1728,53.1544,1693.4
NORAD-13532,-47.9256,24.0276,1507.3
NORAD-13533,38.1716,-135.7013,1880.7
NORAD-13536,26.5759,173.2807,2009.4
NORAD-13537,-53.0616,-135.2718,1525.0
NORAD-13554,-6.8274,87.4026,35858.4
NORAD-13564,-30.6767,-171.5933,881.0
NORAD-13565,-49.9229,-158.1029,882.4
NORAD-13580,18.3907,-66.1365,757.5
NORAD-13594,-57.5659,26.5630,924.5
NORAD-13603,49.9493,-7.2996,19052.6
NORAD-13606,-7.9098,146.9179,19321.9
NORAD-13607,42.5715,-15.7036,19063.6
NORAD-13610,36.3419,117.5460,19055.1
NORAD-13619,-26.4385,-16.7408,856.2
NORAD-13624,-0.1758,-166.9071,35773.2
NORAD-13636,11.4080,-70.2477,37321.2
NORAD-13637,12.3289,-50.2429,36523.8
NORAD-13643,9.2560,-75.5303,35879.2
NORAD-13652,12.1883,-55.8540,35891.2
NORAD-13658,-22.6289,96.2828,26403.7
NORAD-13666,-22.4249,94.7359,22618.6
NORAD-13669,-8.5116,91.6017,36405.7
NORAD-13782,9.9744,-71.1173,36049.1
NORAD-13797,65.0325,-155.7549,971.8
NORAD-13802,55.7609,-27.1208,988.6
NORAD-13804,-43.4431,-60.5921,796.3
NORAD-13808,78.6313,2.7463,871.6
NORAD-13810,-39.6842,74.0609,1048.4
NORAD-13811,65.7189,-88.0890,830.6
NORAD-13814,9.7415,-38.7213,660.9
NORAD-13816,35.6294,-42.0864,961.9
NORAD-13875,27.0652,52.3652,13776.4
NORAD-13882,54.8817,-117.8822,32388.4
NORAD-13890,42.4976,-147.3994,24832.5
NORAD-13897,54.1041,138.6591,27556.6
NORAD-13899,-0.2813,-169.4141,36354.6
NORAD-13901,65.3059,101.5575,33341.7
NORAD-13904,57.6567,-143.4989,12901.4
NORAD-13907,-0.3412,170.4573,36869.7
NORAD-13908,62.7568,97.4339,11742.8
NORAD-13910,60.2056,57.0036,11565.2
NORAD-13942,0.0834,32.1227,1195.5
NORAD-13946,9.2375,81.6923,1425.6
NORAD-13947,65.3457,-74.7331,1130.0
NORAD-13948,-58.4828,162.9931,953.6
NORAD-13954,-6.3317,66.3222,36530.9
NORAD-13957,-3.9411,100.6635,3960.4
NORAD-13961,-49.3976,-55.1424,6251.9
NORAD-13984,10.7894,-74.7700,35902.5
NORAD-13999,-20.2832,32.0864,39086.3
NORAD-14048,-69.3205,-91.6975,1273.9
NORAD-14049,-11.9913,-98.6658,1323.9
NORAD-14050,3.0018,-129.3137,35805.0
NORAD-14064,33.9038,-89.2881,472.2
NORAD-14069,-15.6125,130.3896,48059.5
NORAD-14077,-7.5945,-171.0826,35977.2
NORAD-14115,-5.9107,122.5165,35493.6
NORAD-14117,-0.8527,178.7989,35738.1
NORAD-14122,-51.6161,171.1077,604.7
NORAD-14128,7.9337,-96.0967,36217.1
NORAD-14131,-56.0799,91.6659,3645.4
NORAD-14135,-12.0869,-132.9558,23758.6
NORAD-14136,2.7776,107.5537,13885.0
NORAD-14160,8.0341,-95.5934,36324.1
NORAD-14182,-49.7274,119.3240,9732.4
NORAD-14189,-63.1446,-119.6079,21486.7
NORAD-14190,60.2632,-44.2421,12912.3
NORAD-14191,39.3636,163.1632,30331.2
NORAD-14192,58.1573,162.4935,34012.3
NORAD-14193,-4.8283,103.7692,35349.9
NORAD-14195,-2.6169,163.6242,35811.4
NORAD-14223,-54.2745,-39.2514,802.5
NORAD-14228,61.2946,-29.4042,1008.8
NORAD-14238,62.6712,82.3439,30585.6
NORAD-14258,15.3256,-27.8381,19095.6
NORAD-14259,-43.9964,156.7427,18944.6
NORAD-14260,33.3760,128.5031,19163.6
NORAD-14264,-64.0907,-109.5199,19147.7
NORAD-14278,1.6222,123.0866,9222.0
NORAD-14328,-13.7668,132.0631,36103.7
NORAD-14358,25.8066,-161.2789,750.0
NORAD-14377,-7.7100,101.3426,35793.7
NORAD-14402,26.6656,15.6772,774.0
NORAD-14408,7.6078,-127.1547,1081.4
NORAD-14430,43.7491,-86.2367,913.2
NORAD-14446,37.4496,-34.0568,983.4
NORAD-14458,-64.4652,39.6742,914.6
NORAD-14460,-73.4196,25.5583,1059.1
NORAD-14464,79.1790,-117.5840,880.8
NORAD-14465,1.2074,54.4314,769.2
NORAD-14467,-27.1169,132.5525,1033.3
NORAD-14469,74.1505,-39.7997,1074.2
NORAD-14470,-61.3221,1.2950,1394.2
NORAD-14471,46.4646,-118.2204,1544.6
NORAD-14473,-12.1056,-156.9900,1364.3
NORAD-14474,-1.7048,144.2315,1831.0
NORAD-14478,9.5754,67.6259,1718.9
NORAD-14497,-18.7425,97.2116,991.1
NORAD-14503,25.3077,53.9690,1400.7
NORAD-14504,11.0030,-143.3848,859.4
NORAD-14509,65.3358,-110.9127,1666.0
NORAD-14510,-75.4807,60.9555,1696.2
NORAD-14512,-10.0702,-88.0940,2229.3
NORAD-14524,6.1534,155.3740,9704.6
NORAD-14532,-9.5565,113.3288,36349.0
NORAD-14557,38.2605,20.5270,776.1
NORAD-14563,-6.6682,56.9347,497.7
NORAD-14564,-9.9275,9.8651,699.1
NORAD-14565,-5.4805,-5.7076,1836.3
NORAD-14568,58.0210,-169.8209,727.5
NORAD-14590,28.2499,-125.3335,19156.9
NORAD-14592,56.7927,-5.3898,19033.5
NORAD-14595,-15.4007,-151.0461,19232.6
NORAD-14608,43.0652,-107.5895,15297.4
NORAD-14620,-83.3322,105.3733,9336.6
NORAD-14716,43.1820,87.2531,1281.8
NORAD-14725,-7.2977,81.7173,35785.7
NORAD-14729,-53.6806,109.1076,1192.0
NORAD-14736,70.1466,120.9027,24920.2
NORAD-14741,2.7889,-157.6945,1038.4
NORAD-14783,-8.0536,76.7516,35772.3
NORAD-14796,23.7712,148.5995,32789.7
NORAD-14806,66.1959,-14.9981,691.6
NORAD-14809,5.8850,-45.1568,709.6
NORAD-14821,8.1029,-103.1066,37023.3
NORAD-14839,22.2324,-12.9873,1415.3
NORAD-14879,77.3053,-121.9308,1481.8
NORAD-14880,-67.6096,37.5438,1507.8
NORAD-14883,-76.3423,-20.7576,1863.4
NORAD-14884,-71.2318,156.3188,5654.0
NORAD-14894,-57.3897,142.6554,9212.5
NORAD-14899,-9.4406,121.7902,35805.5
NORAD-14900,4.9276,28.8349,29476.9
NORAD-14904,20.8011,-176.2511,1384.3
NORAD-14905,-16.7611,-52.6174,1781.5
NORAD-14907,-61.4411,78.9483,1112.2
NORAD-14909,51.6481,111.4815,900.5
NORAD-14913,-42.2337,120.3595,866.1
NORAD-14919,27.5605,-140.7691,1225.7
NORAD-14930,10.1654,-64.9248,36278.5
NORAD-14931,-8.7225,119.1987,35463.9
NORAD-14940,-8.2788,96.1958,35774.4
NORAD-14977,2.2616,-138.8981,19177.5
NORAD-14978,5.3790,-137.0437,19168.9
NORAD-14984,-30.8820,55.5698,19112.4
NORAD-15054,-12.5907,-176.4549,396.3
NORAD-15095,30.1665,74.7591,26636.8
NORAD-15098,-66.1414,117.1911,5917.2
NORAD-15141,-9.5115,103.8300,36539.0
NORAD-15144,-2.0656,-167.4596,35787.7
NORAD-15152,-5.1527,-172.6163,35940.8
NORAD-15159,11.4477,-70.1720,36178.4
NORAD-15181,-8.9552,115.5868,35737.6
NORAD-15199,-3.2462,70.4339,49153.0
NORAD-15202,26.7168,179.4001,3648.4
NORAD-15206,19.7910,134.1542,47119.6
NORAD-15214,58.4838,135.5138,33896.1
NORAD-15223,62.8421,-121.0080,38118.5
NORAD-15226,-57.3118,-75.7271,2767.8
NORAD-15227,57.1234,-169.5210,31744.6
NORAD-15245,-7.3416,-78.8389,817.7
NORAD-15246,22.8018,-156.3886,15811.9
NORAD-15259,4.5756,142.6268,19090.7
NORAD-15260,47.5462,-2.5324,19175.8
NORAD-15261,37.0369,-16.0483,19253.7
NORAD-15264,38.6281,122.0455,19131.7
NORAD-15266,48.2201,-37.5772,13723.6
NORAD-15270,60.2056,84.2727,21502.6
NORAD-15271,-18.8935,13.3719,20550.3
NORAD-15272,23.0032,-6.8381,12302.5
NORAD-15350,4.6229,66.9257,28886.4
NORAD-15384,10.1910,-66.3811,36357.8
NORAD-15387,7.5698,136.6201,32501.9
NORAD-15388,6.7589,94.2190,18526.3
NORAD-15402,1.0156,156.9626,12445.6
NORAD-15453,10.9192,-74.8812,36201.0
NORAD-15472,-43.7006,-71.4053,1422.5
NORAD-15519,30.1388,-66.9767,1751.6
NORAD-15523,-65.6689,-121.8113,1077.3
NORAD-15530,71.4834,-75.3431,1263.3
NORAD-15535,43.7894,-62.6840,655.6
NORAD-15540,-59.6556,46.7370,1665.6
NORAD-15542,-1.0505,125.8599,1001.3
NORAD-15543,-4.8849,-176.4671,35826.3
NORAD-15544,12.5849,77.4960,28908.8
NORAD-15545,6.9576,-122.6450,35637.4
NORAD-15559,-46.0549,49.3795,994.8
NORAD-15561,-13.5135,130.1923,35998.5
NORAD-15574,-2.2386,-167.1012,35776.1
NORAD-15581,-7.8658,83.2970,35941.0
NORAD-15697,51.5385,109.1551,19131.2
NORAD-15698,30.9735,128.4895,19150.5
NORAD-15699,-32.0894,-51.9739,19122.4
NORAD-15702,39.1408,-13.9455,19035.0
NORAD-15714,-48.8188,-12.4316,12624.1
NORAD-15767,53.1570,114.8434,562.9
NORAD-15768,43.7588,89.0801,851.3
NORAD-15774,56.6003,-63.6862,823.3
NORAD-15775,-50.6019,153.3200,1251.3
NORAD-15783,16.7948,68.1726,608.9
NORAD-15785,-41.3062,134.9921,659.3
NORAD-15788,-47.2080,-0.6472,985.6
NORAD-15789,56.1719,27.2761,1070.1
NORAD-15824,10.3795,-77.1118,36019.8
NORAD-15825,-11.8959,120.3007,35797.8
NORAD-15827,-66.9857,-106.3169,31709.3
NORAD-15832,-6.5795,-90.1897,20037.5
NORAD-15836,-13.8702,111.7414,27349.3
NORAD-15837,-22.2521,70.0182,35292.1
NORAD-15873,-12.5157,122.3687,35893.8
NORAD-15946,-2.7638,-167.6357,35778.2
NORAD-15952,63.5435,-11.8700,24828.3
NORAD-15993,-11.3582,109.5090,35947.0
NORAD-16020,44.9790,-95.7315,1191.9
NORAD-16064,-27.2556,-37.6605,21124.7
NORAD-16070,35.3657,134.3614,29213.9
NORAD-16103,67.5438,29.0736,21009.9
NORAD-16106,-31.9722,-138.5747,37302.4
NORAD-16118,-12.5466,15.8791,16997.7
NORAD-16119,7.5398,-21.2531,35413.3
NORAD-16129,-19.1148,-33.2133,20991.7
NORAD-16137,59.9576,19.2923,7813.4
NORAD-16140,-41.0499,-60.3589,1421.6
NORAD-16183,41.4421,159.2418,27995.1
NORAD-16186,36.8604,64.6353,31367.1
NORAD-16211,58.4988,-74.3074,982.3
NORAD-16267,-71.0173,12.9225,1248.1
NORAD-16271,82.1386,-92.9775,1404.8
NORAD-16272,-40.7585,-154.5652,1361.8
NORAD-16274,-6.8759,-138.1307,36012.5
NORAD-16293,-7.1456,-97.0312,13845.1
NORAD-16294,-0.0150,43.9274,11524.0
NORAD-16295,21.2730,-58.0509,15032.7
NORAD-16377,-32.1498,-162.7020,864.1
NORAD-16378,65.6593,43.2935,954.8
NORAD-16384,-37.1354,-69.4472,1005.7
NORAD-16393,60.5013,-135.5286,27985.1
NORAD-16396,57.4308,-7.8712,19128.1
NORAD-16398,62.4499,-84.6435,19132.7
NORAD-16402,34.0463,-57.5596,24637.9
NORAD-16445,17.9353,-115.1643,16882.8
NORAD-16446,40.4669,6.0299,9327.0
NORAD-16496,-51.2383,34.7619,592.5
NORAD-16527,-65.9670,29.7697,19596.7
NORAD-16528,22.3390,177.8699,30340.8
NORAD-16533,-52.4168,-11.6869,8533.1
NORAD-16649,-14.1852,151.0318,35935.2
NORAD-16657,5.1821,-10.2230,34115.7
NORAD-16715,-10.1232,-103.6403,1038.2
NORAD-16769,-9.6412,107.2844,35780.0
NORAD-16849,-26.1593,-73.7616,5826.5
NORAD-16854,-30.9996,9.1933,26914.2
NORAD-16870,11.0106,-59.8062,36501.0
NORAD-16961,62.8848,78.2506,19135.5
NORAD-16962,25.2248,131.6566,19145.0
NORAD-16963,4.6023,141.9364,19144.9
NORAD-16968,-9.7222,-41.2004,19166.0
NORAD-17000,1.1353,142.3586,1454.5
NORAD-17018,-32.7770,140.3905,1854.0
NORAD-17023,59.7646,22.0202,1443.9
NORAD-17024,26.7876,112.6806,1945.1
NORAD-17081,-1.5569,17.7180,10757.3
NORAD-17093,53.8651,81.7165,1285.5
NORAD-17104,63.2988,122.9249,1009.0
NORAD-17107,13.6528,16.0460,888.4
NORAD-17147,40.8561,106.5016,33749.7
NORAD-17164,29.2407,105.1678,1216.5
NORAD-17181,-7.5526,-163.5307,36002.8
NORAD-17213,17.7088,44.4508,10219.1
NORAD-17216,29.2336,150.0425,22151.7
NORAD-17219,-62.3960,8.7004,710.7
NORAD-17254,4.5531,131.1204,10233.1
NORAD-17269,-31.7874,115.9699,941.0
NORAD-17271,40.5491,-87.4259,875.0
NORAD-17328,61.7445,-115.9620,39078.4
NORAD-17333,63.0760,24.2829,31987.5
NORAD-17507,36.0666,160.1893,15865.4
NORAD-17563,17.6914,22.0675,19473.5
NORAD-17614,0.8762,-52.1831,836.2
NORAD-17615,11.6753,167.1621,868.7
NORAD-17623,37.2117,-77.1509,867.3
NORAD-17624,32.7744,130.4073,726.4
NORAD-17626,-16.0959,32.8717,1091.8
NORAD-17629,9.3942,69.5066,904.6
NORAD-17631,43.4099,-78.8812,1014.0
NORAD-17633,-47.4511,7.5649,847.8
NORAD-17637,82.5431,158.2194,1041.4
NORAD-17639,-77.5323,-148.2621,1113.7
NORAD-17648,54.2312,12.3661,790.1
NORAD-17702,15.1501,96.4140,710.1
NORAD-17728,-58.5476,24.4470,1467.4
NORAD-17754,18.6727,103.5779,717.2
NORAD-17764,-47.5870,-79.0885,846.7
NORAD-17765,77.6275,124.2622,927.0
NORAD-17792,17.3649,133.7916,863.7
NORAD-17793,-16.2708,-161.9902,1112.9
NORAD-17794,38.6671,139.4402,903.5
NORAD-17798,-20.7995,-7.3526,996.4
NORAD-17799,-54.5966,132.0248,915.0
NORAD-17815,-58.4226,72.6429,771.2
NORAD-17838,-56.0788,156.6638,1161.3
NORAD-17972,7.6210,-75.3802,35076.0
NORAD-18009,-39.0258,51.1660,1191.5
NORAD-18103,-68.0543,-41.1678,25918.3
NORAD-18232,12.2893,145.9937,1017.3
NORAD-18268,68.6519,-103.0578,1252.1
NORAD-18272,-19.9063,21.1049,1028.3
NORAD-18278,-57.2101,103.8854,945.7
NORAD-18279,-1.9754,-60.8538,859.4
NORAD-18290,-81.9867,79.8481,770.3
NORAD-18302,-79.7665,-78.2077,1111.3
NORAD-18331,9.5564,-60.9374,35461.5
NORAD-18351,-2.5767,-136.0094,36219.2
NORAD-18356,27.2604,17.5357,19104.4
NORAD-18357,-39.4673,52.8831,19082.9
NORAD-18360,-63.0031,146.1669,19102.4
NORAD-18365,-61.0162,141.9786,1118.3
NORAD-18374,13.1301,-33.9188,18409.5
NORAD-18375,57.2812,-21.9223,8277.0
NORAD-18387,-9.7424,101.7451,35739.8
NORAD-18413,65.7879,-75.4697,962.9
NORAD-18414,-25.3235,-88.2858,954.0
NORAD-18417,-7.6064,28.1535,934.4
NORAD-18426,-33.7502,143.2584,1039.6
NORAD-18429,-64.4715,152.9698,1759.9
NORAD-18431,-58.6743,-125.5715,1524.2
NORAD-18446,-10.6893,120.6461,35725.8
NORAD-18463,43.8557,-116.3515,1600.9
NORAD-18467,-22.0051,-82.3229,878.3
NORAD-18472,40.9686,114.7374,1345.6
NORAD-18477,-64.6353,-51.4009,724.4
NORAD-18490,-16.1899,-165.0640,1075.9
NORAD-18496,58.4130,5.5091,966.2
NORAD-18502,-43.3717,-25.5586,701.5
NORAD-18504,-61.6055,-106.4254,546.9
NORAD-18505,-43.6107,-45.1685,864.1
NORAD-18513,-74.9514,126.0264,834.8
NORAD-18518,6.1985,148.5399,1637.0
NORAD-18525,61.4262,55.1405,940.8
NORAD-18530,44.5214,-112.9465,1113.2
NORAD-18539,-77.9970,64.8628,1482.2
NORAD-18549,-61.4521,-82.3567,777.2
NORAD-18551,-61.7348,-87.3637,1011.5
NORAD-18556,-60.1172,93.9497,689.9
NORAD-18560,2.2166,133.5450,1032.1
NORAD-18561,-13.5401,3.2650,1003.8
NORAD-18562,-21.3593,46.5843,1213.2
NORAD-18565,-59.2633,-0.9329,1090.0
NORAD-18571,-3.2056,-134.7380,16627.9
NORAD-18589,19.7140,-7.4118,3046.8
NORAD-18591,16.4745,-79.8068,1456.4
NORAD-18592,7.0421,-46.0532,785.7
NORAD-18599,-51.5541,-95.9261,1136.5
NORAD-18600,47.6947,-12.7094,2213.4
NORAD-18601,16.2556,-101.4919,811.6
NORAD-18602,55.6552,168.3950,1613.9
NORAD-18606,3.9870,159.0978,1095.1
NORAD-18615,16.7422,-4.2298,2863.0
NORAD-18631,9.5858,-84.5760,35771.2
NORAD-18637,81.9691,-154.0746,767.4
NORAD-18645,-69.9258,-115.5099,1588.4
NORAD-18647,-17.5359,39.8657,1546.4
NORAD-18648,32.5669,123.2967,789.8
NORAD-18651,54.5837,138.1050,2003.4
NORAD-18670,89.7556,143.3115,1251.6
NORAD-18671,-56.5270,49.6829,1457.8
NORAD-18688,-51.7235,90.2814,3684.3
NORAD-18689,-47.4580,-9.6879,1617.8
NORAD-18691,-66.4959,69.0408,1310.3
NORAD-18693,-71.7420,170.3320,1445.9
NORAD-18697,-52.9582,4.8726,693.4
NORAD-18701,-44.5038,64.0197,26783.0
NORAD-18704,-28.7580,-9.7691,30820.5
NORAD-18718,-10.6245,116.5552,35376.2
NORAD-18730,-40.9715,152.9357,1605.5
NORAD-18746,-69.8734,-29.4821,1301.4
NORAD-18752,-12.7333,-170.0104,1435.7
NORAD-18755,32.0617,113.8202,1474.1
NORAD-18779,66.8780,72.0275,719.3
NORAD-18783,46.7241,-81.0875,1270.2
NORAD-18800,-62.2233,-147.1010,1531.7
NORAD-18801,7.5659,-3.6005,1347.1
NORAD-18805,38.3452,139.6036,1509.6
NORAD-18866,48.2325,157.6652,831.5
NORAD-18870,-45.5486,167.9716,1806.6
NORAD-18881,-26.7645,155.3003,33964.4
NORAD-18883,-17.1806,11.9575,37048.1
NORAD-18946,60.8449,-105.1087,37543.7
NORAD-18949,56.0987,136.7838,35519.5
NORAD-18951,-13.2537,135.8740,35956.0
NORAD-18953,-2.5637,116.9456,27836.2
NORAD-19000,-45.0642,-127.2959,1551.3
NORAD-19005,11.9867,-2.2476,1480.9
NORAD-19008,15.5889,5.4719,2100.8
NORAD-19025,26.0849,173.5534,782.7
NORAD-19026,-41.9910,16.2085,987.9
NORAD-19027,32.5391,112.6442,818.0
NORAD-19030,56.2422,-61.7101,3643.4
NORAD-19033,71.2282,46.2143,1417.1
NORAD-19047,-41.0258,152.2411,833.7
NORAD-19048,4.1211,-59.5153,650.9
NORAD-19051,-39.6431,41.2714,3673.2
NORAD-19090,11.3155,-77.6471,37247.5
NORAD-19111,9.9230,88.9623,1379.6
NORAD-19113,57.8806,-93.5019,1216.3
NORAD-19122,7.3712,-99.0810,25221.6
NORAD-19143,54.6995,-34.3150,1176.1
NORAD-19144,48.7302,124.9426,1689.4
NORAD-19150,-48.7079,39.9974,833.9
NORAD-19163,1.4766,144.9026,19138.9
NORAD-19164,-55.8125,-171.1101,19086.3
NORAD-19165,30.6999,129.2176,19144.9
NORAD-19168,44.6027,116.0082,19102.4
NORAD-19169,63.4308,-132.9874,10628.1
NORAD-19170,-7.5250,2.2044,17969.4
NORAD-19175,71.0977,115.8228,895.6
NORAD-19176,37.6471,-159.5103,1591.6
NORAD-19178,-59.0997,-71.3652,1603.6
NORAD-19181,57.1683,-10.2921,1065.0
NORAD-19183,-56.2665,-54.3328,1071.2
NORAD-19217,-10.3987,-147.8132,36039.4
NORAD-19221,-62.3748,153.8303,1525.5
NORAD-19226,58.6946,42.0131,1672.5
NORAD-19232,-30.3066,-24.4919,1842.5
NORAD-19242,-64.0781,-80.5018,1286.1
NORAD-19244,-61.1799,9.7605,1227.6
NORAD-19250,33.7394,178.3571,872.5
NORAD-19290,-78.8859,89.6604,1051.6
NORAD-19291,22.4585,49.4223,1469.3
NORAD-19293,-32.3631,-53.0899,991.9
NORAD-19294,-31.2493,23.8671,1325.1
NORAD-19306,-73.8413,-130.7224,1652.7
NORAD-19309,-45.0217,139.8778,686.0
NORAD-19311,80.9530,-30.2449,841.4
NORAD-19314,18.6587,-171.0504,1213.4
NORAD-19316,-65.9817,-2.0945,1810.5
NORAD-19347,11.8130,-60.0024,36198.2
NORAD-19351,-77.8107,-17.9490,1015.3
NORAD-19359,-10.3668,102.6892,727.0
NORAD-19360,-13.3193,-28.1442,1447.2
NORAD-19362,50.9869,-144.4660,468.6
NORAD-19365,-76.1509,157.5028,714.2
NORAD-19391,3.2897,110.6041,877.3
NORAD-19396,-54.0228,-18.2276,547.3
NORAD-19422,-78.9723,-150.6044,1019.1
NORAD-19425,15.2245,103.9393,1112.2
NORAD-19429,-6.4395,105.2851,949.4
NORAD-19439,64.9624,154.5783,1675.2
NORAD-19440,68.5309,64.1334,1424.3
NORAD-19453,-44.1073,137.8790,767.1
NORAD-19475,-27.9942,36.1723,598.5
NORAD-19478,2.6507,121.1422,21827.6
NORAD-19479,-47.8054,-97.7366,1213.3
NORAD-19484,-14.4394,172.4383,35910.4
NORAD-19501,21.2780,16.0789,19144.9
NORAD-19502,1.8889,-152.7866,19081.2
NORAD-19503,64.1192,-44.8349,19132.6
NORAD-19505,9.4211,-150.5336,19143.3
NORAD-19508,-10.9671,-160.6616,36072.3
NORAD-19512,35.7503,77.3186,1511.9
NORAD-19515,-76.6529,48.6186,1151.8
NORAD-19516,-80.1061,96.3494,1129.2
NORAD-19518,-24.6126,86.0386,26970.1
NORAD-19535,-62.7565,5.5348,6639.8
NORAD-19537,26.8679,14.8649,2953.5
NORAD-19548,12.3270,-48.7717,35769.6
NORAD-19557,-19.0139,178.6810,32336.8
NORAD-19559,55.9021,109.4406,1136.3
NORAD-19562,34.6948,-15.7827,825.4
NORAD-19577,-58.1703,29.5566,1037.9
NORAD-19580,19.4536,-171.7758,1389.9
NORAD-19592,18.0732,-143.1822,15761.1
NORAD-19593,18.5103,-100.6519,1274.1
NORAD-19595,3.3154,35.3981,18597.2
NORAD-19611,-41.9471,91.8823,33661.4
NORAD-19621,14.2829,-41.6851,36132.9
NORAD-19622,0.5949,64.9120,13229.5
NORAD-19640,53.0012,159.3549,1474.6
NORAD-19659,62.2989,-79.4440,1102.7
NORAD-19664,82.1809,-111.1579,1235.6
NORAD-19686,10.9377,-61.1975,35484.0
NORAD-19687,-12.9901,146.8163,35948.6
NORAD-19689,-3.8367,-5.9215,35300.7
NORAD-19749,32.8525,-18.1698,19146.4
NORAD-19750,14.8341,-28.2842,19169.9
NORAD-19753,52.7499,106.2610,19135.2
NORAD-19754,-49.1577,-69.8803,19101.8
NORAD-19755,31.5129,60.9863,2864.7
NORAD-19777,9.7761,-3.6039,36507.5
NORAD-19789,77.5920,-1.9359,1412.0
NORAD-19799,-61.5286,19.9565,14814.0
NORAD-19802,-1.5740,167.7132,21582.2
NORAD-19807,60.8104,148.5619,29424.0
NORAD-19810,63.7588,21.2612,32872.5
NORAD-19834,49.1949,-147.3103,623.6
NORAD-19853,-61.3732,132.2904,1047.6
NORAD-19857,-3.3693,-134.5849,33262.9
NORAD-19891,-66.4210,40.2332,3443.4
NORAD-19928,-9.8187,100.3564,35742.4
NORAD-19945,-71.6591,111.9101,729.6
NORAD-19948,18.4661,-91.9697,1049.6
NORAD-19949,-1.6786,148.9732,1226.5
NORAD-19951,3.8475,-66.6830,23367.0
NORAD-19954,-37.6079,151.7024,1266.6
NORAD-19961,58.0878,-165.6741,1024.6
NORAD-19981,-73.0080,-165.7608,2793.9
NORAD-19983,8.1908,-6.5822,32342.7
NORAD-20008,-10.1310,148.0880,1083.2
NORAD-20012,63.2829,-8.4851,1334.0
NORAD-20016,-6.6312,-132.8984,1025.9
NORAD-20024,56.3543,-112.5401,19149.0
NORAD-20025,-62.3800,86.3307,19118.1
NORAD-20026,9.5514,-153.0098,19177.1
NORAD-20028,-18.9289,-168.1464,19098.4
NORAD-20030,-43.3638,-110.8528,1953.2
NORAD-20041,-6.6232,-148.8315,35635.3
NORAD-20044,53.5242,-118.2982,19166.7
NORAD-20048,-14.2776,67.1761,1246.1
NORAD-20061,-33.1460,-19.2101,21201.9
NORAD-20081,45.2007,-94.2274,2118.1
NORAD-20082,-25.7413,-119.0862,8723.9
NORAD-20086,-8.2057,86.7093,36448.4
NORAD-20087,44.3634,-169.4867,927.5
NORAD-20088,3.1814,-123.6394,1634.0
NORAD-20090,29.5976,-90.2176,567.8
NORAD-20100,-31.0159,-53.5765,992.3
NORAD-20107,-7.8269,85.6445,36136.9
NORAD-20127,-4.5469,-4.2604,31407.1
NORAD-20129,69.1096,105.0163,1841.9
NORAD-20174,-65.5606,30.5851,1436.9
NORAD-20185,10.9857,-10.8394,21526.3
NORAD-20202,-11.8265,114.9872,36198.5
NORAD-20283,-13.1737,-134.9289,1972.3
NORAD-20284,-16.0552,-170.9792,1386.7
NORAD-20285,41.8556,176.6118,1524.6
NORAD-20302,-42.9730,32.7964,21239.4
NORAD-20308,-52.6062,123.6561,687.9
NORAD-20327,30.4124,117.8778,436.3
NORAD-20330,-23.7822,-35.4169,35031.9
NORAD-20344,50.1645,-123.2716,7138.4
NORAD-20348,76.8740,-20.3484,886.7
NORAD-20356,8.3784,-161.3268,21283.6
NORAD-20360,-27.4536,41.9693,856.8
NORAD-20361,38.8424,50.6490,21300.7
NORAD-20367,-10.6652,104.3622,35789.3
NORAD-20404,-2.8607,175.6968,20280.2
NORAD-20413,-70.1969,169.7456,147894.6
NORAD-20434,7.0732,-139.7752,741.4
NORAD-20469,11.0174,-103.4203,9258.0
NORAD-20473,-8.8817,97.0806,35786.2
NORAD-20474,29.9309,36.0463,22270.7
NORAD-20533,43.4137,-178.0119,21185.9
NORAD-20536,-51.4061,29.3621,34130.9
NORAD-20558,-14.8184,168.7540,36078.7
NORAD-20559,-30.3306,-169.5712,641.4
NORAD-20571,19.5472,-173.1975,608.7
NORAD-20599,-7.2055,-156.3161,28239.3
NORAD-20619,-13.6844,26.9470,19018.2
NORAD-20620,61.3119,-39.4105,19113.2
NORAD-20621,62.6004,-44.9804,19174.2
NORAD-20630,-28.7139,-38.8485,18077.0
NORAD-20631,-28.3720,128.2926,3174.4
NORAD-20641,62.0340,75.8849,11271.8
NORAD-20669,24.0889,97.3446,22739.6
NORAD-20673,-35.6738,36.8772,713.6
NORAD-20696,-12.0903,121.6608,35685.6
NORAD-20707,-6.5981,-100.0746,33748.1
NORAD-20710,35.6621,154.9354,20692.4
NORAD-20712,3.6208,-4.8946,14873.1
NORAD-20718,4.2415,170.8242,20725.0
NORAD-20724,52.4776,80.5962,21502.7
NORAD-20762,10.1722,-57.3724,36103.8
NORAD-20763,-10.9895,62.4457,463.4
NORAD-20764,-20.2374,30.1307,22198.5
NORAD-20771,-3.0611,-121.2384,36196.2
NORAD-20776,6.2831,34.5583,35783.1
NORAD-20800,-10.7100,120.7346,35200.6
NORAD-20801,0.4827,-178.4820,36006.8
NORAD-20811,11.6379,-91.7566,16570.0
NORAD-20830,52.2004,23.1375,21439.2
NORAD-20866,66.7790,34.3838,908.6
NORAD-20867,-51.9816,-135.0260,872.0
NORAD-20868,-79.8535,81.5652,1003.9
NORAD-20872,-11.3214,-141.7033,36183.8
NORAD-20879,72.1404,131.0512,809.1
NORAD-20886,-37.7528,29.0038,1198.0
NORAD-20890,-45.9427,65.4966,887.9
NORAD-20891,26.7494,99.7678,1172.0
NORAD-20893,46.7530,-45.8071,485.0
NORAD-20906,64.1793,112.3671,927.4
NORAD-20923,-10.6590,105.5706,35799.4
NORAD-20929,-8.2398,-159.0498,36340.1
NORAD-20945,-6.9280,-122.7060,36067.5
NORAD-20959,-34.0385,-83.2040,21391.5
NORAD-20962,2.2471,-120.1898,34217.5
NORAD-20973,-56.1478,143.9999,708.9
NORAD-21006,-19.3988,-46.3679,19284.4
NORAD-21007,17.4597,135.0923,19051.8
NORAD-21008,27.0351,129.3945,19133.6
NORAD-21011,64.8077,45.6903,19130.1
NORAD-21012,-28.3954,150.1345,15637.8
NORAD-21013,-3.7994,23.6802,12443.4
NORAD-21041,-8.7040,91.7465,36526.9
NORAD-21046,-8.9310,-166.2044,36503.9
NORAD-21055,-10.0933,-159.3947,35890.3
NORAD-21115,-5.6757,-8.2779,1759.1
NORAD-21118,34.3090,104.9928,25266.5
NORAD-21132,-11.7624,110.7013,35774.0
NORAD-21136,60.0237,23.6863,1499.0
NORAD-21139,-12.0798,158.5810,36318.5
NORAD-21140,-14.3851,141.0526,36271.3
NORAD-21154,-49.2341,108.4268,1532.7
NORAD-21167,18.4628,11.7158,1512.5
NORAD-21168,-38.0312,21.2367,1715.2
NORAD-21172,-53.2638,153.9225,1489.8
NORAD-21174,49.9080,29.9704,1865.5
NORAD-21180,67.0383,-123.3459,1621.1
NORAD-21187,59.1691,21.4879,1644.4
NORAD-21196,41.2137,-124.4314,16512.5
NORAD-21199,64.4564,125.6068,32956.5
NORAD-21211,-56.0490,116.2199,1607.6
NORAD-21216,52.4995,-124.9623,19170.9
NORAD-21217,-63.7644,93.1315,19097.3
NORAD-21218,-60.2029,73.1067,19130.7
NORAD-21221,64.2485,-68.5430,19144.8
NORAD-21226,31.2389,89.4819,5240.8
NORAD-21227,-13.6996,170.0270,35976.2
NORAD-21229,12.7400,-158.6795,26208.9
NORAD-21234,61.1433,45.1910,1627.4
NORAD-21251,-23.7432,41.6744,1444.3
NORAD-21269,-76.9150,78.3429,1167.9
NORAD-21270,-21.1388,-77.5113,1102.6
NORAD-21272,15.5370,-149.5598,1492.7
NORAD-21282,-49.4605,177.3007,1109.6
NORAD-21288,11.2432,-175.1221,1101.0
NORAD-21290,45.4376,-35.2198,1482.3
NORAD-21295,79.2214,146.4618,1111.6
NORAD-21317,43.2998,4.1952,1184.3
NORAD-21336,3.5457,-32.1150,1239.7
NORAD-21339,77.2900,162.7414,1470.6
NORAD-21341,10.0989,-58.4723,1785.9
NORAD-21342,-43.2648,106.3993,755.9
NORAD-21347,37.9621,-155.7167,1356.7
NORAD-21352,-78.6470,-110.9848,1209.1
NORAD-21353,24.8888,-66.1477,1526.5
NORAD-21358,54.0356,154.1838,1234.6
NORAD-21364,24.4277,21.5423,1389.3
NORAD-21371,17.0458,-32.9512,1204.5
NORAD-21374,57.3735,117.0759,1146.8
NORAD-21383,80.1327,-132.9709,1548.4
NORAD-21384,-11.8393,98.4895,1130.6
NORAD-21386,74.3799,83.7865,1173.5
NORAD-21387,-25.7059,-178.8253,1066.3
NORAD-21388,-23.4376,-42.9502,1103.4
NORAD-21401,-73.3890,-174.2374,1509.5
NORAD-21402,-38.3419,-58.8998,1688.0
NORAD-21403,73.6618,55.8235,1533.7
NORAD-21407,38.4804,-127.5107,1423.5
NORAD-21426,-27.6273,55.4448,5428.2
NORAD-21429,52.2370,178.8851,33647.4
NORAD-21434,-79.5320,-153.4551,1146.9
NORAD-21439,32.0825,-92.6675,1280.5
NORAD-21442,26.4212,-35.8562,1443.7
NORAD-21444,34.0559,-19.4935,1086.5
NORAD-21450,34.4677,-45.2408,1174.6
NORAD-21452,60.3488,155.2463,1741.2
NORAD-21458,-24.4024,89.7214,1546.6
NORAD-21463,-25.4386,126.6692,948.9
NORAD-21464,26.2378,-7.4688,1042.5
NORAD-21465,26.3796,125.4339,1097.1
NORAD-21469,-78.3720,21.1342,1096.6
NORAD-21470,-59.0178,-100.5044,1062.6
NORAD-21472,33.6981,-63.7733,946.9
NORAD-21473,33.4156,-99.5943,1078.8
NORAD-21492,72.1620,49.9794,1111.9
NORAD-21493,-40.3712,-16.1429,2049.4
NORAD-21496,28.3357,-57.1387,1097.2
NORAD-21498,-52.6135,157.6109,1474.7
NORAD-21499,79.8873,134.9732,1179.7
NORAD-21504,-21.8077,178.5700,1296.7
NORAD-21506,12.5504,-75.9535,1182.2
NORAD-21512,-64.6376,129.5727,1121.6
NORAD-21514,27.0729,103.4495,1433.1
NORAD-21515,50.3131,-44.1354,1190.6
NORAD-21532,79.0754,93.1281,804.9
NORAD-21545,-28.0728,-139.9647,1119.7
NORAD-21546,-27.9207,-174.1016,1514.7
NORAD-21550,18.4059,-34.4707,1200.5
NORAD-21551,37.5214,-37.8696,1212.5
NORAD-21552,39.6464,-82.2334,20972.8
NORAD-21565,-49.1962,-143.2436,1082.3
NORAD-21566,7.0368,80.0267,1366.6
NORAD-21568,45.1639,-84.7233,872.9
NORAD-21570,41.1529,81.2111,1547.1
NORAD-21588,-15.4618,-0.2085,28328.4
NORAD-21591,-14.9290,-177.9343,8072.4
NORAD-21594,-17.0738,-139.7658,11827.9
NORAD-21598,39.4631,52.9923,1106.3
NORAD-21599,75.0728,-68.0053,1124.7
NORAD-21601,-32.0006,-161.1549,1827.2
NORAD-21602,-20.0125,110.5490,1098.4
NORAD-21634,17.5071,-107.0572,20182.1
NORAD-21635,-17.7233,-32.1958,26125.9
NORAD-21636,7.7199,2.8057,33568.8
NORAD-21637,12.0558,72.8029,12582.5
NORAD-21640,12.3365,-56.5199,20017.5
NORAD-21660,50.7745,155.7374,2709.6
NORAD-21668,12.3029,-44.3482,36214.2
NORAD-21677,8.9876,-156.3887,1656.8
NORAD-21678,-45.2915,-4.8516,1004.6
NORAD-21680,16.2596,29.6714,1439.4
NORAD-21682,-75.9973,68.0704,1219.3
NORAD-21686,30.0537,96.9036,883.2
NORAD-21691,-38.0354,146.4085,728.1
NORAD-21692,-7.1992,36.9998,22631.3
NORAD-21702,-8.4474,-167.9025,35806.9
NORAD-21706,51.7852,-10.8251,18691.4
NORAD-21711,54.8028,-32.1405,719.0
NORAD-21712,-30.2409,124.3587,870.1
NORAD-21721,65.6398,-128.4709,996.8
NORAD-21723,-13.3803,63.7845,708.8
NORAD-21724,2.5788,167.3278,1727.3
NORAD-21725,6.9833,164.6960,949.8
NORAD-21750,-60.8299,-162.5376,1507.4
NORAD-21752,-10.3016,-146.0678,914.8
NORAD-21759,-13.6508,159.4058,36225.7
NORAD-21775,52.8350,137.9935,10497.6
NORAD-21777,-15.8308,64.9647,30730.5
NORAD-21778,-13.6385,-63.1418,3351.2
NORAD-21792,-11.9676,113.3493,36272.2
NORAD-21803,-14.5364,152.8363,36067.0
NORAD-21804,16.8526,-88.7033,40953.3
NORAD-21805,13.0738,-53.5011,36081.6
NORAD-21807,11.6989,-65.1778,35480.8
NORAD-21818,1.6120,-7.6341,18394.6
NORAD-21833,21.2367,96.5458,5764.5
NORAD-21853,24.5443,-25.7062,19146.7
NORAD-21854,-35.1446,-57.2422,19115.8
NORAD-21855,40.4193,118.5153,19149.3
NORAD-21858,-58.4599,-168.8537,19151.6
NORAD-21873,14.5282,-26.9234,36143.4
NORAD-21890,-49.0135,2.0485,21085.9
NORAD-21894,-14.0520,161.6458,36136.1
NORAD-21904,4.3771,-108.5846,36364.6
NORAD-21906,-10.6882,-141.0727,36124.1
NORAD-21907,19.4059,-90.9657,33695.5
NORAD-21910,6.8985,67.2802,1105.6
NORAD-21919,72.6682,98.1474,1892.6
NORAD-21925,-13.0202,147.7098,35648.4
NORAD-21933,19.5585,-43.0155,1213.8
NORAD-21936,25.5461,108.1242,1484.9
NORAD-21939,14.5508,-11.5830,35931.8
NORAD-21955,39.1151,130.7745,1700.2
NORAD-21957,65.4506,-21.9902,1632.6
NORAD-21958,37.1507,102.1134,1614.3
NORAD-21969,-6.5365,46.1786,1035.2
NORAD-21972,76.3941,-124.6634,1050.4
NORAD-21989,-14.4590,159.0817,36793.7
NORAD-22027,-14.3442,162.7389,35767.6
NORAD-22056,-14.6492,-173.2617,19144.9
NORAD-22057,17.3595,-157.0777,19102.0
NORAD-22058,56.8321,-118.0320,19176.5
NORAD-22061,-54.2662,55.4056,19120.8
NORAD-22097,14.2848,-115.8081,1999.2
NORAD-22112,12.7895,-55.0189,35809.9
NORAD-22115,-13.6156,135.7680,35912.4
NORAD-22117,-9.5034,134.6284,36831.7
NORAD-22177,-17.1312,-65.7176,5324.9
NORAD-22181,47.9608,81.4533,34730.8
NORAD-22192,52.6027,9.8783,5834.5
NORAD-22195,-2.9103,-28.3070,5626.8
NORAD-22197,-42.8426,10.9558,5667.2
NORAD-22198,-73.8554,-121.9706,1645.3
NORAD-22213,-12.7619,161.2951,35615.2
NORAD-22231,51.3044,126.9968,21261.9
NORAD-22241,49.4181,52.3386,13435.5
NORAD-22275,-48.3694,-107.7661,21542.1
NORAD-22276,2.6994,95.0229,617.2
NORAD-22315,-26.6039,58.5632,15979.5
NORAD-22321,3.5722,77.5831,19843.5
NORAD-22324,-58.5247,19.5160,30922.3
NORAD-22326,-14.6754,137.9740,821.8
NORAD-22341,-30.0288,-39.0028,827.2
NORAD-22359,-35.6974,3.0055,958.1
NORAD-22362,-61.5073,-68.6502,1070.8
NORAD-22363,-6.9434,126.1650,984.0
NORAD-22382,9.3231,-3.8323,994.4
NORAD-22387,-60.8441,114.9572,948.3
NORAD-22397,-60.8091,-164.8332,792.6
NORAD-22398,61.6097,-62.7568,939.1
NORAD-22403,3.4415,-110.6784,867.7
NORAD-22407,13.0930,-22.1402,1062.7
NORAD-22408,-43.3354,-17.0949,829.2
NORAD-22410,23.8023,21.4107,987.8
NORAD-22419,-58.2723,-118.8023,896.7
NORAD-22432,-38.8141,-58.1801,894.3
NORAD-22442,17.3321,160.0398,780.8
NORAD-22445,2.0125,43.0393,798.3
NORAD-22446,39.0444,172.2588,21271.6
NORAD-22454,-51.6444,112.8209,902.1
NORAD-22456,-24.4272,-24.4888,643.7
NORAD-22458,68.0513,161.4868,910.7
NORAD-22476,-65.8356,159.9398,877.1
NORAD-22494,-60.9723,163.3865,962.6
NORAD-22496,11.8342,124.4714,969.3
NORAD-22512,58.8472,12.7737,19176.6
NORAD-22513,19.4090,132.4634,19136.1
NORAD-22514,-21.0365,152.6459,19120.2
NORAD-22517,-37.2550,-60.1760,19116.6
NORAD-22532,26.8776,90.8656,1001.0
NORAD-22537,-65.2099,36.4933,904.3
NORAD-22557,-12.2303,119.1246,35769.0
NORAD-22563,12.2574,117.9668,36093.1
NORAD-22566,22.5117,38.2848,840.8
NORAD-22571,66.4355,-144.6396,553.3
NORAD-22581,-8.0151,15.9029,21266.3
NORAD-22598,-66.2122,154.5820,832.0
NORAD-22599,-55.4532,24.6792,653.2
NORAD-22605,40.2737,3.3922,977.1
NORAD-22611,34.1772,-19.9469,851.7
NORAD-22615,-39.3705,128.0984,978.5
NORAD-22618,62.7422,-155.1675,1052.6
NORAD-22650,60.7338,-140.4415,1415.7
NORAD-22654,3.8362,73.1683,35108.6
NORAD-22657,32.4415,-159.4115,21319.4
NORAD-22665,-57.7449,-179.6466,923.4
NORAD-22670,-3.9594,152.6970,17899.4
NORAD-22700,5.6514,64.9297,21189.0
NORAD-22707,38.2153,12.8166,822.3
NORAD-22738,10.5339,-73.4285,35239.7
NORAD-22744,-61.9234,56.8985,36002.3
NORAD-22779,45.0046,-118.5437,21346.7
NORAD-22797,-14.4501,-120.3150,36734.0
NORAD-22812,-59.3522,16.9750,941.8
NORAD-22816,24.0210,-30.2671,616.8
NORAD-22818,-26.0363,-34.6266,4730.1
NORAD-22840,-56.0258,22.4567,1600.7
NORAD-22841,-21.1854,-32.8492,1693.9
NORAD-22843,7.5893,68.6361,1573.2
NORAD-22877,-38.7938,82.8858,21312.7
NORAD-22915,-13.7135,170.7707,36301.3
NORAD-22919,-8.1958,-117.4256,922.9
NORAD-22923,22.9471,-118.3969,32951.7
NORAD-22952,31.4231,129.5799,19997.8
NORAD-22979,25.9362,26.1535,35124.0
NORAD-22984,-15.1042,155.2613,36542.9
NORAD-22996,-18.4659,-20.8400,4776.2
NORAD-23007,73.8843,75.6252,727.0
NORAD-23016,-6.7113,-115.9199,36086.4
NORAD-23027,6.0235,170.4937,21572.8
NORAD-23038,-19.8319,128.1246,12389.5
NORAD-23039,25.9283,85.8381,35415.1
NORAD-23040,25.1315,27.2500,29945.3
NORAD-23041,-10.5691,103.7828,14518.5
NORAD-23044,-40.8595,167.6154,19177.7
NORAD-23045,39.0107,-10.8255,19148.5
NORAD-23048,-56.2136,58.6163,19094.0
NORAD-23051,7.3222,-64.0213,36157.3
NORAD-23111,12.1988,-49.2268,34904.2
NORAD-23124,-5.3550,145.7076,36223.7
NORAD-23125,5.0442,164.8769,17674.8
NORAD-23159,-21.7083,20.2623,2420.8
NORAD-23176,-8.3896,-125.8775,36108.0
NORAD-23177,6.6872,111.7483,17097.8
NORAD-23194,48.5314,72.3854,8793.6
NORAD-23200,12.6038,-24.8378,36088.3
NORAD-23201,6.9890,-27.8872,33405.4
NORAD-23203,-56.3810,50.6660,19139.0
NORAD-23204,17.3043,-94.1368,19157.3
NORAD-23205,-53.6780,-47.2969,19139.2
NORAD-23208,-65.3888,3.7957,19082.5
NORAD-23227,-7.2210,-112.4670,36234.9
NORAD-23237,3.2928,-71.3399,34803.0
NORAD-23254,16.4228,135.3658,799.3
NORAD-23261,23.5479,102.4535,662.9
NORAD-23263,-72.6827,30.2484,1711.0
NORAD-23292,48.5536,-16.4587,16515.8
NORAD-23293,-37.0283,-118.3756,11016.7
NORAD-23294,-31.3422,-98.8726,2652.0
NORAD-23297,-58.1859,105.9838,5778.9
NORAD-23302,56.4460,39.1206,912.3
NORAD-23305,-7.1952,146.5249,36052.7
NORAD-23309,-73.5266,89.6405,1668.9
NORAD-23322,13.0462,-52.9006,35805.1
NORAD-23330,-6.6080,-144.9246,35928.9
NORAD-23351,-44.0594,56.2524,557.8
NORAD-23354,3.4453,-98.2054,6296.5
NORAD-23360,55.0528,19.9241,2528.7
NORAD-23361,-49.8271,-177.5421,501.8
NORAD-23370,4.7480,-97.4251,775.7
NORAD-23372,55.0972,-135.8825,2333.2
NORAD-23379,28.2323,173.2654,5226.1
NORAD-23380,41.6319,-77.6752,2889.3
NORAD-23383,-0.1750,28.1801,714.3
NORAD-23388,-21.6294,-139.6676,1532.2
NORAD-23397,-5.9846,143.7762,19130.2
NORAD-23398,-26.1875,-52.5542,19134.0
NORAD-23401,30.9867,-24.6579,19104.1
NORAD-23403,-60.7120,154.8370,18601.9
NORAD-23418,-54.5853,2.3633,914.4
NORAD-23420,46.5151,145.4903,20427.8
NORAD-23426,1.4095,-107.6603,35847.2
NORAD-23461,11.6610,6.3389,36091.2
NORAD-23467,-9.6858,172.1772,35806.2
NORAD-23468,-21.4476,10.4901,5361.3
NORAD-23480,64.2565,91.8736,1795.7
NORAD-23482,-64.4448,19.6818,2018.8
NORAD-23485,-9.4142,37.8620,2112.7
NORAD-23486,0.1798,171.3047,1957.4
NORAD-23490,-49.9260,-53.3085,2127.7
NORAD-23492,53.4148,-92.7636,1899.8
NORAD-23493,58.7506,153.9439,2035.4
NORAD-23494,26.9965,47.1045,1825.9
NORAD-23495,-65.0082,88.1348,2119.8
NORAD-23511,13.3392,6.5283,19121.7
NORAD-23512,-27.1127,27.5042,19144.4
NORAD-23513,-10.4163,-171.8501,19212.3
NORAD-23516,-55.3139,57.0770,19070.6
NORAD-23522,14.3070,-11.4920,36022.6
NORAD-23523,20.5841,-40.8654,20253.1
NORAD-23528,-5.8739,-99.4518,36231.0
NORAD-23536,-12.0895,-159.9857,36086.4
NORAD-23553,-8.6958,-131.2160,36111.5
NORAD-23564,20.6093,24.0587,1896.8
NORAD-23568,17.8619,-24.5735,35714.3
NORAD-23614,0.5066,-53.3095,29673.9
NORAD-23615,12.6565,-72.7178,35751.6
NORAD-23619,23.9500,92.3666,38643.3
NORAD-23621,51.9653,130.6793,19141.6
NORAD-23622,13.5049,101.1340,19111.1
NORAD-23625,18.0007,-94.9580,19091.4
NORAD-23642,60.4980,-144.3599,34821.1
NORAD-23645,49.5023,-8.4970,27145.7
NORAD-23671,6.3699,3.9518,24637.1
NORAD-23716,5.7584,-12.4678,1610.6
NORAD-23717,14.4924,-16.3578,35910.2
NORAD-23730,7.5939,-59.5532,36458.5
NORAD-23734,-49.3392,62.6421,19134.4
NORAD-23735,-29.4642,-70.3172,19143.9
NORAD-23736,46.6971,-114.3969,19122.0
NORAD-23741,-3.4894,-106.2983,35783.1
NORAD-23756,-6.3736,-38.3232,13098.5
NORAD-23764,10.5645,-7.5464,36157.6
NORAD-23765,9.4686,-29.3237,36130.3
NORAD-23766,-7.9641,-126.1024,13649.4
NORAD-23778,-15.0064,147.6072,36515.4
NORAD-23802,12.8783,121.6897,48480.9
NORAD-23811,-29.1927,-26.2905,2819.2
NORAD-23812,9.7282,111.3607,6573.5
NORAD-23836,33.7125,1.7279,906.5
NORAD-23840,13.7122,13.8665,9567.0
NORAD-23877,0.4001,-73.3001,36035.6
NORAD-23879,-8.5297,-0.1540,36541.8
NORAD-23880,-14.0393,144.3787,35819.7
NORAD-23947,-53.4690,-0.9818,862.0
NORAD-23948,13.9803,-20.4665,36077.4
NORAD-23953,-53.2638,-176.9274,21442.1
NORAD-23966,0.6918,-152.1655,1843.5
NORAD-23967,7.4766,-48.7116,35800.8
NORAD-24082,-33.8227,-152.2241,554.3
NORAD-24126,-30.3533,45.5121,745.0
NORAD-24208,11.1160,-47.7364,35665.2
NORAD-24236,16.0038,8.0178,873.1
NORAD-24282,6.9758,99.5673,35140.4
NORAD-24292,62.1240,154.8665,18971.3
NORAD-24296,22.6371,99.8068,9816.0
NORAD-24298,-62.8595,47.6162,859.5
NORAD-24307,-1.4047,134.3282,35892.8
NORAD-24313,0.4559,-73.8999,35777.3
NORAD-24315,8.4629,18.5134,36028.9
NORAD-24320,-50.3859,11.3197,21442.6
NORAD-24529,40.6794,170.4319,611.6
NORAD-24647,-52.7790,128.1301,4033.9
NORAD-24653,-11.6218,172.0758,35956.3
NORAD-24665,-5.9559,-101.2364,36355.7
NORAD-24674,10.3258,26.6540,35858.8
NORAD-24679,38.5106,128.6225,1919.5
NORAD-24700,-0.5825,106.4043,52081.1
NORAD-24723,-2.6379,173.6786,22778.5
NORAD-24724,5.8696,-57.2189,24022.1
NORAD-24731,-44.9057,-144.8290,1430.8
NORAD-24739,-17.9233,14.8860,24067.2
NORAD-24740,14.5268,-21.1372,36052.2
NORAD-24741,-0.8851,56.3026,12294.8
NORAD-24761,-61.7426,-17.5155,21275.5
NORAD-24764,-54.1755,-69.3884,33683.6
NORAD-24786,9.4668,-40.9978,36238.6
NORAD-24800,-33.1887,-24.5576,8879.3
NORAD-24803,-47.3638,31.5749,33951.5
NORAD-24815,-19.2298,172.6175,35217.4
NORAD-24817,-48.4431,-132.8572,820.0
NORAD-24818,-41.3452,-31.5633,956.5
NORAD-24819,10.7916,-1.2497,35961.2
NORAD-24846,-10.0481,176.4231,36353.0
NORAD-24866,51.6973,-124.8345,901.5
NORAD-24876,-54.9166,-115.9238,20446.1
NORAD-24894,-9.9917,-153.1276,35098.3
NORAD-24919,-11.5436,-110.3838,25681.3
NORAD-24926,-61.9823,40.4086,617.8
NORAD-24932,11.6280,-35.2546,36312.9
NORAD-24937,10.3901,-14.4206,33883.5
NORAD-24956,74.7448,-135.2013,1011.7
NORAD-24960,55.8659,137.7844,18722.4
NORAD-24973,21.9140,-73.2089,731.0
NORAD-24985,-21.8225,41.4015,993.5
NORAD-24990,52.8841,27.8676,1221.7
NORAD-25004,-6.3131,169.0407,36232.3
NORAD-25027,28.1981,-16.8308,752.6
NORAD-25045,-5.5297,88.9010,35804.1
NORAD-25048,-7.1157,-141.6825,36033.1
NORAD-25049,-10.5394,166.9673,36053.4
NORAD-25053,40.7274,2.3331,25769.1
NORAD-25074,-6.7093,115.6850,33953.0
NORAD-25098,-5.2266,168.4593,779.8
NORAD-25110,-12.6862,164.0622,35823.6
NORAD-25113,-30.9454,92.2880,746.8
NORAD-25136,-0.0938,170.9015,12800.7
NORAD-25138,-26.0118,22.9829,1121.6
NORAD-25149,25.5866,83.1079,11493.6
NORAD-25152,-4.5555,144.5073,36097.3
NORAD-25214,72.2728,139.0956,847.8
NORAD-25225,-3.8381,123.8855,730.4
NORAD-25239,6.8094,33.3523,36105.7
NORAD-25246,-18.7001,13.2623,884.6
NORAD-25253,-0.2613,-73.0581,11204.8
NORAD-25255,-80.9070,-15.3674,877.2
NORAD-25270,10.4009,128.2491,4534.4
NORAD-25282,-2.6615,-175.3365,22116.1
NORAD-25327,-48.6786,-24.1978,15416.7
NORAD-25339,14.9913,-23.4984,36547.1
NORAD-25371,-7.9399,-133.1681,36032.6
NORAD-25404,9.2362,-5.6807,36110.0
NORAD-25405,-13.0648,106.2630,15875.8
NORAD-25414,-7.7184,-111.6010,771.0
NORAD-25416,43.1761,141.1647,766.5
NORAD-25442,-73.2304,169.1425,639.4
NORAD-25445,-76.0180,-160.7067,579.7
NORAD-25449,77.7650,-66.0342,1627.4
NORAD-25454,62.4108,113.4103,595.6
NORAD-25481,-32.5033,115.4119,770.7
NORAD-25482,-42.0501,27.6619,771.5
NORAD-25485,56.2304,-139.3062,22255.9
NORAD-25492,11.7235,9.0899,36131.9
NORAD-25501,-10.7748,165.3802,36403.9
NORAD-25502,14.4610,132.3704,1194.5
NORAD-25510,-8.4202,104.1812,618.5
NORAD-25525,16.1148,58.2221,35556.9
NORAD-25526,77.4174,135.8406,931.1
NORAD-25538,6.2463,112.7597,32151.6
NORAD-25539,7.1368,-77.1333,29157.8
NORAD-25540,5.0817,-52.0304,25823.3
NORAD-25543,3.3546,143.7412,1982.7
NORAD-25544,-44.8832,-11.2273,426.9
NORAD-25546,8.9143,-6.9866,36127.7
NORAD-25548,-11.5448,52.3301,5310.2
NORAD-25575,-44.8832,-11.2273,426.9
NORAD-25587,-27.2815,49.2181,17475.8
NORAD-25588,61.9639,3.9493,34219.7
NORAD-25594,-47.4432,163.5878,19211.8
NORAD-25595,-60.6818,-106.5801,19156.0
NORAD-25598,48.4260,98.2835,19130.1
NORAD-25611,13.4732,-38.0770,34143.4
NORAD-25612,-68.0579,15.3444,1006.7
NORAD-25613,-47.1104,-116.8677,1026.8
NORAD-25614,3.0421,-92.3181,1004.9
NORAD-25623,0.0370,-149.6684,1745.3
NORAD-25638,-11.6690,-178.2772,35831.1
NORAD-25645,12.1573,-56.3439,36395.0
NORAD-25655,81.3123,-60.9067,496.4
NORAD-25660,-12.8959,-88.9868,35855.2
NORAD-25666,8.5376,-19.1789,35976.0
NORAD-25671,26.0637,6.6517,35181.3
NORAD-25684,35.5278,-26.0827,5971.2
NORAD-25724,-25.1993,138.1451,1171.8
NORAD-25765,-0.1318,13.8500,11549.1
NORAD-25768,-15.0529,-46.0236,6315.7
NORAD-25800,-17.6275,75.9487,19031.3
NORAD-25805,-0.3762,-162.2352,924.0
NORAD-25806,-30.1900,-2.7221,8685.7
NORAD-25818,-46.1127,-12.7438,2543.0
NORAD-25837,-4.9796,-90.3666,1899.1
NORAD-25842,-54.2781,18.6381,17594.0
NORAD-25847,39.9978,71.2384,18752.4
NORAD-25867,46.8076,143.9314,128404.7
NORAD-25882,-19.3063,-142.0309,550.4
NORAD-25885,-8.9586,114.2378,1972.9
NORAD-25896,-14.4299,152.3040,36259.6
NORAD-25900,13.6077,-39.3363,35397.9
NORAD-25904,-33.6855,78.2537,2328.5
NORAD-25927,-8.4345,52.1942,11198.2
NORAD-25928,-7.2229,92.0810,27403.5
NORAD-25933,-10.1871,15.5018,19919.3
NORAD-25967,8.2860,-23.4843,35786.9
NORAD-25982,18.0966,12.2262,772.9
NORAD-25985,37.4212,37.3695,765.5
NORAD-25989,23.5106,-16.6990,45765.1
NORAD-25990,-64.9417,150.7241,93648.6
NORAD-25999,70.4009,150.6546,1414.1
NORAD-26000,-79.2690,151.0988,1532.6
NORAD-26002,30.4280,9.4852,1390.8
NORAD-26003,27.2423,47.0880,1353.9
NORAD-26004,72.4036,8.6999,1367.7
NORAD-26009,-78.6574,-157.2544,1324.4
NORAD-26010,-41.8667,38.2214,1508.9
NORAD-26011,50.5432,139.6693,1463.3
NORAD-26013,42.9959,82.2492,1440.6
NORAD-26014,-10.4989,-145.5749,1524.3
NORAD-26015,-77.1052,14.3490,1457.8
NORAD-26016,-11.8641,-64.6429,1149.4
NORAD-26021,-49.0121,116.1742,1465.5
NORAD-26022,-42.1889,145.0979,1488.0
NORAD-26023,-52.9140,-153.0921,1470.0
NORAD-26024,-10.2231,-56.1043,1320.3
NORAD-26025,50.4666,-36.9154,1661.2
NORAD-26026,-60.2714,9.7137,1471.4
NORAD-26027,-81.0754,0.7037,1552.3
NORAD-26028,-2.6750,-12.0961,1481.4
NORAD-26029,49.5273,116.1652,1466.5
NORAD-26030,82.5687,0.7155,1452.0
NORAD-26042,-32.4826,171.0586,33976.8
NORAD-26045,33.2678,30.1445,35631.7
NORAD-26048,0.6665,-40.4916,20490.4
NORAD-26049,-1.5655,62.4887,4408.5
NORAD-26050,25.7716,-164.9389,26834.0
NORAD-26053,24.4616,87.0168,1852.3
NORAD-26054,-14.1202,162.9110,35492.9
NORAD-26066,34.3458,-137.0815,789.1
NORAD-26072,6.7626,-135.1198,5403.7
NORAD-26076,2.9146,-122.9259,8166.0
NORAD-26079,-16.3710,-60.2822,739.6
NORAD-26080,-15.7334,117.9840,760.1
NORAD-26082,-23.2771,149.4606,1497.0
NORAD-26106,-64.0994,-92.4312,575.3
NORAD-26108,-8.5276,168.9511,35944.1
NORAD-26109,5.6067,-140.1147,29284.9
NORAD-26110,2.3246,91.0419,30114.9
NORAD-26111,-16.6933,-112.4338,1524.7
NORAD-26113,52.4123,33.5555,37032.6
NORAD-26115,83.0257,65.4542,41929.3
NORAD-26118,41.7730,126.7286,895.2
NORAD-26125,7.6992,-63.9506,793.9
NORAD-26126,3.2006,-48.8274,702.7
NORAD-26128,-45.7127,95.5212,554.6
NORAD-26142,74.0027,169.1521,719.6
NORAD-26143,-60.7355,-160.8601,1417.1
NORAD-26151,-66.8803,166.6315,1431.0
NORAD-26159,80.6079,-39.5436,1022.1
NORAD-26168,15.7839,-56.0216,785.0
NORAD-26175,55.7813,120.7140,790.1
NORAD-26194,-2.5855,36.1036,656.6
NORAD-26196,-81.0922,63.9366,1079.0
NORAD-26198,80.6237,16.9830,679.5
NORAD-26205,59.2906,37.0959,1418.5
NORAD-26211,75.7306,-7.0114,1308.6
NORAD-26235,-79.5585,31.2492,410.0
NORAD-26246,14.0331,-33.9563,36016.8
NORAD-26306,81.2052,28.5100,738.1
NORAD-26347,1.5108,141.9286,673.5
NORAD-26358,27.7583,-18.3237,25977.7
NORAD-26359,7.8603,-59.4160,35968.9
NORAD-26360,55.1299,2.3568,20238.2
NORAD-26369,-4.2129,-74.7904,36286.5
NORAD-26376,54.5354,-79.6788,20100.2
NORAD-26378,-10.4598,162.1860,36192.0
NORAD-26382,10.6458,-38.0021,35845.6
NORAD-26383,2.3537,-52.7839,18528.6
NORAD-26393,54.5273,107.8988,31715.1
NORAD-26397,13.9272,-15.2543,35738.4
NORAD-26400,-44.8832,-11.2273,426.9
NORAD-26410,27.2649,-173.0118,65905.2
NORAD-26436,32.2239,141.5684,1803.6
NORAD-26444,-38.8879,168.1476,650.0
NORAD-26446,-65.8608,168.1602,794.4
NORAD-26460,-13.7956,151.0372,35899.4
NORAD-26464,29.4323,-155.5720,116113.8
NORAD-26486,60.4356,-107.6460,47790.0
NORAD-26490,3.1210,2.9475,3215.0
NORAD-26497,-6.6909,-62.9519,35223.1
NORAD-26498,12.3803,112.7546,893.7
NORAD-26503,-51.7100,4.5222,889.3
NORAD-26504,-21.4777,126.3297,930.7
NORAD-26506,44.0149,161.8925,962.9
NORAD-26507,64.2644,-159.5180,961.0
NORAD-26508,28.4525,168.6023,965.3
NORAD-26509,61.3001,-82.3281,955.5
NORAD-26512,4.7229,-39.6154,906.8
NORAD-26517,31.5098,131.8796,908.3
NORAD-26519,-20.0706,-32.8084,962.6
NORAD-26520,9.8339,-60.3150,964.7
NORAD-26521,8.8148,89.7016,900.1
NORAD-26524,3.0498,-18.5216,25941.3
NORAD-26527,-19.4401,145.7682,14231.9
NORAD-26530,10.2321,144.5941,28939.5
NORAD-26549,-34.5514,-179.4065,576.0
NORAD-26564,20.0340,16.0718,19148.0
NORAD-26565,-36.5110,45.7993,19153.8
NORAD-26566,28.7224,-139.8021,19335.4
NORAD-26569,-16.7868,-163.3248,19086.0
NORAD-26575,-5.1778,133.8364,35806.7
NORAD-26577,12.6752,9.3533,35766.7
NORAD-26583,-2.2101,-13.3486,34269.1
NORAD-26605,46.7211,120.3314,20576.1
NORAD-26609,1.3143,-111.0494,57739.2
NORAD-26610,-0.9517,-110.7016,33360.7
NORAD-26611,-4.3273,-139.5948,18199.5
NORAD-26612,-5.9250,-117.6541,33450.2
NORAD-26626,-59.5212,71.9686,24636.7
NORAD-26629,44.6479,115.0918,27484.8
NORAD-26638,8.5175,-4.9111,36156.9
NORAD-26669,73.2538,-17.7129,907.6
NORAD-26670,-56.0500,79.0310,933.9
NORAD-26681,-8.7087,-137.2197,30431.5
NORAD-26690,14.8574,94.0757,21016.6
NORAD-26700,-44.8832,-11.2273,426.9
NORAD-26701,55.5006,140.4519,1101.8
NORAD-26727,-1.3076,170.8452,20982.1
NORAD-26729,-2.2429,-156.3422,1600.9
NORAD-26731,-24.3581,-92.5985,1309.1
NORAD-26733,-58.3234,-100.6223,1311.3
NORAD-26738,-8.3050,-125.6614,36452.5
NORAD-26756,-38.8292,130.8128,751.0
NORAD-26763,22.9489,88.8663,21010.8
NORAD-26769,-17.8387,-178.6345,12188.2
NORAD-26777,24.0129,143.6693,1280.6
NORAD-26778,27.0703,65.9708,18996.4
NORAD-26779,23.2618,19.8202,21917.8
NORAD-26780,11.4765,109.9032,14413.5
NORAD-26781,-26.6406,77.8621,2497.5
NORAD-26782,-12.9977,128.1000,1076.6
NORAD-26785,-20.3547,-160.3021,2035.7
NORAD-26791,1.7312,31.1996,287.7
NORAD-26807,-6.4071,123.0407,27122.3
NORAD-26822,-2.1676,172.6621,1443.1
NORAD-26823,25.3343,140.0024,1040.8
NORAD-26826,27.4251,-153.6210,1106.5
NORAD-26827,-72.6271,152.3383,1198.4
NORAD-26828,27.6797,-68.6103,632.2
NORAD-26830,-31.0135,-135.7278,1215.4
NORAD-26831,11.0164,161.0621,955.7
NORAD-26832,16.1758,-133.1592,1112.4
NORAD-26833,77.5983,-128.8271,1641.8
NORAD-26838,71.3680,43.5791,1199.9
NORAD-26839,-61.3063,164.0322,1103.9
NORAD-26840,-41.9449,137.2515,1626.5
NORAD-26841,79.7141,-27.3292,1052.6
NORAD-26842,-72.6091,-144.1709,956.8
NORAD-26843,-43.2481,-52.7106,1195.4
NORAD-26844,-76.2196,45.2521,1064.1
NORAD-26845,-17.0001,-19.8607,1625.3
NORAD-26846,-34.4578,-72.0989,1128.5
NORAD-26850,-6.0528,1.9480,24030.5
NORAD-26851,33.6710,-34.1726,4602.0
NORAD-26853,-1.8154,149.1038,36161.7
NORAD-26855,15.1061,87.9578,35593.4
NORAD-26858,45.0131,-39.8600,9830.1
NORAD-26861,-9.7750,-110.0002,830.9
NORAD-26871,-10.5399,168.7975,36105.0
NORAD-26882,22.3470,21.8147,26072.9
NORAD-26892,-9.5991,132.4239,35772.9
NORAD-26898,24.0245,110.7046,30919.4
NORAD-26899,27.6336,91.0092,22066.7
NORAD-26911,50.4769,-164.6450,969.7
NORAD-26921,37.7895,96.4327,6304.0
NORAD-26922,-4.5336,84.1299,25949.3
NORAD-26936,14.6026,-5.3604,36557.7
NORAD-26964,15.0201,-7.0973,14705.2
NORAD-26967,30.3987,-137.5214,1778.5
NORAD-26981,-0.9761,159.4382,22631.6
NORAD-26982,33.2110,-91.4720,1521.0
NORAD-26987,46.0054,-20.4004,19137.6
NORAD-26988,36.9023,108.0509,19133.3
NORAD-26989,-31.6505,-68.0370,19138.4
NORAD-26992,49.4629,93.2442,19126.9
NORAD-27027,-1.3679,14.6681,23019.2
NORAD-27030,3.5641,0.9407,31854.0
NORAD-27034,-3.8138,34.4539,33434.4
NORAD-27038,7.5789,-47.0658,18901.2
NORAD-27039,6.2638,167.5921,32699.4
NORAD-27042,6.9847,-91.9536,1287.4
NORAD-27043,-6.6036,111.1635,9222.9
NORAD-27046,3.4529,37.5047,9833.2
NORAD-27047,-6.7272,40.7017,29381.0
NORAD-27049,5.1820,65.0387,12110.4
NORAD-27051,-16.0027,-136.7372,2116.0
NORAD-27123,-18.2705,34.1349,640.4
NORAD-27169,-10.0394,-178.3059,35926.9
NORAD-27305,-52.7603,148.4725,662.6
NORAD-27367,-19.5938,-18.5581,9412.4
NORAD-27368,5.5836,-54.1507,23477.9
NORAD-27369,15.8696,170.2288,11709.3
NORAD-27389,-11.4682,-171.3506,36170.4
NORAD-27403,-7.7359,-136.6086,36145.0
NORAD-27405,5.3998,-64.9194,22031.6
NORAD-27406,20.7891,116.0426,1034.9
NORAD-27429,-16.6688,-0.0664,33760.2
NORAD-27441,-10.5943,173.2813,36108.5
NORAD-27446,0.0646,-52.2942,9225.8
NORAD-27469,42.8450,-27.0639,630.6
NORAD-27478,-62.8032,-77.6108,3552.8
NORAD-27482,-29.1431,63.8932,863.0
NORAD-27489,-7.0188,-66.9888,8182.9
NORAD-27492,46.5329,125.0318,674.5
NORAD-27493,57.9686,119.6085,711.1
NORAD-27500,17.3614,5.2648,356.3
NORAD-27501,-6.3112,-90.9805,36299.4
NORAD-27504,17.1194,79.8754,35442.3
NORAD-27511,-3.2001,-65.8741,12946.2
NORAD-27525,-5.7496,-100.9612,36370.8
NORAD-27540,67.4928,-120.5208,124510.4
NORAD-27554,8.2969,18.7074,35792.5
NORAD-27555,13.0614,24.0951,19919.7
NORAD-27566,7.4688,-17.4175,36236.5
NORAD-27568,17.9982,-19.0710,884.2
NORAD-27575,22.7992,-107.1017,1007.2
NORAD-27576,-80.2682,28.1542,949.9
NORAD-27577,15.9200,-61.8828,1034.9
NORAD-27580,-9.5966,-66.4244,647.3
NORAD-27582,-28.1224,-35.0579,555.4
NORAD-27593,-5.6281,-169.0977,26934.0
NORAD-27595,-5.6525,-167.3925,25111.5
NORAD-27596,75.1767,21.2677,732.9
NORAD-27604,-3.6062,103.1021,7320.8
NORAD-27612,60.0016,-137.9403,648.6
NORAD-27617,-58.8579,158.4341,19141.3
NORAD-27619,3.5920,-150.6129,19152.4
NORAD-27620,-32.2295,43.3293,19104.7
NORAD-27626,0.9494,42.1216,7350.7
NORAD-27628,14.5160,30.8837,905.0
NORAD-27633,16.4711,-40.4000,8102.3
NORAD-27639,47.6703,123.5006,962.0
NORAD-27646,-15.7791,75.7869,14544.5
NORAD-27648,3.6709,-42.7103,37278.8
NORAD-27650,-7.9781,42.6319,34860.8
NORAD-27655,5.1554,156.1486,672.9
NORAD-27665,34.2280,-136.3214,789.5
NORAD-27669,-7.2149,-56.6498,8436.6
NORAD-27678,-75.4978,153.4579,748.4
NORAD-27679,-2.2665,79.9082,580.9
NORAD-27683,5.2406,29.4032,36078.5
NORAD-27687,54.8391,-47.8442,711.7
NORAD-27692,-24.1919,169.1877,11823.0
NORAD-27693,10.7578,-44.9331,35663.1
NORAD-27704,54.7993,-51.5351,21029.8
NORAD-27715,-3.7010,173.0753,36159.7
NORAD-27718,0.0253,147.5551,35803.4
NORAD-27726,31.1996,-117.6531,772.9
NORAD-27727,-13.8126,166.9881,2133.7
NORAD-27728,14.8928,178.9151,1980.9
NORAD-27729,8.6417,-50.2551,1046.2
NORAD-27731,-29.0221,95.4097,2556.2
NORAD-27735,-76.4980,65.5907,973.0
NORAD-27736,55.7571,179.6014,1631.6
NORAD-27737,82.9041,4.3624,1622.2
NORAD-27743,-64.9991,-47.5041,1497.6
NORAD-27746,51.0015,-30.8561,1480.4
NORAD-27747,64.2485,79.2537,1536.1
NORAD-27748,72.3430,164.6360,1729.5
NORAD-27749,-70.9690,9.5825,855.1
NORAD-27750,19.6753,-50.0208,813.4
NORAD-27752,-25.1837,142.4110,699.3
NORAD-27760,69.9638,4.3333,690.7
NORAD-27762,-16.8862,-163.8874,772.6
NORAD-27763,-10.3681,-123.0347,11140.1
NORAD-27768,8.2249,-50.1455,660.9
NORAD-27769,14.3789,131.7659,645.7
NORAD-27772,-50.5731,-130.0715,898.2
NORAD-27775,10.5095,-32.3281,35609.6
NORAD-27786,7.0316,-52.5224,37934.9
NORAD-27787,-11.2876,-78.5555,32695.7
NORAD-27792,-25.8089,-50.7977,20603.9
NORAD-27793,-3.0302,-70.2374,5121.7
NORAD-27794,-12.0458,-7.1685,18682.5
NORAD-27796,-10.2775,70.2690,38058.5
NORAD-27797,26.3912,-7.5801,956.5
NORAD-27800,-36.1651,158.3151,39006.8
NORAD-27801,-51.3264,146.1585,32248.0
NORAD-27806,-76.2696,148.2251,846.8
NORAD-27820,1.1970,129.4262,36220.6
NORAD-27821,-49.4560,-133.2161,8029.4
NORAD-27831,-1.6952,155.6866,35817.1
NORAD-27864,25.1410,138.1980,30214.3
NORAD-27867,6.4238,111.0711,27440.7
NORAD-27876,18.5810,-63.9471,12221.1
NORAD-27878,-26.2229,-80.5954,27971.0
NORAD-27883,-58.0639,-2.1126,31437.4
NORAD-27884,-42.7561,-47.9549,35042.4
NORAD-27887,-16.3298,-44.4464,37594.4
NORAD-27888,-59.8732,34.7352,21924.4
NORAD-27897,-29.4850,80.6294,37210.8
NORAD-27905,-29.4287,-103.5955,38833.5
NORAD-27918,65.6597,53.8806,17375.0
NORAD-27950,-4.8836,178.4668,31463.4
NORAD-27952,-3.8425,164.6951,30675.3
NORAD-27958,30.5558,-5.1506,10302.9
NORAD-28040,-1.4898,140.4797,23755.0
NORAD-28057,37.6856,41.2836,772.8
NORAD-28068,-1.3617,141.9037,778.2
NORAD-28070,5.5381,134.0313,720.1
NORAD-28071,17.0601,4.6975,859.3
NORAD-28072,18.9852,-36.1096,802.3
NORAD-28073,-28.4591,134.8553,778.4
NORAD-28075,-4.2406,141.2668,814.5
NORAD-28089,-2.2282,163.4285,35807.5
NORAD-28112,-3.9607,-47.8657,19102.6
NORAD-28113,-6.6939,137.3978,19193.2
NORAD-28114,63.7942,56.2011,18996.4
NORAD-28115,-61.8733,-110.6539,19314.8
NORAD-28116,-52.9685,-115.9920,10651.7
NORAD-28133,-22.0196,41.5187,18767.9
NORAD-28144,-16.5823,144.7289,7922.5
NORAD-28145,-22.2133,75.2342,479.7
NORAD-28158,6.4229,-49.8414,35791.4
NORAD-28160,-2.7576,-6.8492,16662.7
NORAD-28161,10.0219,-26.5759,35899.6
NORAD-28200,-46.9184,168.7344,1150.8
NORAD-28201,-26.0012,175.6607,1045.1
NORAD-28202,17.5167,150.8260,1017.8
NORAD-28204,-44.5446,14.4878,958.9
NORAD-28205,51.1913,147.6212,1075.7
NORAD-28206,-17.5814,145.3392,1121.2
NORAD-28207,-70.9145,-73.3110,1031.7
NORAD-28208,43.0601,103.4627,1045.6
NORAD-28209,69.4187,40.9753,1043.5
NORAD-28234,-3.5827,-99.9946,36070.6
NORAD-28237,-26.4817,-49.1761,31541.8
NORAD-28256,-11.0826,-139.8341,35797.4
NORAD-28266,58.1688,-173.0552,1577.4
NORAD-28270,19.8859,62.5254,36435.2
NORAD-28274,-44.6767,45.2150,897.3
NORAD-28275,19.5813,-67.0015,994.3
NORAD-28278,-80.5059,72.5568,1274.9
NORAD-28300,-79.7655,-107.7816,762.2
NORAD-28302,-40.1426,-78.1567,797.2
NORAD-28304,-37.9356,-83.3770,841.0
NORAD-28307,62.2555,-48.8926,841.8
NORAD-28308,3.6597,-73.7776,809.2
NORAD-28312,6.1993,-70.3050,816.4
NORAD-28317,-81.0146,175.8570,762.2
NORAD-28319,19.6028,-168.3896,601.9
NORAD-28325,45.4780,-41.3060,595.7
NORAD-28326,33.3413,177.4153,731.1
NORAD-28327,-11.0881,-12.8406,736.8
NORAD-28329,-27.6497,-22.4877,746.2
NORAD-28330,-34.2489,160.9688,799.6
NORAD-28334,-67.7178,-176.4959,751.8
NORAD-28342,36.1593,141.3641,723.0
NORAD-28344,-80.7526,-114.6183,651.9
NORAD-28345,31.0167,179.5796,689.0
NORAD-28349,-29.8632,-17.9586,725.8
NORAD-28360,24.0228,70.9089,15524.3
NORAD-28361,-42.9963,-62.3547,19771.5
NORAD-28364,7.0265,49.7617,36151.0
NORAD-28374,20.9358,-128.6443,620.5
NORAD-28375,-45.0877,49.0482,786.3
NORAD-28379,-0.4044,7.3593,3679.7
NORAD-28382,-69.3571,123.4226,31051.5
NORAD-28388,64.5913,-174.1193,701.1
NORAD-28393,7.5034,3.4986,36263.6
NORAD-28395,-44.7984,-158.9941,13765.8
NORAD-28438,11.8046,95.2491,728.7
NORAD-28447,-14.1205,0.9110,21804.1
NORAD-28448,-80.6255,-37.7680,1837.6
NORAD-28451,9.9569,-23.8956,36407.3
NORAD-28463,-8.6077,160.3941,36061.9
NORAD-28473,-1.0259,40.5744,17033.5
NORAD-28474,-5.3958,40.5194,20478.4
NORAD-28477,-37.3054,-130.8481,12165.6
NORAD-28500,-11.4791,64.5321,34398.4
NORAD-28508,-24.8492,145.1281,19129.1
NORAD-28509,-4.4208,134.2922,19135.2
NORAD-28510,-47.5943,164.1891,19126.8
NORAD-28512,3.9779,-46.4950,19160.9
NORAD-28520,-2.8548,-164.7494,37137.0
NORAD-28527,18.7845,-75.8711,35089.8
NORAD-28528,30.6140,31.0493,13676.1
NORAD-28546,-3.5951,-162.7473,18876.0
NORAD-28555,71.2575,139.9139,445.7
NORAD-28556,-15.2446,37.7578,37486.8
NORAD-28563,2.5520,116.6711,20590.4
NORAD-28566,6.3897,173.7366,25143.5
NORAD-28567,7.4022,-83.2346,8902.2
NORAD-28576,-0.1475,41.6000,2853.1
NORAD-28577,-0.1753,170.5935,14020.7
NORAD-28593,12.7839,-51.9055,769.5
NORAD-28608,40.4370,31.2501,5861.2
NORAD-28609,46.8989,-176.5307,1109.6
NORAD-28610,76.8057,42.9611,968.1
NORAD-28612,-52.9548,128.5764,1006.7
NORAD-28613,57.8384,76.1063,962.2
NORAD-28617,0.2953,137.1103,1006.0
NORAD-28618,58.3198,-111.4301,871.3
NORAD-28619,67.0061,-125.3986,942.9
NORAD-28620,-65.8736,144.2880,1081.9
NORAD-28621,19.5450,137.4187,775.9
NORAD-28645,-0.1156,178.7100,21882.4
NORAD-28656,-9.8258,36.9765,32761.7
NORAD-28662,6.2538,-175.8283,2100.1
NORAD-28673,-25.7764,-149.7053,972.1
NORAD-28675,53.5273,81.4540,1024.6
NORAD-28676,-76.7253,-109.5342,1078.2
NORAD-28795,-25.3038,16.3160,2301.9
NORAD-28796,-63.9125,-102.7812,1265.3
NORAD-28800,63.6869,52.4941,1207.9
NORAD-28805,17.1880,-151.8758,24751.8
NORAD-28807,25.2597,-154.1777,15802.6
NORAD-28819,20.3721,-156.3443,2320.6
NORAD-28837,-11.9857,107.4320,26966.1
NORAD-28852,30.0832,113.9430,649.3
NORAD-28853,41.1405,-30.0892,547.5
NORAD-28870,-47.5358,-124.5256,2041.8
NORAD-28874,23.0459,-32.3604,20463.4
NORAD-28876,-10.0278,45.4597,7133.9
NORAD-28885,4.6082,46.6634,35785.3
NORAD-28904,-1.4426,-179.3099,28448.7
NORAD-28915,-55.9504,70.2931,19142.4
NORAD-28916,-61.2487,84.0316,19117.9
NORAD-28917,-29.0589,-166.5271,19166.9
NORAD-28918,35.2134,8.3344,19089.3
NORAD-28919,10.7174,-46.3431,18899.3
NORAD-28922,-51.5381,-162.7916,23426.4
NORAD-28923,-8.5142,-116.2482,23447.3
NORAD-28925,10.3336,-118.6957,35308.8
NORAD-28926,8.5709,16.6547,11873.1
NORAD-28945,-0.0746,-30.2061,35773.9
NORAD-28947,4.2182,-123.9809,4187.9
NORAD-28973,-12.5616,148.9874,754.3
NORAD-28974,49.8344,136.6922,735.2
NORAD-28978,-70.4596,43.0243,1061.8
NORAD-28979,49.1059,178.0034,2537.6
NORAD-28987,45.2819,108.1935,609.0
NORAD-28988,-33.9522,140.7106,906.3
NORAD-28989,58.2821,-100.7595,852.8
NORAD-28990,58.7902,-78.7752,864.4
NORAD-28991,66.6343,-96.2494,857.4
NORAD-28992,57.3721,171.8721,896.4
NORAD-28993,53.5397,157.7467,904.3
NORAD-28994,37.2779,157.6498,887.3
NORAD-28999,0.6861,102.0852,26240.9
NORAD-29000,3.4923,-31.9255,28298.0
NORAD-29002,-8.3973,-91.0311,33704.2
NORAD-29003,-4.2670,140.5344,8175.6
NORAD-29004,-7.4339,-139.8414,28723.2
NORAD-29006,-26.4258,52.3374,630.2
NORAD-29009,57.4273,20.7757,2188.9
NORAD-29010,7.8328,-48.8731,2169.6
NORAD-29019,63.4267,-35.5798,913.2
NORAD-29033,-2.1893,5.9061,762.2
NORAD-29040,79.0360,77.3438,720.0
NORAD-29042,-25.3064,-94.2286,550.4
NORAD-29043,-24.9065,-84.8700,550.4
NORAD-29056,22.4723,158.0280,34156.3
NORAD-29062,10.6721,94.1873,2442.1
NORAD-29065,-29.1526,74.5415,1680.8
NORAD-29066,-36.7723,-48.6851,890.4
NORAD-29067,-41.4353,103.3504,894.2
NORAD-29069,5.7047,155.3242,721.4
NORAD-29070,-77.5031,-110.5499,582.7
NORAD-29074,30.0885,163.3408,700.6
NORAD-29078,5.9486,167.4423,735.4
NORAD-29094,67.3781,31.6900,580.8
NORAD-29097,54.9110,-172.6958,932.7
NORAD-29100,7.4647,-64.4361,822.7
NORAD-29105,3.8828,-46.9746,821.4
NORAD-29139,21.9556,-77.7913,738.9
NORAD-29156,-9.0579,25.9651,34401.4
NORAD-29163,-2.8475,172.7920,36093.2
NORAD-29170,-34.8155,106.4219,1162.6
NORAD-29183,-12.7737,-84.9155,1065.7
NORAD-29184,-42.7096,152.5527,1298.6
NORAD-29185,-1.7833,-73.8527,1161.3
NORAD-29186,51.9470,106.8861,1057.3
NORAD-29189,-73.2331,-141.4163,1118.8
NORAD-29190,29.7504,-166.0141,1321.1
NORAD-29194,64.6156,-164.0516,895.5
NORAD-29195,61.4081,-25.5908,940.2
NORAD-29196,-60.0335,155.1868,950.9
NORAD-29207,23.6199,-58.1792,950.0
NORAD-29208,47.8062,-61.0188,753.1
NORAD-29211,49.9581,-167.0699,868.3
NORAD-29212,76.7420,85.8091,929.8
NORAD-29215,76.1210,58.9974,1142.3
NORAD-29216,-43.5929,26.4295,1176.2
NORAD-29244,11.5908,-125.1646,14444.0
NORAD-29250,34.9642,-166.4734,24244.8
NORAD-29261,55.8682,-177.6484,28759.6
NORAD-29271,34.7546,-37.5784,11800.4
NORAD-29278,-75.9489,-127.6306,1485.4
NORAD-29279,21.7765,-17.0479,798.7
NORAD-29282,-64.6670,-20.2740,1684.1
NORAD-29283,-6.4383,109.1961,1656.7
NORAD-29284,82.4937,91.2789,1649.4
NORAD-29285,43.0192,-163.2307,1588.5
NORAD-29288,-73.2276,157.7381,1673.1
NORAD-29289,-17.8707,-22.4110,1603.3
NORAD-29290,-53.9053,76.5636,1627.5
NORAD-29292,44.5251,-47.3034,725.9
NORAD-29295,-11.3241,-154.0442,916.8
NORAD-29299,49.8403,132.5307,871.3
NORAD-29300,-65.0154,123.0275,866.1
NORAD-29301,-63.3056,-25.2116,890.9
NORAD-29302,-82.0209,24.3992,872.5
NORAD-29317,-60.3710,33.4652,15645.0
NORAD-29323,17.1349,-85.6249,7367.1
NORAD-29356,54.8687,-66.9001,1443.0
NORAD-29358,-56.3015,7.9199,789.2
NORAD-29359,34.9714,104.8191,1498.1
NORAD-29360,-10.8529,-46.0215,1469.7
NORAD-29362,-76.2935,88.7848,997.9
NORAD-29414,-62.9692,34.8057,16640.2
NORAD-29441,-63.5017,165.2967,3761.2
NORAD-29444,-42.6856,115.7183,899.5
NORAD-29445,18.8753,109.9107,20934.1
NORAD-29446,27.0028,132.1375,27959.4
NORAD-29498,6.5363,-123.0109,21488.6
NORAD-29516,13.3836,13.9743,38121.6
NORAD-29527,-1.0100,54.8765,15817.5
NORAD-29528,-49.4978,60.2157,15623.6
NORAD-29530,-18.0254,-138.4792,26282.9
NORAD-29531,-8.5432,-122.9509,27849.5
NORAD-29532,6.9251,33.5453,9898.3
NORAD-29534,-12.8594,-165.0753,14995.3
NORAD-29537,38.4560,-88.8835,618.9
NORAD-29538,-6.1132,36.8421,508.8
NORAD-29601,52.3459,-139.6903,19964.4
NORAD-29646,-2.0131,-119.2109,9583.8
NORAD-29649,3.8778,-5.7465,2206.1
NORAD-29650,15.7525,43.1880,34837.8
NORAD-29670,-3.6804,84.5183,19078.4
NORAD-29672,57.5711,-141.8919,19108.9
NORAD-29676,-4.8570,-101.8980,35206.5
NORAD-29680,55.7145,-35.6092,13930.6
NORAD-29682,55.5204,-51.9643,18584.9
NORAD-29741,34.8026,84.6241,1981.2
NORAD-29748,-24.3370,-34.9925,1106.1
NORAD-29760,-61.5471,94.0567,795.5
NORAD-29769,-80.8780,-123.8452,794.8
NORAD-29772,-65.0677,-66.9067,976.6
NORAD-29780,-74.5909,155.9074,805.9
NORAD-29793,71.4074,89.0135,790.9
NORAD-29794,-48.3321,-128.6461,947.9
NORAD-29795,80.9954,120.9845,835.8
NORAD-29800,59.4612,69.1789,821.4
NORAD-29809,52.2534,42.5124,685.5
NORAD-29817,-74.0802,-149.9199,861.3
NORAD-29828,8.3267,-58.0367,903.7
NORAD-29836,-61.8650,-171.6221,616.4
NORAD-29841,71.8590,8.5302,596.7
NORAD-29846,-14.7772,-64.4714,863.0
NORAD-29852,-20.8715,-85.3032,910.5
NORAD-29853,1.5910,6.0795,1027.6
NORAD-29858,78.2246,125.6683,1109.1
NORAD-29859,-81.5049,-30.1609,1086.3
NORAD-29868,-79.4049,-103.6423,769.3
NORAD-29869,-63.0191,179.8771,802.0
NORAD-29870,35.1611,-127.6110,884.8
NORAD-29874,58.7414,-43.5891,743.6
NORAD-29876,33.0040,-54.9192,784.4
NORAD-29881,47.0996,-138.8125,1182.9
NORAD-29887,61.1694,148.3361,671.3
NORAD-29893,-44.2093,166.0298,855.8
NORAD-29897,16.6736,-81.6829,887.2
NORAD-29899,-51.5912,-141.5993,878.1
NORAD-29904,80.0720,16.6518,598.7
NORAD-29907,-45.8296,-38.7162,923.9
NORAD-29917,10.1287,-74.2939,915.9
NORAD-29920,53.6642,-91.4774,792.2
NORAD-29926,-23.7831,65.4774,762.1
NORAD-29927,43.5826,121.7661,628.1
NORAD-29930,64.9058,167.6495,806.0
NORAD-29953,2.4432,-119.0303,949.2
NORAD-29957,-57.2472,-124.4486,693.1
NORAD-29966,20.7604,128.0508,786.7
NORAD-29977,-60.4386,-56.7340,911.7
NORAD-29982,-5.9577,110.9801,752.1
NORAD-29987,-54.7277,139.7306,899.8
NORAD-30012,16.0468,133.1961,882.5
NORAD-30035,9.7166,-166.9760,701.9
NORAD-30037,72.0734,23.8851,795.8
NORAD-30048,6.7665,-71.1793,888.4
NORAD-30060,-78.8196,57.0455,875.2
NORAD-30070,49.3094,115.4099,694.3
NORAD-30074,-21.7657,154.8225,803.2
NORAD-30075,80.3910,29.3182,928.8
NORAD-30086,68.4379,87.1456,912.6
NORAD-30087,45.1251,-63.9459,810.4
NORAD-30090,-6.8913,88.9993,788.7
NORAD-30095,-10.9818,35.9317,571.1
NORAD-30104,17.8119,91.5610,796.6
NORAD-30106,50.5238,-152.5104,550.2
NORAD-30107,67.8753,-21.8368,782.3
NORAD-30108,-69.5810,86.3073,931.8
NORAD-30110,5.7255,169.8944,1255.7
NORAD-30119,-82.0558,142.4927,905.6
NORAD-30127,-64.9752,-52.9502,782.3
NORAD-30129,81.1677,-115.4106,992.9
NORAD-30132,-67.7648,66.9598,890.9
NORAD-30140,79.9002,83.0415,788.2
NORAD-30142,40.1358,-12.2588,796.0
NORAD-30150,-80.8366,-50.3492,1003.7
NORAD-30152,-61.6760,-46.2519,832.4
NORAD-30154,32.0251,-71.5111,1048.3
NORAD-30160,26.5380,-169.2148,1358.3
NORAD-30163,-43.0195,-20.3607,1331.1
NORAD-30170,-77.9333,108.6005,959.4
NORAD-30171,48.4538,110.8216,854.6
NORAD-30173,-37.2606,-35.1136,906.8
NORAD-30178,-15.1962,-178.8917,1256.4
NORAD-30210,-34.6758,140.6474,843.4
NORAD-30213,70.3159,134.1569,808.1
NORAD-30214,64.5568,136.1799,786.4
NORAD-30231,49.7190,111.3214,907.1
NORAD-30232,27.8119,-72.2478,628.2
NORAD-30239,23.7822,158.8902,833.3
NORAD-30245,-26.6564,-127.9510,1080.9
NORAD-30248,-7.3146,104.6511,676.6
NORAD-30249,-68.8357,58.0633,697.8
NORAD-30251,-17.2408,-70.1719,824.1
NORAD-30259,-81.0231,44.5212,782.8
NORAD-30263,80.9165,92.4223,844.4
NORAD-30264,60.7633,118.3403,793.3
NORAD-30265,61.2273,35.7316,664.1
NORAD-30272,23.1189,144.2348,871.9
NORAD-30276,33.0579,-19.0199,796.2
NORAD-30277,38.6964,145.0366,821.3
NORAD-30280,13.1910,-116.0183,860.5
NORAD-30284,2.1873,-30.2225,787.1
NORAD-30293,39.3488,-76.2431,780.0
NORAD-30294,-57.2661,76.4540,868.5
NORAD-30297,-73.9502,-178.8083,560.3
NORAD-30300,38.4597,-15.4548,777.5
NORAD-30302,-40.7961,152.5923,801.0
NORAD-30303,20.6051,161.0065,765.0
NORAD-30304,79.2701,99.0961,854.6
NORAD-30306,36.0180,-54.9279,721.4
NORAD-30310,14.6852,-84.8312,706.9
NORAD-30314,56.9085,88.9218,794.4
NORAD-30320,-12.9126,142.4798,935.8
NORAD-30322,-9.4974,-74.3972,819.7
NORAD-30324,-21.5448,163.7140,17474.3
NORAD-30327,32.1543,151.0694,887.1
NORAD-30329,-7.2202,177.3345,858.6
NORAD-30348,-33.2303,-4.4237,777.3
NORAD-30349,37.2836,-138.3609,794.5
NORAD-30352,-4.1310,-84.6836,872.4
NORAD-30359,-73.3887,94.9350,869.8
NORAD-30361,9.2377,-66.3845,766.6
NORAD-30362,13.2976,3.7799,888.1
NORAD-30363,3.4783,-24.2064,784.9
NORAD-30366,22.0815,-171.4785,828.8
NORAD-30379,-13.1182,91.7704,873.8
NORAD-30381,7.7203,-66.0369,829.8
NORAD-30382,13.4487,-64.8487,727.4
NORAD-30386,-43.2529,-39.0459,878.4
NORAD-30392,-45.2651,-94.8652,851.9
NORAD-30394,-11.8962,115.8406,900.2
NORAD-30396,-71.2572,-143.3984,876.7
NORAD-30397,59.4774,-161.6473,1004.5
NORAD-30400,-48.2518,-177.6658,890.3
NORAD-30401,-10.9840,140.8448,784.7
NORAD-30404,-31.7816,-20.9183,1403.9
NORAD-30406,81.3109,-149.7029,1070.6
NORAD-30414,-43.7140,60.1526,786.8
NORAD-30419,-32.6542,42.2859,876.4
NORAD-30434,-50.7696,-129.4537,1028.1
NORAD-30437,4.6669,-51.8906,562.0
NORAD-30438,22.5985,83.1729,840.5
NORAD-30441,59.8772,-1.2491,861.5
NORAD-30442,38.2478,171.1014,758.1
NORAD-30443,-57.2519,-159.7310,790.5
NORAD-30445,-29.2733,47.2145,809.2
NORAD-30447,8.0319,-42.7160,723.0
NORAD-30454,76.3348,-1.8753,873.4
NORAD-30462,-42.4569,-123.8732,987.2
NORAD-30466,-79.5346,172.7631,867.1
NORAD-30469,76.4743,-122.2441,946.3
NORAD-30471,-56.3110,-22.6151,914.8
NORAD-30474,-56.6755,-178.1612,791.3
NORAD-30475,81.1843,24.2717,806.2
NORAD-30476,-80.6441,-158.4301,866.6
NORAD-30477,28.8865,-29.4112,845.3
NORAD-30489,-49.5284,-104.0772,953.6
NORAD-30492,-16.8922,-163.2923,719.8
NORAD-30494,-29.8217,-73.0517,1107.3
NORAD-30505,-70.3891,-42.9818,858.9
NORAD-30509,3.8336,121.0136,813.9
NORAD-30515,-19.5121,109.7745,836.1
NORAD-30520,39.0451,111.8472,459.5
NORAD-30523,43.8931,-117.9930,824.9
NORAD-30525,15.1209,123.9450,846.4
NORAD-30526,-38.7517,-32.6822,1115.7
NORAD-30527,-6.1594,-60.8497,1084.0
NORAD-30528,22.0817,117.9591,946.8
NORAD-30530,-17.6333,116.8705,777.9
NORAD-30531,-16.1164,10.3126,658.0
NORAD-30541,-44.2729,133.5041,828.5
NORAD-30542,81.1940,8.6338,851.3
NORAD-30545,-76.8819,-51.8120,908.1
NORAD-30548,-50.1906,168.2793,825.9
NORAD-30550,-36.2680,-17.9867,956.5
NORAD-30553,-64.6321,-138.0223,635.2
NORAD-30558,-16.2393,-151.4505,1466.5
NORAD-30560,-75.4566,-146.2269,855.5
NORAD-30565,-75.2617,-26.2250,950.7
NORAD-30568,-32.7791,80.4953,704.4
NORAD-30570,8.8445,-70.2395,877.6
NORAD-30573,14.0102,122.9042,811.4
NORAD-30574,-36.2132,53.9980,860.8
NORAD-30577,-39.9113,117.4253,876.2
NORAD-30580,2.6078,18.3896,77018.0
NORAD-30597,-0.7618,51.3799,475.7
NORAD-30600,69.1310,-144.8031,806.0
NORAD-30603,18.4012,80.1132,820.8
NORAD-30604,42.1928,-65.5391,664.9
NORAD-30609,-58.7487,3.1612,881.8
NORAD-30616,50.3221,98.2336,963.8
NORAD-30619,-44.7498,106.3692,893.4
NORAD-30621,3.5142,-163.3605,865.4
NORAD-30622,-36.4091,-41.9250,747.2
NORAD-30623,10.6487,52.9226,1441.4
NORAD-30625,-53.2153,58.9965,765.8
NORAD-30630,46.2284,-107.2551,835.3
NORAD-30632,-74.4371,-98.1455,661.6
NORAD-30633,-70.3399,-44.1094,938.5
NORAD-30634,-50.3768,82.2726,818.9
NORAD-30640,-5.9093,-25.8344,823.8
NORAD-30641,19.4841,-138.2559,574.0
NORAD-30647,70.9264,-123.0622,707.9
NORAD-30649,27.5152,3.4403,822.6
NORAD-30650,77.2821,-6.6189,863.2
NORAD-30662,-28.7694,-42.3396,847.8
NORAD-30663,-77.2769,111.2650,1296.8
NORAD-30665,-34.3407,-127.9137,901.0
NORAD-30668,-64.5221,177.6007,878.0
NORAD-30670,-37.6147,-66.1746,825.2
NORAD-30673,41.7646,117.9038,892.1
NORAD-30675,-17.3467,163.2772,782.5
NORAD-30677,14.7015,-59.5310,808.2
NORAD-30678,-30.7278,-136.5306,864.0
NORAD-30679,-3.3758,-49.7584,954.8
NORAD-30680,-19.7186,123.1948,874.0
NORAD-30684,-55.0003,-74.4714,1120.9
NORAD-30686,53.8573,-74.4438,732.2
NORAD-30688,0.2401,-24.6634,787.3
NORAD-30696,38.4901,120.6549,803.0
NORAD-30701,-67.0207,138.1420,843.0
NORAD-30707,-13.8515,-31.8257,791.4
NORAD-30708,52.8010,76.8194,850.5
NORAD-30714,60.1386,107.8654,836.4
NORAD-30720,-23.8475,78.0544,808.9
NORAD-30724,53.8012,115.2909,770.2
NORAD-30730,-11.7456,-65.2047,760.9
NORAD-30731,-18.5252,171.3029,749.3
NORAD-30735,51.8647,-17.2053,819.9
NORAD-30736,-73.7065,-112.9230,840.0
NORAD-30741,79.7795,26.3544,851.2
NORAD-30751,38.6845,131.5614,876.9
NORAD-30753,11.6346,114.2976,882.2
NORAD-30756,70.4219,124.6778,781.1
NORAD-30759,58.2158,-164.2416,701.7
NORAD-30761,-19.7414,18.6459,791.8
NORAD-30765,15.2203,121.3152,803.9
NORAD-30789,80.3412,61.2316,692.2
NORAD-30795,-3.9535,146.8787,26049.2
NORAD-30797,4.1848,4.4456,57619.9
NORAD-30798,5.3003,43.9185,63196.8
NORAD-30803,-18.4932,123.2495,792.1
NORAD-30804,80.4879,47.9721,824.5
NORAD-30805,9.2398,115.7961,874.2
NORAD-30806,-19.6901,-87.7351,1101.5
NORAD-30810,-6.4023,-114.7198,987.6
NORAD-30815,-32.3028,82.4702,628.8
NORAD-30820,-8.0234,175.2976,796.0
NORAD-30821,-21.5255,56.4446,766.8
NORAD-30823,-62.6120,17.3841,802.5
NORAD-30826,-77.0336,75.4442,728.8
NORAD-30828,55.8867,29.2531,711.0
NORAD-30833,-20.5065,-103.8459,790.5
NORAD-30836,60.2500,92.8506,835.7
NORAD-30838,28.1637,4.5357,734.4
NORAD-30846,71.9465,-117.4756,716.4
NORAD-30848,-45.3574,96.4332,803.2
NORAD-30849,33.7292,139.0015,845.8
NORAD-30850,38.8526,-71.5388,802.4
NORAD-30856,68.8655,102.3259,752.6
NORAD-30857,-27.9913,90.3918,704.6
NORAD-30860,74.4925,123.2511,811.5
NORAD-30862,56.4022,169.0085,761.9
NORAD-30863,-25.6863,-130.8902,2089.7
NORAD-30867,20.1816,-34.5078,798.0
NORAD-30868,-44.3255,114.6977,929.3
NORAD-30882,79.8045,86.0251,496.7
NORAD-30883,65.8510,86.0208,821.6
NORAD-30884,-72.9160,125.5344,682.6
NORAD-30885,-9.5380,-62.2944,692.8
NORAD-30886,-62.8926,1.7005,837.0
NORAD-30888,-71.9930,-108.3112,538.5
NORAD-30892,-29.9178,48.1668,814.6
NORAD-30893,78.9997,38.8649,1126.2
NORAD-30899,-58.9582,155.2262,813.4
NORAD-30902,6.6106,-90.2155,804.5
NORAD-30903,38.0911,-36.9644,954.0
NORAD-30905,36.6996,149.9458,872.0
NORAD-30907,-51.1879,136.6488,814.2
NORAD-30912,-20.9890,-45.8448,630.6
NORAD-30913,28.2610,-74.7069,915.2
NORAD-30914,-60.4559,114.1648,861.7
NORAD-30915,-11.7299,162.9538,790.6
NORAD-30916,-33.6235,-45.1397,917.9
NORAD-30918,5.1093,-2.8491,939.5
NORAD-30925,5.1174,42.8165,768.4
NORAD-30926,-58.4787,59.8015,705.7
NORAD-30927,56.7079,131.0636,876.8
NORAD-30928,-4.8581,-40.0991,1082.6
NORAD-30930,24.8668,96.3666,846.1
NORAD-30931,80.1715,27.8286,907.8
NORAD-30932,38.6878,10.7804,760.4
NORAD-30933,16.4322,-102.5851,748.1
NORAD-30934,8.7408,114.6452,1196.9
NORAD-30940,-68.7670,95.5986,901.5
NORAD-30941,-40.8475,107.2916,815.6
NORAD-30943,76.0963,49.9496,904.4
NORAD-30944,4.3271,-31.9392,639.2
NORAD-30945,-5.9549,-75.4369,777.3
NORAD-30946,-74.7684,-113.6069,688.9
NORAD-30956,54.9347,98.3032,831.5
NORAD-30959,79.1322,-61.2948,766.1
NORAD-30960,-36.0909,-135.8001,617.8
NORAD-30964,-77.0770,176.5363,972.2
NORAD-30971,-80.2312,-98.7196,560.8
NORAD-30978,62.8918,-48.4155,784.0
NORAD-30979,66.4546,172.9842,745.0
NORAD-30984,-15.3624,115.9070,780.6
NORAD-30989,42.8492,-14.3498,867.7
NORAD-30996,48.3291,-16.7766,737.0
NORAD-30999,69.9719,119.9853,621.3
NORAD-31002,56.7481,73.1617,897.1
NORAD-31003,-81.0666,-119.0924,814.9
NORAD-31005,20.1949,21.3463,833.5
NORAD-31010,-38.7641,106.8383,743.5
NORAD-31012,26.5165,-21.4442,744.9
NORAD-31017,-81.0857,137.3601,933.8
NORAD-31018,-72.8517,-158.1725,807.2
NORAD-31019,45.6615,39.3865,2136.2
NORAD-31021,-56.4810,-148.3290,473.6
NORAD-31022,19.9659,152.7394,996.9
NORAD-31023,76.5849,-77.7659,863.9
NORAD-31024,24.6504,-176.7405,849.1
NORAD-31025,-54.1275,-126.3845,828.2
NORAD-31028,-77.2558,42.6071,1067.2
NORAD-31031,-53.0038,171.3316,838.5
NORAD-31041,-38.4422,-70.3246,861.1
NORAD-31046,-76.0006,-100.3116,656.3
NORAD-31049,53.2527,73.5307,903.0
NORAD-31051,79.4710,-18.5232,918.0
NORAD-31053,-15.6906,-168.8275,902.7
NORAD-31054,-64.0274,-110.4488,860.3
NORAD-31055,-12.8056,-75.1959,881.0
NORAD-31057,76.4293,13.4878,664.4
NORAD-31058,-52.3935,80.9833,655.8
NORAD-31064,71.0304,-95.2279,662.9
NORAD-31065,-64.5546,112.2241,828.9
NORAD-31068,-18.0212,57.9453,843.2
NORAD-31069,-17.0264,-96.8357,775.8
NORAD-31071,-7.2012,-6.6996,756.5
NORAD-31073,80.4936,-134.7574,775.0
NORAD-31074,77.8301,-136.1436,795.2
NORAD-31080,62.4928,-148.4967,855.2
NORAD-31081,-29.8993,96.1574,865.0
NORAD-31082,68.0348,-75.4134,873.5
NORAD-31085,-39.0395,-64.4003,865.5
NORAD-31087,65.3987,-64.7634,695.2
NORAD-31088,64.0579,-3.0469,789.4
NORAD-31089,-39.2799,-137.2436,878.6
NORAD-31090,-39.2636,-115.4472,155.0
NORAD-31093,58.1067,96.0475,943.4
NORAD-31097,-26.7511,-141.5778,730.2
NORAD-31099,50.3323,168.9437,786.3
NORAD-31103,-43.1218,-131.2117,9415.2
NORAD-31104,-11.6910,91.1763,35062.8
NORAD-31115,-38.5783,70.8654,22458.8
NORAD-31124,17.6374,-126.1287,670.9
NORAD-31125,28.6397,-123.6768,687.3
NORAD-31126,-71.7511,70.9713,683.9
NORAD-31131,-18.0371,113.0566,717.9
NORAD-31138,-9.0753,-161.2298,13776.1
NORAD-31150,-14.9175,85.9253,852.9
NORAD-31151,-20.3356,98.6505,851.1
NORAD-31155,47.4723,-19.6761,805.5
NORAD-31159,81.9052,-14.1701,259.3
NORAD-31160,18.0109,-41.6566,910.7
NORAD-31163,15.6331,-47.0290,751.9
NORAD-31165,-80.9956,-120.6521,635.8
NORAD-31168,-79.7619,-69.6451,711.0
NORAD-31169,-35.0806,123.2251,851.9
NORAD-31171,-53.3116,-133.6818,878.9
NORAD-31175,-12.0813,-96.2025,650.3
NORAD-31177,-77.8999,108.5549,1134.0
NORAD-31178,-38.5564,107.0395,899.2
NORAD-31179,62.0890,-67.0291,824.6
NORAD-31180,-61.0863,-137.4458,752.4
NORAD-31181,-48.6042,-80.9654,832.2
NORAD-31182,3.5003,64.0205,849.7
NORAD-31186,-34.1781,7.7702,867.7
NORAD-31188,15.9057,145.2782,774.7
NORAD-31190,-66.9760,109.0897,922.6
NORAD-31191,18.3963,170.2230,820.3
NORAD-31194,80.9822,-118.4207,736.6
NORAD-31195,-59.7441,123.9495,776.1
NORAD-31196,63.7397,-73.6452,832.9
NORAD-31198,80.8599,55.9732,940.7
NORAD-31199,78.5253,8.5542,819.2
NORAD-31201,-15.1653,128.1014,758.0
NORAD-31202,22.6864,88.2871,654.6
NORAD-31206,35.2295,-177.9049,708.3
NORAD-31208,69.3103,95.0857,670.2
NORAD-31209,-70.0654,-20.1708,763.7
NORAD-31211,30.3595,-62.0383,818.6
NORAD-31212,-25.5168,-66.0251,884.5
NORAD-31215,68.9692,139.3795,728.1
NORAD-31218,-25.8075,27.0623,616.6
NORAD-31219,-80.7105,-174.0320,831.1
NORAD-31222,-36.6065,178.5751,676.6
NORAD-31223,-78.0799,88.6682,849.5
NORAD-31224,-32.4988,70.5777,720.4
NORAD-31225,-48.7268,-33.6297,845.6
NORAD-31234,9.7239,-108.6626,921.1
NORAD-31239,72.8562,40.7415,856.0
NORAD-31240,54.2300,67.5409,872.3
NORAD-31243,-54.7146,127.2245,837.3
NORAD-31244,-56.1515,157.6117,822.1
NORAD-31246,-61.8884,-59.8757,978.1
NORAD-31247,-26.6441,150.8705,849.2
NORAD-31248,51.0669,126.7058,894.7
NORAD-31250,-74.3782,-52.7962,988.3
NORAD-31252,-69.1773,-108.3211,643.7
NORAD-31253,-44.8532,154.8009,799.7
NORAD-31254,40.9101,-45.6411,879.2
NORAD-31255,54.8714,98.8983,673.4
NORAD-31256,33.7025,105.9845,983.2
NORAD-31259,-26.7785,-22.3567,883.8
NORAD-31260,-74.9342,21.8338,806.0
NORAD-31264,66.5647,-38.2523,827.8
NORAD-31266,-45.8988,-115.3090,916.7
NORAD-31268,38.6814,109.4178,857.8
NORAD-31269,36.9268,-54.4593,582.5
NORAD-31272,61.3569,-57.8259,888.3
NORAD-31274,3.0314,73.3759,1002.8
NORAD-31275,-53.9668,133.0003,966.2
NORAD-31279,-0.9713,-96.2843,843.9
NORAD-31282,-76.7066,58.4514,820.9
NORAD-31286,-18.8054,-165.1036,836.3
NORAD-31287,50.4166,140.9262,813.0
NORAD-31288,-37.3064,84.2075,334.5
NORAD-31293,37.9265,-90.7864,854.1
NORAD-31294,-49.2118,-121.6253,877.9
NORAD-31295,-29.4922,-108.3353,903.4
NORAD-31297,-54.0954,-114.4485,689.6
NORAD-31303,-10.6966,92.5648,861.4
NORAD-31305,-74.0793,75.3765,487.9
NORAD-31314,-63.6360,-128.6323,894.4
NORAD-31321,-17.0830,157.6935,837.8
NORAD-31322,-80.5229,-172.1298,983.0
NORAD-31323,-5.8953,136.1218,821.8
NORAD-31324,-30.9770,12.5290,877.2
NORAD-31325,-31.9947,-8.1230,888.9
NORAD-31327,10.0696,117.5885,477.0
NORAD-31329,43.8236,76.4784,687.6
NORAD-31333,-18.3454,90.9834,882.7
NORAD-31336,27.4827,-42.3426,757.9
NORAD-31338,-15.3344,-78.9943,833.4
NORAD-31339,49.4606,81.7432,824.3
NORAD-31342,-25.9960,-139.1425,842.7
NORAD-31345,26.3539,71.4275,901.5
NORAD-31349,-63.1482,133.7104,907.0
NORAD-31350,26.0118,85.2481,788.2
NORAD-31351,21.5735,-113.9156,828.5
NORAD-31357,-39.5551,113.0317,856.7
NORAD-31359,-61.9739,-11.9277,878.2
NORAD-31360,3.3629,-82.4215,778.6
NORAD-31361,-66.2216,69.1764,844.0
NORAD-31362,14.7613,67.9128,851.2
NORAD-31364,-80.7190,-59.1633,795.8
NORAD-31367,46.1095,-27.1270,722.1
NORAD-31369,0.5729,57.0825,826.4
NORAD-31371,48.9076,-62.9335,876.9
NORAD-31374,-1.9774,55.5471,723.3
NORAD-31378,18.2184,-6.2700,861.7
NORAD-31383,15.0237,-34.6368,827.6
NORAD-31384,6.5815,27.8857,1241.8
NORAD-31385,6.4680,-179.3372,846.5
NORAD-31387,-66.5122,-13.7533,711.7
NORAD-31388,-38.8463,71.2506,853.4
NORAD-31397,1.0354,147.0160,892.3
NORAD-31399,-33.6712,97.7059,890.7
NORAD-31400,-23.5770,115.1292,862.4
NORAD-31402,-29.3740,137.5507,893.4
NORAD-31404,30.5680,-69.4057,637.3
NORAD-31406,-37.3674,-170.9232,764.8
NORAD-31407,6.8589,147.8123,756.3
NORAD-31411,16.8369,137.9248,732.4
NORAD-31412,58.9012,0.7500,825.4
NORAD-31415,8.3243,53.8871,831.2
NORAD-31418,62.3672,-150.4642,706.8
NORAD-31419,31.8493,-94.7727,657.2
NORAD-31420,48.9319,144.3411,712.3
NORAD-31423,-29.5682,61.9737,802.1
NORAD-31424,-65.8589,132.0912,829.0
NORAD-31426,-53.3906,32.0667,1032.0
NORAD-31427,-66.8570,-139.3181,716.8
NORAD-31430,-51.2030,154.3890,832.3
NORAD-31431,63.0944,-60.2797,976.0
NORAD-31433,13.5715,158.6381,741.3
NORAD-31435,37.2409,-98.1022,744.0
NORAD-31436,60.1878,160.8650,503.9
NORAD-31437,1.5010,-9.3955,758.8
NORAD-31440,-4.8746,173.1859,782.9
NORAD-31441,25.3729,-27.0051,546.6
NORAD-31443,-68.3373,-4.8264,626.7
NORAD-31444,-42.3469,-144.8660,635.1
NORAD-31447,-54.4360,-65.9824,855.5
NORAD-31448,-78.8095,135.9890,788.1
NORAD-31449,55.3363,124.4721,685.7
NORAD-31451,17.8036,115.9477,832.1
NORAD-31452,-29.9190,67.3707,838.7
NORAD-31455,80.4374,-55.4868,879.1
NORAD-31462,-80.4012,-151.1168,861.6
NORAD-31463,37.1272,-98.7875,634.1
NORAD-31464,7.2975,-55.0938,884.0
NORAD-31466,41.8864,-155.3187,672.2
NORAD-31467,-21.9555,113.6351,825.7
NORAD-31471,79.2360,171.1063,745.7
NORAD-31473,-5.2038,111.1087,836.1
NORAD-31474,-25.5472,-54.0464,912.8
NORAD-31475,19.1587,161.2199,716.4
NORAD-31476,40.4060,-16.0153,852.5
NORAD-31477,-36.9523,72.9316,954.2
NORAD-31480,-78.8326,-40.0194,982.0
NORAD-31483,-32.8163,-75.8554,904.4
NORAD-31484,-76.6499,162.0870,673.6
NORAD-31485,-19.8845,135.3722,865.7
NORAD-31491,31.1528,-6.5322,800.7
NORAD-31495,66.9226,-58.5841,797.1
NORAD-31497,-81.4165,138.0434,894.6
NORAD-31498,-54.8151,43.4247,830.3
NORAD-31503,27.7351,161.7328,854.6
NORAD-31507,50.2992,98.3482,763.6
NORAD-31508,33.6933,-166.0314,651.6
NORAD-31509,53.9361,28.8105,928.5
NORAD-31510,-81.4366,165.5242,850.3
NORAD-31511,17.5160,80.5930,873.9
NORAD-31512,-35.2342,157.0886,689.4
NORAD-31513,-9.7672,-175.9192,790.8
NORAD-31514,-11.4695,169.4011,819.0
NORAD-31519,-27.7278,-111.9599,863.0
NORAD-31522,-43.9759,-97.7349,913.6
NORAD-31524,-48.9270,136.3136,757.3
NORAD-31531,-33.6532,125.8854,691.2
NORAD-31533,80.9300,-121.2742,757.9
NORAD-31535,-44.8149,-76.9374,756.5
NORAD-31537,18.1636,69.0568,663.3
NORAD-31540,65.0396,101.7390,631.0
NORAD-31542,68.8793,109.8105,809.9
NORAD-31544,-63.9161,148.2072,870.4
NORAD-31546,-38.0789,-51.7627,798.0
NORAD-31547,30.7207,125.7890,777.0
NORAD-31552,67.8776,-174.8828,695.8
NORAD-31553,-1.4213,143.0371,809.9
NORAD-31554,-76.6013,-90.7220,741.4
NORAD-31555,-36.3311,56.8471,643.4
NORAD-31557,65.8747,39.1531,665.2
NORAD-31558,-52.0974,-7.2151,738.0
NORAD-31559,-43.6967,-137.5534,672.9
NORAD-31560,-79.7514,167.7855,921.2
NORAD-31561,-60.1009,84.1341,866.9
NORAD-31562,-68.1206,45.9819,800.7
NORAD-31563,-40.2868,-99.3976,746.7
NORAD-31565,-5.9995,-177.2909,725.4
NORAD-31566,-18.2872,-34.6692,767.1
NORAD-31567,10.9132,11.5767,1051.0
NORAD-31568,-50.8847,43.5227,813.3
NORAD-31569,37.0994,141.9423,938.0
NORAD-31570,-47.5517,12.9178,897.6
NORAD-31571,-32.9791,10.6186,1428.8
NORAD-31573,-49.3207,35.7854,1589.7
NORAD-31574,-22.1990,150.5190,1729.8
NORAD-31576,6.0314,-47.1819,1606.1
NORAD-31577,-7.9172,175.7327,36389.2
NORAD-31579,-79.2238,134.6355,1118.2
NORAD-31598,64.3614,-108.7940,575.5
NORAD-31608,38.7966,-156.1069,560.2
NORAD-31609,52.6589,-51.3111,772.1
NORAD-31613,-60.9203,-102.8252,784.7
NORAD-31615,-24.7962,-39.0343,822.0
NORAD-31618,-4.1577,57.5020,786.7
NORAD-31619,59.4162,141.8179,545.1
NORAD-31620,20.3550,-4.5841,749.9
NORAD-31622,-58.6567,-164.1250,786.6
NORAD-31623,69.6385,95.6905,868.2
NORAD-31625,20.3252,1.2174,630.7
NORAD-31627,11.6201,124.8572,782.1
NORAD-31628,-32.6752,170.2579,1003.8
NORAD-31629,15.3386,22.3288,822.4
NORAD-31630,-3.3602,79.9075,615.2
NORAD-31631,80.1900,-81.4228,533.4
NORAD-31633,-32.7009,-97.8851,901.7
NORAD-31634,69.0602,-24.3701,959.9
NORAD-31639,-58.0839,179.3350,934.7
NORAD-31642,-78.0387,-65.2686,832.3
NORAD-31644,37.1047,169.6804,731.0
NORAD-31646,61.5223,82.0255,833.6
NORAD-31648,-68.9901,27.5315,853.8
NORAD-31655,-60.6026,35.1889,861.1
NORAD-31656,67.7264,-69.0435,717.8
NORAD-31657,42.0851,40.1546,947.1
NORAD-31658,11.3071,-93.3099,921.0
NORAD-31660,-19.4622,-105.9713,835.7
NORAD-31661,48.5182,152.0806,777.2
NORAD-31663,11.3150,6.3384,558.1
NORAD-31664,3.6249,-112.0106,925.0
NORAD-31665,4.1141,-75.3928,1090.6
NORAD-31666,80.7147,-179.4502,577.7
NORAD-31667,-38.0094,112.2027,791.0
NORAD-31672,53.9592,-90.3685,656.8
NORAD-31673,-41.5249,-60.0321,855.4
NORAD-31674,-80.9232,-150.0518,731.0
NORAD-31678,38.4815,-165.9540,717.6
NORAD-31680,-19.8221,-101.5066,416.8
NORAD-31685,81.2798,7.5356,855.6
NORAD-31686,43.2963,145.9039,737.7
NORAD-31688,-59.6259,147.0312,846.2
NORAD-31691,13.3593,-7.4043,841.5
NORAD-31692,-12.0491,86.8129,863.7
NORAD-31695,52.2164,159.0250,673.6
NORAD-31698,-70.9655,-118.7808,524.2
NORAD-31699,-50.5652,53.7785,516.7
NORAD-31702,-62.3638,-30.9419,988.1
NORAD-31714,39.6061,10.8303,94.8
NORAD-31715,51.9131,-80.4283,843.8
NORAD-31716,80.8080,-143.5179,957.7
NORAD-31717,-62.1115,-169.7719,960.4
NORAD-31720,8.3473,14.6292,714.3
NORAD-31721,52.2557,52.9309,784.2
NORAD-31724,-25.8456,77.8896,624.9
NORAD-31725,-78.8526,-43.1027,912.3
NORAD-31726,13.7155,-79.8624,702.8
NORAD-31727,-80.4536,-92.0402,796.5
NORAD-31731,38.5318,139.4324,763.3
NORAD-31732,45.4225,-64.4443,860.3
NORAD-31734,38.8378,61.3771,800.9
NORAD-31735,-63.4197,-156.6496,770.1
NORAD-31736,-53.3186,-114.6053,867.2
NORAD-31737,-26.9623,112.2618,720.5
NORAD-31738,-47.9518,-42.4285,816.4
NORAD-31739,34.5232,-40.4781,803.9
NORAD-31740,68.7907,129.4627,748.8
NORAD-31741,-13.8777,17.8090,892.0
NORAD-31742,-71.6687,-22.7615,824.1
NORAD-31743,-17.1716,22.7314,765.3
NORAD-31744,-79.9216,-90.3726,795.9
NORAD-31746,64.3808,57.0154,615.1
NORAD-31752,80.6141,75.5785,750.7
NORAD-31753,57.1752,-57.8182,942.3
NORAD-31754,11.8985,-119.3780,789.8
NORAD-31755,78.4047,19.0065,860.7
NORAD-31757,-10.4894,98.9485,941.2
NORAD-31758,-12.4715,-101.5783,533.7
NORAD-31760,18.7046,-171.6610,768.9
NORAD-31761,-38.7443,108.7711,1214.4
NORAD-31763,-18.3451,-21.3063,910.8
NORAD-31766,-57.1425,87.3062,933.2
NORAD-31767,41.0304,97.1494,909.3
NORAD-31768,28.3039,3.9926,619.1
NORAD-31772,64.0889,-30.3235,945.9
NORAD-31773,8.6017,92.1245,647.0
NORAD-31774,-42.0142,-64.6156,861.2
NORAD-31776,-56.0195,-48.3397,858.3
NORAD-31779,29.7320,-155.4783,899.0
NORAD-31780,21.8190,-102.0825,733.6
NORAD-31781,-77.9396,33.2993,991.4
NORAD-31782,5.0952,-111.5537,804.3
NORAD-31783,59.7623,-84.3051,846.1
NORAD-31788,-33.9886,-76.4003,817.0
NORAD-31791,-20.9171,40.8410,1515.2
NORAD-31792,59.4736,-109.3284,846.3
NORAD-31793,44.1778,-156.9272,847.1
NORAD-31794,2.3013,-20.9000,1048.6
NORAD-31795,-50.7507,140.7949,1133.5
NORAD-31796,62.5147,-93.6058,964.5
NORAD-31797,73.8332,152.9144,411.3
NORAD-31799,-45.0578,49.6587,1003.5
NORAD-31800,-2.4940,-121.5481,36110.7
NORAD-31804,-30.3163,-120.2693,791.5
NORAD-31805,62.9965,33.5346,1016.2
NORAD-31807,-1.6219,-131.0326,714.3
NORAD-31808,68.6950,-93.7815,695.4
NORAD-31810,3.6289,91.0630,813.5
NORAD-31813,-1.6397,4.0616,724.8
NORAD-31814,57.5972,-36.1436,933.3
NORAD-31815,-22.4657,66.2256,912.5
NORAD-31816,9.1701,-171.4797,861.3
NORAD-31817,42.9331,-76.5022,635.4
NORAD-31819,-70.1282,91.7237,862.4
NORAD-31820,59.0368,-94.3691,484.5
NORAD-31821,-80.7909,20.5644,872.5
NORAD-31823,61.6706,37.7798,684.0
NORAD-31825,76.0513,38.0417,717.4
NORAD-31826,-38.9434,74.1882,752.1
NORAD-31829,-27.1136,56.1067,1019.0
NORAD-31830,-70.1119,-151.7338,1084.4
NORAD-31834,71.5369,-101.0878,985.2
NORAD-31836,31.6386,-136.6233,894.1
NORAD-31837,-15.4863,-22.7795,645.8
NORAD-31838,73.9742,96.7162,843.1
NORAD-31841,-9.6772,-122.8242,929.0
NORAD-31843,58.0787,-159.9821,1136.9
NORAD-31844,51.6177,89.3662,844.8
NORAD-31851,-4.8648,102.3976,956.7
NORAD-31854,-67.9036,101.2771,846.2
NORAD-31857,-52.5278,-150.7680,1244.2
NORAD-31861,53.1007,-62.9156,1012.0
NORAD-31862,-0.3254,-66.5381,36318.8
NORAD-31863,-45.8139,85.6241,11957.7
NORAD-31864,-14.3324,109.6239,33280.4
NORAD-31877,-63.9177,-14.7209,563.6
NORAD-31878,47.2818,32.7136,591.2
NORAD-31879,77.3637,-142.9620,699.6
NORAD-31880,-25.5733,-95.6707,850.2
NORAD-31882,55.0411,-164.1465,858.2
NORAD-31883,-25.7340,-165.7064,610.3
NORAD-31887,-0.4479,-17.9456,693.2
NORAD-31888,48.0736,9.2279,765.7
NORAD-31890,-17.8614,89.1616,835.9
NORAD-31891,59.7432,-73.2488,1026.7
NORAD-31892,79.3168,148.9421,642.8
NORAD-31893,22.8044,-116.0981,679.1
NORAD-31895,29.7648,-73.9798,989.7
NORAD-31898,-34.6147,-34.9659,576.1
NORAD-31899,-9.2661,-157.2321,863.7
NORAD-31901,3.1703,28.2171,829.2
NORAD-31902,21.6968,51.1982,841.5
NORAD-31903,-36.1186,100.6558,790.6
NORAD-31905,41.8330,-102.5398,778.7
NORAD-31906,23.4915,36.3387,809.6
NORAD-31910,55.2958,72.5638,882.4
NORAD-31913,52.0062,-165.2422,784.9
NORAD-31914,-75.7276,101.6832,698.2
NORAD-31915,-0.2509,92.7183,799.5
NORAD-31916,-5.8808,0.7816,717.3
NORAD-31917,-36.1769,-117.4884,909.8
NORAD-31919,20.4177,61.8982,815.2
NORAD-31921,48.5446,159.9841,860.0
NORAD-31922,65.0818,41.4844,1012.4
NORAD-31923,3.1290,-33.7965,884.3
NORAD-31924,-19.4674,28.5200,999.4
NORAD-31926,80.3567,114.4833,765.8
NORAD-31929,30.9504,-150.9656,823.1
NORAD-31931,-25.4056,-9.3651,1307.8
NORAD-31937,-20.5645,17.7276,744.1
NORAD-31938,38.2569,-32.2992,477.1
NORAD-31944,45.3954,-135.3316,894.6
NORAD-31945,35.8649,153.7211,787.2
NORAD-31946,-27.0471,-43.3903,788.3
NORAD-31948,-26.5269,161.4516,823.3
NORAD-31949,68.0415,-99.1044,877.3
NORAD-31952,80.9522,129.2201,654.2
NORAD-31955,40.0553,-24.2157,684.3
NORAD-31959,-55.8461,120.7911,724.2
NORAD-31964,81.2398,119.2347,665.3
NORAD-31966,80.6860,178.6543,645.0
NORAD-31972,65.8611,-32.5794,855.2
NORAD-31974,49.2008,74.9790,738.7
NORAD-31978,-72.1883,1.1589,852.9
NORAD-31979,-72.1457,-160.5165,1204.1
NORAD-31980,-80.5028,-118.2907,942.4
NORAD-31984,-26.9556,84.1766,787.3
NORAD-31985,77.4653,-170.7205,803.0
NORAD-31987,79.7869,-49.8743,771.8
NORAD-31988,34.5819,-40.0556,819.4
NORAD-31989,57.2140,-24.2874,832.4
NORAD-31990,15.3702,87.2088,864.1
NORAD-31991,58.8415,122.6221,1197.4
NORAD-31992,27.7607,12.6887,1410.6
NORAD-31993,-43.4299,-156.6766,1414.0
NORAD-31994,34.4647,54.8461,910.5
NORAD-31997,76.8121,109.2020,1030.9
NORAD-31999,41.9772,-16.5650,762.2
NORAD-32005,70.2873,20.9072,831.8
NORAD-32006,18.0759,-156.1430,969.5
NORAD-32018,-3.7564,-98.4964,36116.9
NORAD-32019,-0.1928,166.2637,36114.1
NORAD-32021,0.7055,-42.3880,623.9
NORAD-32025,-35.7604,-121.6001,14677.8
NORAD-32026,20.0066,122.5839,6622.4
NORAD-32029,-46.5528,-50.3229,12675.6
NORAD-32030,35.9617,-101.5197,387.2
NORAD-32031,51.3016,-37.9293,10929.2
NORAD-32032,9.3162,-160.0988,9731.2
NORAD-32033,-35.3780,-117.6421,14545.9
NORAD-32034,-48.8111,-61.9063,9726.6
NORAD-32036,13.7188,173.0181,5018.2
NORAD-32037,24.2804,-164.0885,3076.9
NORAD-32038,-37.8897,-158.0287,12937.7
NORAD-32041,34.7657,-176.0435,6140.1
NORAD-32042,-35.8667,170.4033,8964.1
NORAD-32043,-46.4155,69.2723,1691.2
NORAD-32047,51.3206,146.0683,7706.2
NORAD-32050,-6.3854,-150.7571,36094.5
NORAD-32052,2.8831,-93.2875,963.5
NORAD-32053,10.7545,75.2795,1002.0
NORAD-32060,-11.7634,-162.9204,503.6
NORAD-32062,80.7330,-94.8146,773.8
NORAD-32063,11.5780,18.5259,708.1
NORAD-32079,-16.6004,-75.7539,749.5
NORAD-32086,20.2574,-48.0239,1220.8
NORAD-32088,7.2366,167.8273,1289.7
NORAD-32089,-54.0371,-111.7224,791.2
NORAD-32093,-57.6520,-44.4095,835.6
NORAD-32094,-71.2461,93.2447,887.4
NORAD-32095,-21.0827,93.9297,865.4
NORAD-32096,-44.4645,-83.9794,935.7
NORAD-32098,51.4977,57.5404,952.0
NORAD-32099,-63.1597,-164.6472,1180.7
NORAD-32101,1.6670,-21.9925,822.1
NORAD-32105,48.1323,123.1918,859.3
NORAD-32106,-67.2918,-93.7084,737.3
NORAD-32109,-31.5448,128.7132,904.0
NORAD-32110,-33.7136,83.0593,793.5
NORAD-32111,14.1611,-102.4609,875.4
NORAD-32113,-47.9664,121.4538,899.3
NORAD-32114,-41.8389,56.5317,652.6
NORAD-32117,53.5096,-46.0527,812.3
NORAD-32119,15.0657,143.3054,863.2
NORAD-32123,-23.1800,81.5724,809.3
NORAD-32125,-63.7145,-113.9845,767.9
NORAD-32126,17.6927,-60.6770,1009.3
NORAD-32127,-42.1630,-163.0096,863.8
NORAD-32128,2.5358,-56.4919,1163.2
NORAD-32129,-31.7600,21.9608,765.7
NORAD-32130,73.1783,-136.3199,708.4
NORAD-32132,-36.9201,141.4434,689.5
NORAD-32133,-2.8984,-108.1753,827.0
NORAD-32134,-81.3062,160.9000,940.1
NORAD-32136,43.4390,-100.3090,807.4
NORAD-32137,4.6250,40.8346,577.6
NORAD-32141,40.4567,-96.6570,922.5
NORAD-32143,51.9486,40.7545,905.0
NORAD-32150,28.5406,120.7327,793.5
NORAD-32152,81.0199,150.9546,725.2
NORAD-32153,38.1736,118.7245,876.2
NORAD-32155,-63.0865,179.4875,824.5
NORAD-32156,-7.9829,85.1259,737.6
NORAD-32160,-38.2349,58.0934,783.9
NORAD-32161,-28.4777,-5.4595,963.2
NORAD-32162,-9.5327,-26.2248,690.2
NORAD-32167,72.9522,41.7586,815.6
NORAD-32168,-7.8993,17.6634,932.5
NORAD-32169,-65.0944,-60.5422,648.2
NORAD-32171,72.2609,-101.7741,1451.3
NORAD-32174,43.9208,128.2806,732.4
NORAD-32175,19.3257,-115.6326,824.3
NORAD-32177,-70.0505,-98.4879,718.8
NORAD-32178,-45.6892,127.3155,893.7
NORAD-32179,7.8121,124.3066,790.7
NORAD-32180,-71.9538,-86.8885,1051.6
NORAD-32181,1.1116,-147.8278,757.2
NORAD-32183,53.5505,-42.3711,854.1
NORAD-32185,61.2218,159.4728,423.2
NORAD-32186,-55.4542,-60.7269,1173.5
NORAD-32187,54.1369,-15.6272,1189.7
NORAD-32191,64.3402,-25.8703,862.5
NORAD-32192,-14.6200,113.1414,1068.4
NORAD-32195,-70.1401,103.3683,926.4
NORAD-32197,13.3528,-6.4706,676.8
NORAD-32198,12.9836,-148.5971,834.4
NORAD-32200,-27.3585,131.7021,857.1
NORAD-32203,79.2285,-73.2990,324.2
NORAD-32205,-20.8351,-104.2265,863.2
NORAD-32207,6.8837,69.1470,764.1
NORAD-32209,-0.5447,-162.9153,966.6
NORAD-32212,-42.4265,-149.4598,791.7
NORAD-32214,51.0029,-67.2189,901.0
NORAD-32218,-68.0930,-51.1569,736.8
NORAD-32221,-54.5132,45.4123,609.0
NORAD-32223,-43.7133,168.7407,859.9
NORAD-32224,-64.3053,-159.0506,756.7
NORAD-32225,12.1861,130.5122,806.2
NORAD-32230,7.2155,-116.7540,732.3
NORAD-32234,37.1336,102.0537,817.7
NORAD-32241,32.1656,112.9281,709.8
NORAD-32242,42.9430,132.4873,840.8
NORAD-32243,32.6011,-86.5840,972.1
NORAD-32245,26.3439,116.5387,635.3
NORAD-32252,0.3896,143.2899,36064.1
NORAD-32253,3.6172,58.3457,36124.8
NORAD-32254,-0.5597,-130.7301,10831.9
NORAD-32255,4.3161,48.8524,13479.7
NORAD-32258,0.0065,-42.4946,35793.2
NORAD-32260,-47.5584,-155.7975,20606.2
NORAD-32263,45.2580,23.3727,1503.5
NORAD-32264,49.0981,6.8979,1413.4
NORAD-32265,51.2421,9.1974,1543.7
NORAD-32266,-17.2429,101.2870,1421.1
NORAD-32275,65.5696,-60.5274,19132.3
NORAD-32276,31.1102,-136.0939,19126.0
NORAD-32277,20.0622,18.2699,19087.0
NORAD-32278,-12.2789,-158.4302,19157.4
NORAD-32280,18.3334,-139.6363,17456.5
NORAD-32281,31.6790,-156.8825,17943.9
NORAD-32288,11.0686,16.8482,36657.7
NORAD-32289,62.3896,-59.0464,595.4
NORAD-32293,-3.3313,-75.7546,36154.1
NORAD-32294,4.5707,25.0031,35779.1
NORAD-32295,2.9041,84.1390,25295.3
NORAD-32299,0.0335,4.8043,35782.0
NORAD-32301,-10.4952,-123.4346,7196.8
NORAD-32303,79.2584,79.6562,743.9
NORAD-32304,43.0906,-111.5600,749.9
NORAD-32308,-14.2434,107.3507,950.5
NORAD-32311,54.1209,-22.8866,939.9
NORAD-32314,75.7815,65.7238,688.2
NORAD-32315,-68.9363,37.8440,1017.5
NORAD-32316,41.6204,-36.8877,703.5
NORAD-32320,58.5073,176.2631,764.1
NORAD-32322,56.6514,-86.0061,1222.3
NORAD-32323,-15.0505,-146.7859,811.3
NORAD-32324,22.5907,18.4997,835.5
NORAD-32326,-79.0919,116.3125,855.0
NORAD-32331,23.8633,73.3060,615.7
NORAD-32332,-54.9333,147.2332,1121.4
NORAD-32334,-58.2025,-57.2174,945.9
NORAD-32340,-59.7686,125.3633,639.0
NORAD-32342,42.1477,75.4717,850.0
NORAD-32343,-30.9288,67.8713,789.3
NORAD-32350,43.4347,-50.0306,743.7
NORAD-32352,-4.8566,-174.0420,785.9
NORAD-32353,41.8806,82.2876,948.1
NORAD-32356,60.6951,-5.1955,964.4
NORAD-32357,-51.9100,116.2397,852.1
NORAD-32360,-72.2383,-97.9302,1070.1
NORAD-32361,26.3077,146.5590,737.1
NORAD-32362,-30.1264,61.3112,1216.4
NORAD-32364,-6.6400,85.3901,914.8
NORAD-32366,61.3235,142.4335,770.0
NORAD-32372,-60.8969,72.2896,798.4
NORAD-32373,-10.1468,-138.5601,36044.0
NORAD-32374,-44.0570,88.5072,5328.3
NORAD-32375,11.2887,13.4061,35214.0
NORAD-32376,1.6840,79.6145,632.5
NORAD-32379,13.9862,-108.3710,11810.7
NORAD-32382,81.0771,-23.2784,790.6
NORAD-32384,8.4783,172.0064,20276.2
NORAD-32387,-11.4271,-159.1415,36180.6
NORAD-32388,-1.9224,-73.8378,35785.3
NORAD-32389,-4.0277,-145.7224,19428.1
NORAD-32390,4.6763,112.8795,35249.7
NORAD-32393,-17.5946,75.1045,19136.6
NORAD-32394,41.1456,-120.9945,19177.3
NORAD-32395,56.1294,-141.8564,19152.4
NORAD-32396,-17.1409,74.6675,19195.5
NORAD-32398,36.2342,178.4540,9696.4
NORAD-32399,-22.7780,-143.9719,1604.9
NORAD-32404,4.1566,64.8597,35826.1
NORAD-32405,-1.3976,66.7478,25954.3
NORAD-32409,38.5804,110.9233,633.1
NORAD-32411,41.7901,173.9618,779.3
NORAD-32414,-56.6797,165.0204,874.2
NORAD-32416,-37.4797,-159.8402,1205.4
NORAD-32419,-23.9509,169.7568,713.5
NORAD-32422,-82.1094,-81.6141,1127.4
NORAD-32425,-21.4091,-2.3495,993.1
NORAD-32430,-79.2251,140.3366,1284.4
NORAD-32432,78.8430,65.6787,615.2
NORAD-32438,-42.3563,126.7712,503.7
NORAD-32440,50.1042,115.2071,1253.4
NORAD-32441,-26.9282,-45.0835,972.4
NORAD-32447,-73.7179,123.4989,910.2
NORAD-32453,-48.1415,165.8283,956.5
NORAD-32455,55.9550,-51.1274,806.6
NORAD-32456,48.2035,125.0928,918.6
NORAD-32458,77.4852,-13.9982,649.0
NORAD-32459,-20.0834,93.2924,650.3
NORAD-32460,34.5929,24.3656,1027.7
NORAD-32461,-52.6216,-78.6732,835.8
NORAD-32464,52.5301,-77.2837,630.6
NORAD-32473,-75.8494,117.3686,706.1
NORAD-32474,-26.1513,-49.2145,374.2
NORAD-32475,-69.4335,-103.4793,1098.2
NORAD-32478,3.3444,10.8983,35839.4
NORAD-32479,-1.8843,108.8626,34252.6
NORAD-32480,-40.0967,-102.4802,34898.4
NORAD-32483,4.6318,-148.3349,31364.2
NORAD-32487,0.0143,-0.7528,35781.5
NORAD-32488,-1.7519,-116.7221,33639.4
NORAD-32494,-5.1629,-155.5644,8564.7
NORAD-32496,-51.6110,150.7422,7778.9
NORAD-32497,-51.4902,171.1451,9915.3
NORAD-32499,-27.6665,-167.3151,6222.7
NORAD-32500,6.6756,5.2521,35776.9
NORAD-32501,14.6564,-161.0035,12060.6
NORAD-32573,24.3447,42.7683,1426.6
NORAD-32705,51.5082,115.0886,164294.4
NORAD-32708,8.2294,73.9151,35900.2
NORAD-32711,-40.0091,4.9961,19902.4
NORAD-32729,0.0008,-99.1921,35793.1
NORAD-32730,-0.3502,54.3785,12906.2
NORAD-32763,-2.0272,-92.8011,35791.2
NORAD-32767,-0.0331,131.9512,35797.9
NORAD-32768,-0.8122,-65.0336,35787.7
NORAD-32769,1.3865,98.6108,27227.6
NORAD-32779,-8.4296,-103.8002,36604.6
NORAD-32781,47.1233,71.6705,23832.5
NORAD-32782,37.0381,-49.3855,23603.8
NORAD-32783,-81.7203,-125.4266,654.7
NORAD-32784,-26.5119,59.7348,572.6
NORAD-32785,46.7787,-113.8376,545.1
NORAD-32786,57.6863,-104.3730,552.7
NORAD-32790,66.2250,37.7981,547.1
NORAD-32791,-64.3930,-121.8727,479.9
NORAD-32792,13.0253,-99.9583,625.2
NORAD-32794,0.4863,50.4502,35722.1
NORAD-32951,-0.0330,-123.0317,35800.2
NORAD-32952,-1.0477,-167.6229,33082.7
NORAD-32953,-40.9987,64.9579,1498.8
NORAD-32954,58.1686,48.1725,1511.8
NORAD-32955,22.3226,52.6695,1505.3
NORAD-32956,-67.5636,79.3327,1494.9
NORAD-32957,37.8141,136.6679,1480.9
NORAD-32958,-4.8020,-164.1845,838.8
NORAD-32959,-0.3224,148.2364,792.8
NORAD-32982,60.7946,-165.1951,21240.6
NORAD-32984,-9.4686,-112.7939,34219.7
NORAD-32985,6.5312,177.7121,35349.8
NORAD-32986,-3.1503,170.0336,14205.6
NORAD-32987,9.8712,-1.2326,27989.2
NORAD-32993,4.7852,-159.5485,34522.5
NORAD-32999,-1.8443,-175.0087,15239.4
NORAD-33051,0.7352,92.4146,35799.7
NORAD-33053,-4.4717,179.9143,495.3
NORAD-33055,0.8697,-17.8356,35775.4
NORAD-33056,0.0625,42.0433,35784.7
NORAD-33057,1.7296,3.2753,29541.0
NORAD-33059,-12.4881,-140.0382,38349.7
NORAD-33060,-46.8192,83.4786,627.2
NORAD-33061,-11.6866,-168.8834,631.2
NORAD-33062,-48.4071,120.6793,628.7
NORAD-33063,38.4583,12.8839,625.8
NORAD-33064,-11.8368,56.3382,630.4
NORAD-33065,21.0719,2.5673,620.1
NORAD-33066,17.3816,29.0222,651.6
NORAD-33105,-62.1901,148.5485,1318.3
NORAD-33106,-43.5589,33.2347,2166.6
NORAD-33108,5.9379,79.8217,35781.8
NORAD-33111,7.7503,67.0138,35899.8
NORAD-33153,2.7296,53.2713,36125.1
NORAD-33154,1.8088,9.6268,36190.0
NORAD-33156,-1.3518,-153.0630,5987.5
NORAD-33207,-1.0523,-109.8258,35794.0
NORAD-33208,0.1237,-26.2352,14250.9
NORAD-33272,-28.8659,27.3699,719.3
NORAD-33274,0.7079,136.0727,35811.5
NORAD-33275,2.8307,81.6384,36162.1
NORAD-33276,-1.1112,-54.8311,15909.6
NORAD-33277,-1.5074,-109.3700,9948.9
NORAD-33278,-1.6332,-97.9830,35795.0
NORAD-33279,-33.1064,123.7509,9286.6
NORAD-33280,6.3812,60.1812,34405.6
NORAD-33312,55.8264,-63.6819,542.5
NORAD-33313,-42.0955,100.0957,574.6
NORAD-33314,-6.7199,104.1922,580.6
NORAD-33315,63.9786,90.1527,544.2
NORAD-33316,-7.8749,100.8269,559.2
NORAD-33318,-53.8319,29.3154,505.9
NORAD-33319,-10.6218,-78.4754,651.5
NORAD-33320,-70.4452,-141.0410,645.0
NORAD-33321,18.8765,61.7415,635.9
NORAD-33331,-17.6564,152.3581,687.8
NORAD-33373,-0.0254,-81.9852,35793.2
NORAD-33374,31.8178,29.0715,7539.5
NORAD-33375,5.0329,-0.7100,34522.2
NORAD-33376,0.0311,-97.0351,35796.5
NORAD-33377,-0.7766,-140.7219,30571.7
NORAD-33378,-38.8529,48.3849,19138.5
NORAD-33379,-57.6129,160.9399,19161.6
NORAD-33380,59.6094,-24.0568,19176.1
NORAD-33383,24.4690,-141.5103,19172.5
NORAD-33384,45.2407,-48.0696,18820.2
NORAD-33385,-43.7955,150.0561,1512.9
NORAD-33393,-2.2866,155.0061,574.4
NORAD-33395,-81.9588,-82.5245,1047.4
NORAD-33396,-74.1386,-79.2076,840.1
NORAD-33397,13.4361,-154.9355,741.2
NORAD-33398,60.4712,-78.6356,580.4
NORAD-33406,-2.0349,115.8732,8176.3
NORAD-33408,-27.1429,-74.1919,530.4
NORAD-33409,-65.4996,113.7869,561.2
NORAD-33410,-39.7472,151.0135,539.5
NORAD-33412,-26.0985,110.9662,547.9
NORAD-33414,-4.8534,-91.2694,36164.9
NORAD-33433,27.7145,97.8351,789.8
NORAD-33434,-25.7458,-82.0731,808.0
NORAD-33436,0.2564,19.3917,35772.5
NORAD-33437,42.6399,-77.0825,7899.6
NORAD-33438,10.4093,49.1633,15949.6
NORAD-33446,-24.3923,-174.2220,642.4
NORAD-33453,-2.3316,-152.1643,36165.2
NORAD-33454,48.7601,62.1167,15533.4
NORAD-33455,-1.6338,20.7210,34266.4
NORAD-33458,8.3664,64.3246,35863.6
NORAD-33459,-1.1000,-50.3019,35783.0
NORAD-33460,-1.4305,161.9045,36229.4
NORAD-33461,-1.5607,-159.3920,16853.3
NORAD-33462,0.8324,23.8856,32440.8
NORAD-33463,-9.1074,-155.8398,36122.3
NORAD-33464,2.8373,116.2498,1488.8
NORAD-33465,8.0487,-9.2559,35286.3
NORAD-33466,-0.3259,141.4801,19135.6
NORAD-33467,56.5616,95.8681,19178.6
NORAD-33468,-37.2972,-59.7127,19143.7
NORAD-33471,9.2548,136.5408,19135.8
NORAD-33472,44.5126,-24.3529,11061.7
NORAD-33473,22.5716,37.3410,10532.4
NORAD-33491,-4.8700,-102.1359,37102.3
NORAD-33492,-30.9439,2.0034,682.7
NORAD-33494,-75.2051,128.2583,658.0
NORAD-33495,69.1307,-40.3164,645.2
NORAD-33496,-6.6974,159.8480,659.3
NORAD-33497,22.9354,158.8722,652.8
NORAD-33498,-77.0037,165.5260,600.0
NORAD-33499,79.2470,-50.0417,623.2
NORAD-33500,18.0291,-75.4172,559.8
NORAD-33502,-79.1567,152.8103,778.9
NORAD-33504,-14.7000,-129.2531,440.9
NORAD-33505,-4.8878,-96.7390,533.6
NORAD-33509,-1.0887,-87.0363,35119.7
NORAD-33510,2.0039,53.2008,35619.2
NORAD-33511,0.7175,86.7944,36103.4
NORAD-33512,2.0556,36.7579,36137.9
NORAD-33513,-1.8598,-174.5699,35230.8
NORAD-33515,20.7786,-60.8624,1290.1
NORAD-33521,7.4486,3.4732,33519.5
NORAD-33534,4.5446,-129.1539,27492.5
NORAD-33535,6.6146,-138.4194,31403.9
NORAD-33536,-1.6635,5.2810,2157.5
NORAD-33537,-5.2966,-69.3820,33913.4
NORAD-33538,7.1688,-7.5372,25947.9
NORAD-33541,0.7476,-14.9199,34150.3
NORAD-33542,-6.3214,19.0745,30120.5
NORAD-33544,-5.3457,159.0369,19889.6
NORAD-33547,-6.2612,0.9487,24017.6
NORAD-33556,3.4260,41.2010,3613.2
NORAD-33558,9.2909,-73.9023,26062.1
NORAD-33560,-2.6439,105.8184,2088.9
NORAD-33567,-3.8315,16.3720,35408.3
NORAD-33569,-1.9659,-67.4203,1167.4
NORAD-33574,7.8927,116.3812,16691.9
NORAD-33578,3.3473,65.0648,1275.8
NORAD-33579,5.9149,121.2902,17647.0
NORAD-33581,-2.8343,-161.8252,33905.6
NORAD-33584,-3.5840,140.0184,19975.5
NORAD-33590,-6.9267,-117.2876,5141.2
NORAD-33591,-11.4300,-34.9355,868.1
NORAD-33595,1.1202,-11.0375,35774.8
NORAD-33596,-6.4942,-94.0501,36086.6
NORAD-33598,-7.9677,148.0673,37359.6
NORAD-33599,61.1554,112.5900,503.4
NORAD-33601,-52.6332,-127.1464,773.0
NORAD-33603,43.0387,-134.9771,484.1
NORAD-33605,-32.5105,78.4241,887.7
NORAD-33613,36.4108,-19.7899,768.9
NORAD-33618,25.7670,170.9861,786.1
NORAD-33619,-34.0534,155.8861,871.9
NORAD-33621,81.7667,176.7403,643.0
NORAD-33625,-72.2712,-130.8507,606.9
NORAD-33630,37.0845,7.9318,793.1
NORAD-33633,80.2109,112.4201,871.6
NORAD-33636,10.0048,-87.0831,766.6
NORAD-33637,-56.5589,-69.7767,734.2
NORAD-33638,42.4202,-60.3081,876.6
NORAD-33639,-47.7793,-174.2551,766.7
NORAD-33640,74.7612,-112.3496,798.7
NORAD-33647,-55.7702,-74.9457,829.2
NORAD-33648,14.8239,-103.4707,906.4
NORAD-33650,-28.4552,-115.7109,925.7
NORAD-33651,-22.1423,125.5931,906.7
NORAD-33655,-80.5410,-74.6423,573.4
NORAD-33656,11.4857,-109.1692,759.3
NORAD-33658,-58.4703,34.8801,1208.7
NORAD-33660,-21.5825,-17.7567,908.3
NORAD-33661,61.9740,139.7121,1127.7
NORAD-33663,-44.7923,-99.1895,681.3
NORAD-33664,-9.5961,40.1746,772.1
NORAD-33665,72.1113,168.5855,1201.5
NORAD-33673,-73.3759,-83.0146,981.8
NORAD-33674,74.1474,-35.8638,861.1
NORAD-33676,-42.8143,124.8605,851.2
NORAD-33678,80.9691,69.6517,743.0
NORAD-33679,80.5894,107.9728,514.9
NORAD-33682,47.7136,132.4070,821.1
NORAD-33684,11.2090,-17.3511,667.1
NORAD-33687,76.9763,84.1867,442.2
NORAD-33688,59.8372,-172.8986,698.6
NORAD-33689,12.1178,-64.1444,758.4
NORAD-33693,80.0774,139.4009,1008.7
NORAD-33698,-0.9346,-108.0405,804.9
NORAD-33701,31.2673,-148.8338,982.2
NORAD-33710,8.5222,178.7414,847.3
NORAD-33711,-2.6509,-45.0373,837.1
NORAD-33716,21.6856,8.0078,805.0
NORAD-33718,-80.3252,-85.8599,934.7
NORAD-33719,30.6422,135.0318,837.2
NORAD-33720,-36.6656,83.1367,812.6
NORAD-33722,74.1322,-58.3359,790.4
NORAD-33723,-1.8528,-13.9093,814.7
NORAD-33724,69.1486,62.2454,831.4
NORAD-33726,28.3260,23.7432,719.9
NORAD-33728,50.0593,-3.8717,674.7
NORAD-33730,27.1340,-16.5021,656.1
NORAD-33731,-17.7857,111.1659,957.0
NORAD-33733,-11.5965,-5.5667,809.1
NORAD-33737,-69.0935,55.7246,988.8
NORAD-33738,64.5977,121.0343,960.3
NORAD-33740,-71.7288,-119.8654,865.7
NORAD-33741,37.1416,171.7577,862.2
NORAD-33745,54.4798,112.0020,776.3
NORAD-33747,-68.7415,-23.6488,870.3
NORAD-33748,-80.8269,-160.9788,797.8
NORAD-33749,-0.6355,-176.9437,35802.8
NORAD-33750,-1.0127,173.9643,36179.0
NORAD-33751,2.0434,-138.2898,17122.5
NORAD-33752,-1.1970,100.1787,26444.4
NORAD-33754,0.3407,91.3742,18204.2
NORAD-33757,-28.6716,36.7318,792.3
NORAD-33758,72.4615,151.9923,725.2
NORAD-33760,-28.4295,-7.4993,790.8
NORAD-33761,-70.0382,2.1043,745.8
NORAD-33762,67.4726,-30.0184,789.6
NORAD-33764,-56.5866,126.6970,780.9
NORAD-33765,62.5206,36.8445,488.9
NORAD-33766,-5.4728,19.2822,775.7
NORAD-33768,36.8517,158.9889,810.0
NORAD-33773,60.9155,-125.9515,752.8
NORAD-33775,-14.6608,-145.0866,770.0
NORAD-33776,-65.5968,-119.4748,771.1
NORAD-33777,53.3723,14.9418,708.6
NORAD-33779,10.8247,33.4460,658.4
NORAD-33782,73.9850,-109.2463,770.0
NORAD-33785,-30.3217,105.0866,654.9
NORAD-33789,-14.6968,-6.9485,1116.7
NORAD-33791,-29.2625,-90.9861,778.2
NORAD-33792,70.2664,-30.9127,795.6
NORAD-33793,59.8721,65.1317,854.8
NORAD-33795,-52.1298,-109.4633,540.2
NORAD-33797,-0.2038,83.7197,736.7
NORAD-33798,-73.3511,-60.7876,747.5
NORAD-33799,19.7661,109.2748,619.1
NORAD-33805,-73.0766,109.5736,748.7
NORAD-33811,25.3540,-54.1941,545.9
NORAD-33816,-62.7861,-130.0419,1136.0
NORAD-33818,24.5351,1.7404,461.4
NORAD-33819,60.3207,126.9574,747.5
NORAD-33821,-59.5452,173.1313,483.9
NORAD-33822,-59.7149,-61.1557,785.1
NORAD-33823,-17.8203,42.6727,919.3
NORAD-33825,-29.3319,-122.5495,634.1
NORAD-33826,56.2268,-52.5130,663.5
NORAD-33828,-2.1216,114.5440,758.9
NORAD-33830,65.8218,-133.2343,660.0
NORAD-33832,-31.8678,66.3281,709.8
NORAD-33835,-72.9662,-101.8810,730.2
NORAD-33836,-48.8841,92.8151,625.2
NORAD-33837,-15.3709,-76.4591,751.2
NORAD-33838,28.6821,33.2324,754.1
NORAD-33839,72.9014,139.5589,731.9
NORAD-33841,-34.1648,-9.8648,776.4
NORAD-33842,73.3443,170.6144,782.4
NORAD-33844,-3.5317,-64.2849,755.8
NORAD-33848,39.2117,40.7125,769.5
NORAD-33850,69.0577,6.2512,751.7
NORAD-33853,-28.2478,151.5885,757.8
NORAD-33860,-73.5986,22.5810,677.8
NORAD-33862,-7.1741,21.1595,665.2
NORAD-33866,-54.3123,-105.1014,793.7
NORAD-33870,-43.2198,47.6070,736.3
NORAD-33881,14.9738,90.1065,668.3
NORAD-33884,-66.0610,162.5233,628.9
NORAD-33886,84.7675,11.1072,777.4
NORAD-33887,34.4761,-13.6231,775.2
NORAD-33892,-19.0508,171.9848,851.5
NORAD-33894,49.7982,89.1463,1581.1
NORAD-33896,13.0553,46.5168,820.6
NORAD-33899,36.2317,-35.6099,655.2
NORAD-33900,-50.9799,68.3416,740.8
NORAD-33901,-46.2267,60.4928,399.1
NORAD-33905,34.1350,4.1361,736.0
NORAD-33906,-22.0163,16.1237,702.5
NORAD-33907,31.8791,-70.9247,704.2
NORAD-33908,-38.2313,-67.1040,733.0
NORAD-33911,-36.9894,7.2466,636.7
NORAD-33912,3.1279,62.5867,732.4
NORAD-33913,-29.4944,48.4933,752.1
NORAD-33914,-15.5280,-69.6029,1090.3
NORAD-33915,-58.5039,-111.2262,834.3
NORAD-33916,-61.0498,-69.6337,1045.4
NORAD-33917,-16.9087,38.8897,1190.5
NORAD-33920,55.5226,-168.9274,713.7
NORAD-33922,73.5343,126.2651,727.2
NORAD-33924,1.6688,17.8064,1249.9
NORAD-33928,50.6345,84.4285,774.8
NORAD-33932,27.4956,7.5069,792.9
NORAD-33933,73.8615,25.0651,767.3
NORAD-33934,34.7064,136.6630,684.6
NORAD-33936,68.4251,37.4400,669.0
NORAD-33938,33.0959,93.4391,750.5
NORAD-33939,-41.6718,108.7358,493.2
NORAD-33940,43.0823,26.6934,697.3
NORAD-33942,9.6487,158.4048,767.3
NORAD-33944,-5.6850,11.6845,853.7
NORAD-33945,51.1641,-150.1870,774.7
NORAD-33948,-44.0150,171.2825,768.8
NORAD-33953,9.8212,37.9366,700.5
NORAD-33960,-34.0932,83.5276,599.3
NORAD-33966,1.7065,-148.0167,736.4
NORAD-33971,12.6710,-50.5082,775.3
NORAD-33972,73.6926,149.6925,838.9
NORAD-33973,-49.0000,-40.6924,754.4
NORAD-33975,46.1637,144.5268,815.3
NORAD-33980,22.8877,-66.1535,704.5
NORAD-33982,-36.2405,59.7587,720.2
NORAD-33983,-30.6528,10.5324,746.2
NORAD-33984,2.2754,-150.0047,677.6
NORAD-33986,50.4000,-20.1832,777.0
NORAD-33990,-36.9473,-158.0386,793.9
NORAD-33992,56.9739,-133.3933,643.1
NORAD-33994,-58.6294,41.4593,753.5
NORAD-33995,-21.3161,-4.0238,789.4
NORAD-33999,41.2813,-115.4780,616.2
NORAD-34001,73.6626,-94.5397,780.0
NORAD-34003,-18.2536,-167.7000,779.9
NORAD-34004,-46.4020,24.1617,719.4
NORAD-34005,33.8840,104.3539,770.2
NORAD-34006,28.2366,154.2277,523.9
NORAD-34007,-6.0605,32.1916,710.2
NORAD-34008,40.1817,20.2181,796.4
NORAD-34009,-55.4946,65.2401,801.3
NORAD-34011,-34.2066,-163.3765,738.3
NORAD-34014,45.1484,-57.9756,672.5
NORAD-34015,-51.4906,-132.9179,692.2
NORAD-34018,66.4519,44.1247,801.3
NORAD-34019,-66.3977,153.0918,781.7
NORAD-34021,32.5850,13.7760,743.3
NORAD-34022,13.2787,155.2606,770.7
NORAD-34023,61.7285,162.8556,766.5
NORAD-34024,-27.7844,27.2499,788.8
NORAD-34026,49.1109,-86.1926,1231.8
NORAD-34028,-32.5974,-80.3642,1605.8
NORAD-34031,25.2419,9.8904,708.9
NORAD-34035,60.2323,11.4025,740.5
NORAD-34036,70.5304,41.8779,512.3
NORAD-34037,37.4061,100.7939,784.0
NORAD-34040,-45.9818,-177.9474,1196.7
NORAD-34045,-72.5408,128.5930,782.0
NORAD-34046,-18.5066,71.1144,797.4
NORAD-34050,1.0363,95.9323,1032.7
NORAD-34053,63.7011,-46.5141,1002.9
NORAD-34056,-45.0917,-49.0450,880.8
NORAD-34058,43.8702,119.5420,1192.4
NORAD-34059,30.3639,67.3629,730.3
NORAD-34061,-64.5584,105.7773,754.8
NORAD-34062,-49.7678,-28.2917,676.4
NORAD-34064,4.7649,150.1652,756.6
NORAD-34065,-29.9871,129.3627,766.2
NORAD-34070,-55.0902,174.4624,634.2
NORAD-34071,32.5151,-175.1229,731.8
NORAD-34077,77.8790,17.7361,660.8
NORAD-34079,29.1933,-13.2087,606.4
NORAD-34088,-22.4275,10.9014,560.3
NORAD-34091,-9.9475,-134.8418,581.6
NORAD-34097,16.8956,165.8501,737.8
NORAD-34111,0.0284,-37.5672,35782.7
NORAD-34112,7.0367,167.2731,32252.6
NORAD-34114,52.2784,-65.6155,691.6
NORAD-34115,54.0152,-107.8218,641.7
NORAD-34116,-52.7376,-103.6849,719.0
NORAD-34117,-3.7113,44.3145,806.7
NORAD-34118,-46.6327,-71.7345,582.9
NORAD-34120,-53.5275,96.2606,856.9
NORAD-34121,32.5188,173.0999,1026.4
NORAD-34122,-17.3554,167.1722,685.9
NORAD-34127,-48.4900,129.8606,744.2
NORAD-34128,-25.5166,124.6489,515.0
NORAD-34129,57.5124,-137.3101,630.6
NORAD-34136,0.4029,-103.1833,617.9
NORAD-34139,-43.4045,-43.3307,675.1
NORAD-34141,-47.1618,99.4744,771.0
NORAD-34145,-15.0602,133.9823,794.2
NORAD-34146,72.5118,-38.8723,741.4
NORAD-34159,41.8774,31.4003,782.2
NORAD-34165,-26.5650,-67.3560,13733.2
NORAD-34170,22.8087,25.1577,19489.5
NORAD-34174,-41.2011,-11.1771,751.7
NORAD-34175,-64.5304,-69.7618,749.4
NORAD-34180,4.4980,-112.9088,24673.7
NORAD-34184,-7.1176,-177.3850,22443.0
NORAD-34221,70.8078,-132.7902,499.2
NORAD-34223,70.7469,100.2114,918.2
NORAD-34224,17.9939,157.9456,13363.1
NORAD-34226,-19.1275,144.3268,7281.0
NORAD-34230,-19.6508,-85.2086,6860.5
NORAD-34231,38.6236,78.4527,841.3
NORAD-34235,-14.4089,-124.3524,12834.8
NORAD-34239,-49.4520,100.2609,3119.9
NORAD-34241,-28.4619,-29.2211,2729.7
NORAD-34242,-50.1552,23.4912,14371.6
NORAD-34243,19.7800,3.8733,1751.8
NORAD-34244,-51.3285,7.9128,6569.2
NORAD-34248,15.4331,95.2088,10429.9
NORAD-34250,-26.8631,-95.9396,12686.7
NORAD-34257,29.3055,-97.5266,3665.7
NORAD-34259,-46.2313,-60.1902,10804.2
NORAD-34263,45.5468,122.5194,8065.8
NORAD-34264,-9.6019,-117.6564,35914.0
NORAD-34265,-11.2662,-178.3165,35860.5
NORAD-34270,58.4114,-37.9302,678.9
NORAD-34271,-28.9821,48.7908,664.3
NORAD-34273,-64.8293,-83.9925,707.7
NORAD-34274,-66.0955,-108.8115,699.2
NORAD-34276,73.8405,52.3513,690.7
NORAD-34297,-33.7070,-2.8549,780.1
NORAD-34301,49.5546,33.9043,584.9
NORAD-34302,-0.3295,6.4206,765.6
NORAD-34303,17.6232,-27.9628,804.5
NORAD-34304,14.0952,178.2612,693.2
NORAD-34307,60.9529,30.7284,783.7
NORAD-34314,58.3189,-131.6791,789.0
NORAD-34316,-67.7415,137.8425,574.4
NORAD-34317,46.6727,118.1825,1119.3
NORAD-34321,63.9864,173.5295,727.2
NORAD-34323,-62.8821,-168.1184,679.8
NORAD-34325,66.6406,-132.6477,825.2
NORAD-34327,21.1046,24.6600,606.5
NORAD-34340,-14.3305,47.3938,1178.0
NORAD-34343,-15.7803,-55.0359,658.0
NORAD-34344,24.2695,9.6368,919.2
NORAD-34346,-14.6562,-149.9403,953.5
NORAD-34350,28.5139,-14.3027,732.3
NORAD-34366,66.8955,-137.5452,711.7
NORAD-34375,-67.9022,-177.3240,792.7
NORAD-34376,72.8838,-179.8755,682.9
NORAD-34382,26.9104,-6.0635,3418.1
NORAD-34383,-52.0948,-35.2062,431.1
NORAD-34387,24.6444,96.7188,771.9
NORAD-34388,-39.5823,83.0870,739.8
NORAD-34389,2.6121,-52.7745,773.5
NORAD-34396,-73.9553,-104.2296,649.2
NORAD-34409,48.5987,-165.1270,715.4
NORAD-34410,37.7748,-119.5327,405.8
NORAD-34412,-21.1325,23.3252,858.2
NORAD-34413,-73.6112,73.6367,741.3
NORAD-34420,19.9001,-28.0508,710.8
NORAD-34425,-64.2661,136.3255,712.6
NORAD-34430,7.5832,-174.4328,742.1
NORAD-34431,-10.5845,59.1792,825.2
NORAD-34432,-72.8209,-70.7099,966.1
NORAD-34433,1.7059,-130.8195,818.4
NORAD-34434,64.7191,61.5865,717.7
NORAD-34446,69.8054,60.2250,694.3
NORAD-34449,40.8354,-74.6696,528.1
NORAD-34451,-49.2357,-91.6154,541.2
NORAD-34452,39.5491,-178.4511,477.3
NORAD-34454,-68.3987,112.2145,749.8
NORAD-34459,-23.8319,-15.0682,881.8
NORAD-34468,-73.0217,-118.5964,726.3
NORAD-34472,36.2567,30.6700,1242.0
NORAD-34474,49.3641,-114.6227,777.8
NORAD-34476,39.6516,160.5839,1120.8
NORAD-34477,73.2832,43.9723,697.5
NORAD-34478,-51.5729,35.7404,454.4
NORAD-34481,54.4171,-40.2599,801.8
NORAD-34482,63.5511,118.8286,670.9
NORAD-34486,48.0616,-13.7589,537.6
NORAD-34487,41.8175,-178.7408,766.9
NORAD-34492,10.7993,145.9439,743.6
NORAD-34497,-64.0481,46.3413,868.3
NORAD-34508,0.0245,-90.5502,798.2
NORAD-34521,-3.5263,-166.2229,683.9
NORAD-34525,21.5260,-145.3800,755.6
NORAD-34529,-49.8082,-162.4359,768.8
NORAD-34538,-8.4411,-9.8771,781.3
NORAD-34540,-48.8289,103.2599,652.7
NORAD-34544,-2.0220,129.1874,1237.8
NORAD-34546,49.2861,-74.2912,751.9
NORAD-34547,-73.7890,-121.0947,667.9
NORAD-34553,-68.6371,12.6867,705.9
NORAD-34554,70.0152,-52.0831,780.1
NORAD-34556,0.7712,158.4171,623.3
NORAD-34560,71.8023,60.6610,635.1
NORAD-34563,31.1294,-110.7154,740.2
NORAD-34564,-56.4855,-37.3176,758.4
NORAD-34567,11.4056,49.3492,871.2
NORAD-34569,38.5041,-107.6421,920.4
NORAD-34570,-71.6325,-0.2153,1040.6
NORAD-34571,-50.1415,35.4647,770.4
NORAD-34572,36.6359,154.9924,677.3
NORAD-34574,42.5785,-81.0232,633.2
NORAD-34576,-54.8321,-148.0553,712.6
NORAD-34579,35.2290,112.1625,762.5
NORAD-34582,51.5950,170.5357,749.8
NORAD-34588,34.5634,-44.7099,761.5
NORAD-34589,-12.8495,-39.1886,773.5
NORAD-34590,42.8973,-2.1589,734.0
NORAD-34609,-71.3314,-130.0324,737.2
NORAD-34610,-67.0557,117.9720,825.1
NORAD-34611,-36.2810,153.8413,677.2
NORAD-34613,46.7691,-33.5720,778.3
NORAD-34614,-73.3157,156.9864,717.1
NORAD-34615,52.3636,-115.1990,1287.5
NORAD-34619,-16.1813,59.7229,727.9
NORAD-34620,35.2324,-99.1354,684.7
NORAD-34622,-45.6499,-179.7966,762.0
NORAD-34626,73.5471,-101.1234,655.1
NORAD-34634,-9.4496,87.9605,733.2
NORAD-34635,-63.0164,-101.8420,684.7
NORAD-34637,-58.8664,176.5642,731.5
NORAD-34641,30.7348,-41.1178,721.4
NORAD-34642,-59.0742,91.1491,981.8
NORAD-34648,18.6984,93.9871,726.5
NORAD-34651,75.4278,-38.5897,884.4
NORAD-34652,53.2569,147.4271,680.7
NORAD-34661,4.8616,106.0219,19967.2
NORAD-34667,15.2755,148.1349,17740.1
NORAD-34671,-51.4452,-162.8285,674.7
NORAD-34672,74.0230,-82.0649,780.5
NORAD-34678,-64.3773,107.9732,811.3
NORAD-34680,68.2956,42.3852,684.1
NORAD-34681,31.9875,152.7982,621.4
NORAD-34682,-7.6235,-51.4601,714.0
NORAD-34683,-73.3144,-116.8582,697.3
NORAD-34685,19.9452,-168.9227,693.4
NORAD-34689,69.0053,-104.0112,1007.1
NORAD-34690,-58.2144,27.5964,728.4
NORAD-34696,27.5249,-173.0157,679.7
NORAD-34710,-1.3393,177.7137,36402.2
NORAD-34711,17.0379,-28.5301,16820.6
NORAD-34712,-4.7789,-53.5441,3128.3
NORAD-34713,0.0252,57.5199,35791.4
NORAD-34714,-19.9126,134.4384,17674.8
NORAD-34721,-67.6175,-176.0035,816.7
NORAD-34722,-6.7171,50.5111,765.7
NORAD-34726,-60.0763,-176.2256,722.7
NORAD-34728,66.3381,-109.3900,677.6
NORAD-34729,10.8372,-147.6527,599.5
NORAD-34732,-44.4565,-47.7482,767.6
NORAD-34738,71.0491,75.0699,763.7
NORAD-34750,-1.4241,68.8738,684.2
NORAD-34752,-72.8459,88.7441,579.8
NORAD-34754,21.1510,113.1095,766.1
NORAD-34755,71.3571,-83.1826,1263.6
NORAD-34756,-71.4374,-96.4545,909.8
NORAD-34758,-19.8274,52.9199,1295.3
NORAD-34760,57.1105,-139.1699,854.6
NORAD-34761,-11.3989,66.4854,796.4
NORAD-34765,2.3654,-161.2087,764.9
NORAD-34779,6.6058,-30.7008,37905.4
NORAD-34780,4.7028,-104.8418,30062.0
NORAD-34784,53.0352,-147.2896,654.1
NORAD-34790,46.5876,-64.9164,849.4
NORAD-34792,3.4397,-142.3288,702.0
NORAD-34793,17.3835,-55.1894,806.3
NORAD-34796,-71.5874,30.8150,678.1
NORAD-34797,-2.1701,156.4428,709.9
NORAD-34811,-1.2797,-167.7576,25306.0
NORAD-34814,24.6830,-148.9093,796.2
NORAD-34815,20.3694,103.2484,669.2
NORAD-34816,-3.7709,-112.6516,786.6
NORAD-34818,-72.3473,114.2369,767.3
NORAD-34819,-60.1519,-23.6906,693.3
NORAD-34823,-24.0803,159.8386,720.3
NORAD-34833,37.3042,-140.8052,720.3
NORAD-34845,-52.8117,-133.7394,735.7
NORAD-34846,14.0012,140.6302,744.4
NORAD-34852,-18.1694,-30.2952,783.9
NORAD-34854,16.4901,19.7659,685.5
NORAD-34856,33.9607,87.4905,499.9
NORAD-34857,72.5664,39.8036,678.0
NORAD-34861,4.7911,-116.2573,471.1
NORAD-34870,4.5321,-66.4720,628.1
NORAD-34874,-26.2532,143.4484,815.5
NORAD-34875,-73.9476,-63.6643,733.9
NORAD-34878,-7.8527,161.8827,1397.2
NORAD-34879,-64.2383,-169.1511,1105.2
NORAD-34882,-66.1658,51.7897,643.2
NORAD-34883,-9.5851,-65.4084,777.7
NORAD-34884,30.2479,-89.3664,563.7
NORAD-34885,-25.7055,47.2702,736.2
NORAD-34896,51.4894,-56.1229,675.8
NORAD-34908,64.0750,-58.8579,763.8
NORAD-34909,-72.5182,-133.6396,697.8
NORAD-34910,-1.2214,35.0379,1349.9
NORAD-34911,-52.3331,-45.6698,677.1
NORAD-34913,-20.6933,-8.6057,798.6
NORAD-34918,-73.0078,110.9560,688.1
NORAD-34924,-64.6362,-80.7085,739.4
NORAD-34926,74.0366,-179.8366,694.8
NORAD-34941,0.0059,108.2439,35790.4
NORAD-34942,2.7998,-14.9561,26592.6
NORAD-34944,-7.4514,-57.5039,982.7
NORAD-34946,-51.1881,-173.2336,699.7
NORAD-34949,-73.9719,-118.5234,669.7
NORAD-34953,-69.7411,120.5642,641.8
NORAD-34955,-3.2702,-91.8827,520.7
NORAD-34962,-27.6933,-102.6480,736.2
NORAD-34963,-71.0544,-137.6028,746.2
NORAD-34964,-3.8160,-112.2414,1050.7
NORAD-34965,-72.0814,-114.7742,737.3
NORAD-34967,-11.0230,126.4349,724.7
NORAD-34968,6.4788,-67.0532,732.6
NORAD-34969,7.4923,-91.0268,792.3
NORAD-34971,22.2634,160.4234,684.2
NORAD-34972,28.5831,77.8214,624.7
NORAD-34976,-41.9871,-2.3571,620.9
NORAD-34979,44.1199,-74.5227,643.6
NORAD-34985,-58.5003,-142.7043,750.9
NORAD-34990,-28.8041,120.5395,758.0
NORAD-34997,-5.0182,4.5753,694.7
NORAD-34998,57.5460,-173.6705,734.6
NORAD-35012,12.7420,-8.7274,804.6
NORAD-35014,-31.9582,89.4959,645.6
NORAD-35015,52.2019,129.5343,684.5
NORAD-35016,-28.6419,3.4782,739.3
NORAD-35018,18.7564,35.5957,767.4
NORAD-35020,-47.3022,-97.1710,632.8
NORAD-35022,46.0896,-8.9869,669.2
NORAD-35023,-72.6658,-58.1169,563.3
NORAD-35025,44.8135,83.0698,681.7
NORAD-35026,33.4318,-0.5496,766.8
NORAD-35028,-67.6350,4.5724,703.4
NORAD-35031,-54.3738,-16.5318,769.4
NORAD-35032,-19.8330,-135.3908,749.4
NORAD-35033,-73.4173,-25.1358,727.3
NORAD-35038,67.7663,-23.7046,815.7
NORAD-35043,-10.0733,79.8269,568.6
NORAD-35045,55.2773,-26.3526,1006.7
NORAD-35051,3.0072,173.5205,744.5
NORAD-35052,70.3486,-3.8987,754.6
NORAD-35060,-7.8869,120.6287,760.2
NORAD-35061,-70.1187,115.7226,659.9
NORAD-35062,-74.0363,-102.9928,882.6
NORAD-35065,7.4581,-112.2112,745.1
NORAD-35071,-67.5462,-126.3812,539.6
NORAD-35073,73.8030,-113.7904,504.6
NORAD-35080,9.1211,24.5769,416.1
NORAD-35088,15.2329,-19.0439,951.1
NORAD-35089,33.2510,-90.1922,817.7
NORAD-35090,80.7719,15.9109,817.4
NORAD-35091,-35.7635,-159.4907,670.4
NORAD-35102,-49.5660,-104.2775,767.0
NORAD-35104,-63.0386,-115.1661,820.2
NORAD-35105,-1.8447,-107.1318,671.6
NORAD-35108,-22.6151,-112.2687,787.3
NORAD-35109,53.9369,53.5649,867.9
NORAD-35111,-48.6672,-178.8088,864.7
NORAD-35116,-29.3283,-60.6235,782.0
NORAD-35121,80.5494,168.0382,972.3
NORAD-35122,19.2436,90.3369,847.0
NORAD-35123,35.3733,-95.1041,848.7
NORAD-35125,68.6716,60.2552,740.8
NORAD-35135,33.2590,78.5642,765.9
NORAD-35139,52.5435,-87.9892,792.8
NORAD-35140,-16.9490,56.8978,917.5
NORAD-35142,-17.4527,-114.9111,1016.9
NORAD-35144,-11.3109,25.2751,688.6
NORAD-35147,-42.6031,0.6004,637.7
NORAD-35152,-16.4634,-86.8311,1077.9
NORAD-35153,-66.0984,13.2651,718.3
NORAD-35154,22.6624,-148.5094,961.2
NORAD-35155,81.2894,-18.1719,832.4
NORAD-35156,-81.2254,152.0700,848.5
NORAD-35159,40.0319,-7.7773,746.8
NORAD-35160,-4.3965,27.5598,905.3
NORAD-35165,79.3403,54.5783,770.1
NORAD-35167,-79.7515,-166.2264,723.3
NORAD-35168,8.4068,139.5891,850.8
NORAD-35169,-31.6522,-9.8481,745.5
NORAD-35171,25.1719,52.2970,824.9
NORAD-35173,-29.7659,151.1955,1253.3
NORAD-35174,79.1724,32.7033,591.6
NORAD-35175,-35.8881,-102.6798,873.5
NORAD-35176,-16.8630,63.0543,879.3
NORAD-35180,-12.6001,64.6132,647.7
NORAD-35191,38.0780,50.2315,856.4
NORAD-35194,12.8543,178.5151,769.8
NORAD-35195,56.2939,177.2689,735.1
NORAD-35196,-19.8829,-93.8886,824.7
NORAD-35200,80.7402,-39.1651,1362.7
NORAD-35201,76.5251,44.1754,850.7
NORAD-35202,-6.0325,-57.4938,988.2
NORAD-35203,-36.6810,-107.3915,1456.7
NORAD-35204,7.9068,104.7697,730.5
NORAD-35207,-1.2063,-171.7078,670.7
NORAD-35208,56.4821,-71.6805,966.0
NORAD-35210,-77.3194,140.9358,788.1
NORAD-35217,67.2243,8.0366,1138.8
NORAD-35220,68.2178,-0.5817,781.5
NORAD-35223,-31.6898,-94.6643,690.6
NORAD-35229,54.2193,154.0289,669.5
NORAD-35231,-60.1996,-76.3867,832.8
NORAD-35233,-20.3381,-170.6572,735.4
NORAD-35234,-38.2340,111.7671,620.5
NORAD-35236,-30.1747,-169.0853,757.2
NORAD-35239,-47.2716,44.2428,862.5
NORAD-35240,47.5190,-113.2848,843.2
NORAD-35241,56.8828,-166.8924,934.0
NORAD-35242,35.6118,127.5410,845.7
NORAD-35243,-66.7921,-153.5510,563.5
NORAD-35244,4.2036,-62.9256,915.2
NORAD-35245,74.1066,135.4514,802.7
NORAD-35248,71.8747,-122.3863,441.5
NORAD-35249,-17.3647,-109.0761,876.5
NORAD-35251,-10.7883,13.7225,765.8
NORAD-35255,-68.1576,-177.4223,746.9
NORAD-35256,-78.5076,-154.6925,755.2
NORAD-35259,54.5362,110.7167,686.9
NORAD-35260,35.6093,116.9903,706.7
NORAD-35262,70.0710,79.5081,652.2
NORAD-35270,24.6180,22.6215,464.6
NORAD-35271,58.6866,102.2803,284.3
NORAD-35274,49.6123,106.9118,961.8
NORAD-35275,-58.0682,136.5626,757.9
NORAD-35284,72.6455,-148.4450,775.0
NORAD-35287,-74.0067,70.2308,774.5
NORAD-35288,73.9340,-32.1336,661.1
NORAD-35290,38.0345,78.3090,608.4
NORAD-35297,56.8338,-125.3761,746.9
NORAD-35299,36.7601,-159.5104,773.4
NORAD-35319,-76.1118,-164.3600,732.1
NORAD-35320,-34.6766,107.5325,633.2
NORAD-35322,-44.2512,133.8336,865.9
NORAD-35326,-81.0629,8.2396,738.0
NORAD-35327,-44.2038,-21.5726,743.6
NORAD-35329,33.2894,-165.4502,714.5
NORAD-35330,-34.4028,-58.8044,785.1
NORAD-35331,7.0877,-167.0494,653.3
NORAD-35332,-65.9670,-100.3187,900.3
NORAD-35334,-59.7961,158.5453,667.3
NORAD-35339,-75.1552,-119.0893,811.1
NORAD-35342,72.9387,-22.8337,1091.8
NORAD-35346,-63.2476,109.2334,579.2
NORAD-35350,-79.3633,-106.2883,711.2
NORAD-35351,-71.5000,176.2794,685.5
NORAD-35362,-0.0424,160.0155,35806.9
NORAD-35363,-6.2096,-60.6251,26487.1
NORAD-35364,-23.7115,-34.1140,904.6
NORAD-35365,-49.3948,127.9177,909.9
NORAD-35366,16.2806,-41.1213,875.1
NORAD-35367,-61.0167,-22.1368,903.5
NORAD-35368,59.1862,-67.6961,837.2
NORAD-35369,40.2651,-35.4643,904.7
NORAD-35370,32.3742,-47.8680,888.3
NORAD-35371,-33.3902,104.8037,897.7
NORAD-35372,-33.8269,-17.2908,888.9
NORAD-35373,32.8845,-49.3098,882.4
NORAD-35375,79.4904,-9.1706,553.7
NORAD-35376,-17.8243,-170.4827,596.3
NORAD-35378,-5.4796,176.8836,513.4
NORAD-35379,-77.4552,-43.2232,901.9
NORAD-35381,-71.4577,-32.7870,478.5
NORAD-35382,-78.4188,124.4508,902.6
NORAD-35383,36.0446,-89.8049,677.1
NORAD-35387,-13.4521,-27.9861,607.8
NORAD-35391,-47.5775,-129.9245,746.5
NORAD-35392,-32.3380,-137.8799,726.5
NORAD-35393,76.8992,-83.7684,706.0
NORAD-35397,-22.4803,-169.8619,578.3
NORAD-35400,-53.3313,93.4115,1389.4
NORAD-35404,-62.6950,141.1114,867.3
NORAD-35405,-41.3872,130.9983,904.8
NORAD-35408,-70.5587,139.1698,832.3
NORAD-35414,-65.4412,-122.5762,1214.0
NORAD-35415,13.1535,-74.8786,634.2
NORAD-35416,-41.7609,165.9377,1075.5
NORAD-35418,-72.9026,-143.4679,625.4
NORAD-35420,-8.4973,29.2663,968.8
NORAD-35423,-11.6809,-162.4514,756.6
NORAD-35424,-52.7544,155.6357,659.5
NORAD-35433,-13.0211,-142.6659,767.5
NORAD-35434,-55.9706,76.6284,793.8
NORAD-35435,-50.8231,157.9717,632.1
NORAD-35439,74.0065,130.4623,1091.1
NORAD-35440,-57.4790,41.9977,633.1
NORAD-35441,52.5572,-36.5905,655.2
NORAD-35442,23.3694,-44.7218,593.8
NORAD-35443,-25.1571,158.0891,466.3
NORAD-35445,-71.9619,48.1665,635.7
NORAD-35446,18.2812,-165.4917,665.6
NORAD-35448,28.9189,127.6795,706.3
NORAD-35453,-33.3740,-110.5378,803.4
NORAD-35455,41.1699,-26.5611,795.4
NORAD-35456,-31.7464,165.8486,625.4
NORAD-35459,5.6744,66.2726,771.0
NORAD-35462,1.0012,154.4972,820.3
NORAD-35465,22.9230,-113.9754,782.8
NORAD-35469,-42.9954,92.5206,761.8
NORAD-35475,9.4478,27.9493,669.3
NORAD-35476,3.7621,94.3375,643.9
NORAD-35480,-53.1708,14.7357,737.3
NORAD-35484,-7.2885,148.7027,530.8
NORAD-35488,64.9882,-87.9378,599.0
NORAD-35491,0.6479,132.8598,35846.3
NORAD-35492,-12.7337,-102.5859,30194.4
NORAD-35493,0.0190,-86.1674,35790.8
NORAD-35494,-7.5100,-9.1332,31918.8
NORAD-35495,-49.6065,168.0981,10595.8
NORAD-35496,-4.1142,-110.9313,35794.6
NORAD-35498,57.6540,143.3119,1501.0
NORAD-35499,4.0929,141.9830,1499.2
NORAD-35500,-82.4850,-119.4065,1519.4
NORAD-35501,-24.1435,67.6188,1336.6
NORAD-35503,-25.8143,80.5226,18548.0
NORAD-35505,-43.8731,-37.1310,37610.5
NORAD-35506,-24.3623,74.1568,663.0
NORAD-35507,-56.6642,131.9577,11271.1
NORAD-35516,-39.8273,-144.5132,875.3
NORAD-35517,67.7019,-169.6514,1276.2
NORAD-35520,-4.1215,149.6476,942.6
NORAD-35521,11.7282,152.2548,940.3
NORAD-35522,82.4039,-128.2879,931.6
NORAD-35523,-76.2318,-160.7208,868.6
NORAD-35524,28.5135,-41.6003,845.8
NORAD-35525,-56.2453,-173.4234,970.3
NORAD-35526,-43.0807,96.2304,989.7
NORAD-35530,2.6771,-166.8780,1519.0
NORAD-35532,-50.2467,-113.1315,672.4
NORAD-35534,-29.8552,-177.5259,606.4
NORAD-35535,53.9538,50.5557,1036.9
NORAD-35536,-22.1158,-53.0433,1063.3
NORAD-35540,-51.8489,118.7506,8822.8
NORAD-35543,-44.2925,138.3009,15349.2
NORAD-35549,-18.4088,-114.8209,14328.4
NORAD-35550,22.2137,19.4594,38093.7
NORAD-35551,-15.4267,83.7431,36919.0
NORAD-35552,9.2655,-36.5803,10862.1
NORAD-35556,-25.2415,59.8595,23303.0
NORAD-35557,0.0420,151.0146,19573.2
NORAD-35558,-21.7421,-47.3122,35753.3
NORAD-35567,-63.4116,53.4159,852.7
NORAD-35571,-39.1940,-83.8140,669.4
NORAD-35573,14.8928,179.7779,511.5
NORAD-35574,-30.1035,-83.9694,646.5
NORAD-35575,48.3716,-149.9138,766.5
NORAD-35578,6.9556,12.0910,669.2
NORAD-35579,-6.0858,136.1036,627.2
NORAD-35580,-24.3927,80.2701,1162.0
NORAD-35583,29.0630,146.5867,1320.7
NORAD-35585,67.9493,38.6215,1138.6
NORAD-35586,-43.8248,67.6164,893.5
NORAD-35587,18.4105,92.2368,591.0
NORAD-35593,-37.2202,9.9784,749.6
NORAD-35594,49.4095,-31.1504,585.4
NORAD-35602,66.2977,38.3427,400.7
NORAD-35606,43.8405,-42.1830,1445.1
NORAD-35611,-70.0836,-15.7978,652.3
NORAD-35614,60.2566,-141.7077,623.4
NORAD-35616,-30.0112,-32.2262,613.9
NORAD-35618,47.7983,161.7273,697.5
NORAD-35620,-46.6088,-151.6110,764.9
NORAD-35622,35.7092,57.5249,487.7
NORAD-35625,-85.7321,123.6073,727.5
NORAD-35628,62.3135,178.2900,655.7
NORAD-35631,83.9131,-136.8771,729.5
NORAD-35635,17.5898,-89.6185,949.3
NORAD-35636,8.4639,85.8594,924.2
NORAD-35637,-44.4218,-112.5918,948.5
NORAD-35645,-22.9261,148.5583,701.5
NORAD-35646,37.8210,1.1964,1327.0
NORAD-35647,5.4429,-10.1923,784.0
NORAD-35650,35.7009,37.8212,611.2
NORAD-35660,47.1752,24.7279,739.1
NORAD-35661,73.5150,33.3966,541.6
NORAD-35663,-14.4370,-16.9966,681.5
NORAD-35667,-48.8776,-153.5073,704.1
NORAD-35668,-17.5155,-89.3304,651.7
NORAD-35669,1.5439,83.0116,1066.3
NORAD-35670,69.6352,-43.9701,583.2
NORAD-35671,-68.7318,-179.2085,734.1
NORAD-35674,-39.8735,20.9530,693.4
NORAD-35680,72.1472,-163.2825,786.4
NORAD-35681,21.6486,-130.5264,651.2
NORAD-35682,6.9404,30.0782,660.1
NORAD-35683,-37.1490,24.5706,655.8
NORAD-35684,57.8791,-15.1890,644.2
NORAD-35685,81.7844,96.5546,555.2
NORAD-35686,-31.8710,44.8164,633.4
NORAD-35688,69.6317,71.8006,1289.4
NORAD-35689,21.9860,-117.4168,632.1
NORAD-35696,0.0164,100.5187,35797.4
NORAD-35697,5.5791,-33.6915,33270.4
NORAD-35701,-49.2765,54.7520,1017.1
NORAD-35703,43.9790,-93.7061,553.1
NORAD-35705,22.3813,5.3929,623.0
NORAD-35706,-14.5005,166.0232,1025.7
NORAD-35711,13.5350,89.5168,726.2
NORAD-35716,28.5088,-128.4894,760.3
NORAD-35717,-21.8388,-73.1322,824.3
NORAD-35718,5.0054,-7.8130,664.9
NORAD-35721,-29.3148,48.7859,733.8
NORAD-35724,37.3638,-21.6443,723.1
NORAD-35744,51.4781,-58.1174,650.7
NORAD-35752,-35.1953,-108.8228,20281.7
NORAD-35755,-0.0293,132.0472,35791.9
NORAD-35756,-0.0975,156.1475,35807.1
NORAD-35757,1.7583,-112.1128,26684.7
NORAD-35759,-68.5146,-53.0810,634.9
NORAD-35764,-35.1473,-172.6602,632.3
NORAD-35771,30.3679,17.3411,742.1
NORAD-35773,73.4607,-79.1270,653.1
NORAD-35777,56.3710,-81.2282,1428.8
NORAD-35784,72.4311,27.8480,713.1
NORAD-35786,-23.9304,93.3943,688.7
NORAD-35789,-0.9236,-13.2974,809.2
NORAD-35793,27.8981,85.5890,621.7
NORAD-35797,-63.2846,-43.4239,616.5
NORAD-35806,81.6861,-21.8529,683.7
NORAD-35809,-79.9996,-23.0529,637.7
NORAD-35812,5.0238,87.0345,36207.9
NORAD-35816,21.7071,-169.4510,33022.0
NORAD-35824,-2.8076,134.9857,877.8
NORAD-35825,54.9517,-140.8019,1018.6
NORAD-35829,73.5744,30.4635,618.8
NORAD-35830,-40.8820,136.6114,871.8
NORAD-35834,10.8696,14.7393,877.6
NORAD-35835,51.6352,-157.4116,765.6
NORAD-35836,-45.4906,14.9361,671.0
NORAD-35837,-73.1150,18.1485,1267.2
NORAD-35840,36.5589,-156.3928,823.6
NORAD-35846,-28.3085,47.1327,747.2
NORAD-35848,38.5143,-179.6580,627.4
NORAD-35850,69.1656,-45.1458,618.0
NORAD-35865,-58.9985,-156.4635,828.2
NORAD-35866,76.3024,-1.9379,813.0
NORAD-35868,-66.6752,58.9158,824.9
NORAD-35869,6.0373,-141.3192,823.4
NORAD-35871,76.7641,-2.6591,819.4
NORAD-35873,0.0170,-72.7356,35787.0
NORAD-35874,4.5700,-90.9983,32455.9
NORAD-35875,18.2624,-68.5190,17968.9
NORAD-35883,73.9702,37.0833,675.8
NORAD-35884,68.9858,-5.7094,733.8
NORAD-35885,18.6485,-9.8967,788.9
NORAD-35888,-64.9151,82.5182,743.3
NORAD-35890,-20.6906,-65.4240,707.8
NORAD-35891,-6.2674,87.3575,398.4
NORAD-35895,74.0235,-17.7655,772.2
NORAD-35898,3.2324,141.8690,533.0
NORAD-35901,-15.0534,-157.6087,385.9
NORAD-35902,-68.1840,74.6335,740.3
NORAD-35905,58.4972,-155.2807,542.1
NORAD-35915,-62.2263,135.7733,625.6
NORAD-35918,11.5603,60.8391,712.0
NORAD-35929,68.7631,117.8306,504.5
NORAD-35931,68.8278,-96.7269,893.5
NORAD-35932,46.0757,172.9880,683.6
NORAD-35933,40.8540,-23.5745,693.5
NORAD-35934,-65.3623,-1.4958,708.2
NORAD-35935,18.4481,-19.8880,703.9
NORAD-35936,22.9190,-177.6540,783.4
NORAD-35942,-1.3613,-72.0499,35788.9
NORAD-35943,0.0600,63.0500,35787.9
NORAD-35944,-2.8693,-18.2416,14072.1
NORAD-35946,-60.2272,-45.8648,779.1
NORAD-35951,12.1922,-121.3175,844.7
NORAD-35953,27.1941,-109.3030,800.9
NORAD-35954,73.3350,-83.0788,793.1
NORAD-35959,-45.4987,32.0600,795.9
NORAD-35961,-20.9950,-72.2096,907.7
NORAD-35975,23.8139,-135.7287,732.9
NORAD-35979,38.4661,108.5067,660.8
NORAD-35980,25.9019,-5.1543,728.6
NORAD-35982,16.4156,27.9197,733.5
NORAD-35987,-43.0318,-172.4135,747.6
NORAD-35989,-72.6869,98.5366,767.2
NORAD-35993,-60.7288,46.7078,705.5
NORAD-35996,34.0515,-50.8706,493.9
NORAD-35997,-15.6999,-115.4987,718.4
NORAD-36000,-14.3179,-73.5036,586.1
NORAD-36005,-69.9175,-159.5459,749.9
NORAD-36011,-16.8866,22.3292,762.4
NORAD-36012,-83.5102,85.2655,763.1
NORAD-36028,-22.3467,101.9076,558.5
NORAD-36032,-0.0378,57.0498,35795.1
NORAD-36033,0.0339,-0.8503,35784.8
NORAD-36034,-0.8850,-168.7705,20224.8
NORAD-36036,-31.1896,77.9570,772.9
NORAD-36037,55.0258,-112.8177,720.3
NORAD-36038,-36.9109,-94.3737,712.7
NORAD-36039,-58.3987,-2.4999,512.6
NORAD-36045,-71.2556,151.2820,665.4
NORAD-36046,33.9631,150.9602,653.1
NORAD-36047,41.7338,-170.7974,540.5
NORAD-36048,-17.3040,5.7046,777.5
NORAD-36049,-7.0108,-17.6055,696.3
NORAD-36050,-65.8313,-5.2578,595.5
NORAD-36053,9.4042,-165.6941,717.7
NORAD-36058,-22.2940,-105.7144,719.2
NORAD-36060,42.5134,-82.5132,762.6
NORAD-36061,18.0005,-111.8509,758.4
NORAD-36073,-72.0947,87.4706,782.9
NORAD-36074,50.1139,-123.5549,720.1
NORAD-36080,12.2207,173.2493,753.3
NORAD-36083,57.8697,13.8892,763.0
NORAD-36086,-44.8832,-11.2273,426.9
NORAD-36088,44.9520,-115.3672,691.1
NORAD-36089,-75.7067,-161.8463,738.4
NORAD-36090,-80.3961,164.3321,553.2
NORAD-36092,-0.3732,84.6658,700.8
NORAD-36093,33.7210,155.4331,664.1
NORAD-36095,-67.1261,16.5787,915.1
NORAD-36097,0.0223,-45.0315,35785.2
NORAD-36098,18.9468,19.2662,38675.1
NORAD-36099,-12.3714,171.3647,761.6
NORAD-36100,81.4346,12.6066,780.3
NORAD-36101,0.5314,50.5626,35780.1
NORAD-36102,15.5118,163.2493,29099.9
NORAD-36103,49.2156,25.8961,9440.2
NORAD-36106,-0.0074,85.1754,35793.3
NORAD-36107,-5.3176,174.2180,35821.3
NORAD-36108,-0.3138,-129.9969,35795.6
NORAD-36109,10.3945,-147.9748,60573.4
NORAD-36110,-25.6949,-34.3411,632.1
NORAD-36111,36.7916,122.5757,19142.0
NORAD-36112,-64.7084,-136.8074,19150.8
NORAD-36113,38.9431,120.7359,19147.0
NORAD-36115,64.7962,-124.0647,18296.8
NORAD-36116,-39.7650,-63.3498,3092.4
NORAD-36118,-40.9324,-61.5313,19148.5
NORAD-36120,-61.0956,22.9991,10412.1
NORAD-36121,-8.0491,-38.8358,1245.6
NORAD-36122,-1.8051,29.9247,1213.7
NORAD-36123,-70.4472,137.8845,989.5
NORAD-36131,-0.0134,-102.7277,35793.9
NORAD-36133,16.8483,-85.7056,14246.9
NORAD-36147,17.4078,-57.5028,904.9
NORAD-36148,54.1650,-99.9515,970.8
NORAD-36152,-23.2133,-66.0516,878.6
NORAD-36153,24.5514,-0.5089,700.0
NORAD-36160,77.5932,-136.0243,932.1
NORAD-36162,-76.5274,-118.6897,726.4
NORAD-36163,-3.7353,-54.2723,707.6
NORAD-36167,17.8965,-179.7254,777.9
NORAD-36173,-78.1763,69.5313,732.9
NORAD-36180,-6.5680,136.8500,980.7
NORAD-36182,35.3133,12.9060,788.5
NORAD-36188,-17.8148,6.9289,714.1
NORAD-36198,-66.0956,-98.6720,812.1
NORAD-36199,61.6880,-71.9363,771.4
NORAD-36200,10.2992,-179.2456,687.4
NORAD-36203,54.6636,-115.0143,642.1
NORAD-36204,43.4043,-175.4990,779.5
NORAD-36206,28.9419,91.4452,834.3
NORAD-36207,52.3162,145.8441,783.7
NORAD-36211,-16.7262,-113.7647,994.3
NORAD-36216,-78.2699,-131.4782,853.4
NORAD-36218,30.9517,-60.2211,605.6
NORAD-36224,-31.8264,129.5815,944.9
NORAD-36225,48.1527,-134.7250,480.3
NORAD-36226,69.2509,-41.5380,815.7
NORAD-36229,-67.0215,135.5700,848.6
NORAD-36230,1.8999,-23.7219,1129.0
NORAD-36231,-3.9937,-130.5867,844.3
NORAD-36232,54.5218,-107.8877,794.7
NORAD-36234,-54.0688,142.7420,1001.7
NORAD-36236,52.0119,-59.6918,882.2
NORAD-36238,-8.2413,48.0211,858.0
NORAD-36244,-51.3843,3.9966,852.5
NORAD-36247,-45.4780,93.8001,919.2
NORAD-36255,-63.6200,-178.5188,755.6
NORAD-36258,71.4431,-16.6305,681.7
NORAD-36259,79.9487,98.3415,686.9
NORAD-36260,-70.2324,102.6060,858.8
NORAD-36261,21.0395,-175.6521,1355.4
NORAD-36262,24.6273,150.6204,815.2
NORAD-36263,80.1152,-90.7275,719.5
NORAD-36267,40.1889,-153.9812,935.9
NORAD-36269,-35.4834,38.4511,819.8
NORAD-36272,-30.4314,-31.7678,837.9
NORAD-36273,44.9739,155.8529,771.7
NORAD-36274,-80.8413,-103.1492,831.8
NORAD-36278,-77.2099,49.8384,889.6
NORAD-36279,75.7596,14.5888,862.4
NORAD-36280,-58.3672,119.1226,870.7
NORAD-36281,-63.1647,153.8082,963.6
NORAD-36283,17.6066,-83.6319,494.3
NORAD-36287,-0.5860,140.4460,35798.0
NORAD-36288,9.2502,-150.1612,22486.5
NORAD-36289,67.8573,-55.8998,551.7
NORAD-36290,-26.3436,101.3507,552.2
NORAD-36291,31.3559,-72.7284,920.9
NORAD-36292,-14.0612,-0.5566,780.5
NORAD-36294,79.9951,-72.3965,659.1
NORAD-36299,60.7975,-129.0182,944.1
NORAD-36300,-63.6737,114.9462,1692.0
NORAD-36301,22.8965,160.9117,801.9
NORAD-36302,33.9663,-42.2309,799.2
NORAD-36309,-62.4178,141.1751,664.9
NORAD-36319,-5.7124,-134.7973,794.5
NORAD-36320,-31.8986,5.6564,757.1
NORAD-36321,19.9649,77.6067,784.8
NORAD-36322,64.0898,-153.4987,773.4
NORAD-36323,-66.6895,83.1091,814.1
NORAD-36324,30.3399,140.4486,845.9
NORAD-36325,-82.2140,33.8021,829.7
NORAD-36326,-32.0888,125.0161,820.2
NORAD-36328,22.1122,-61.6276,829.2
NORAD-36330,-19.5608,-105.4757,785.8
NORAD-36334,-62.9945,48.2606,817.3
NORAD-36335,26.9563,-145.4593,794.8
NORAD-36336,-82.4535,34.4099,847.3
NORAD-36337,-53.2995,-35.0653,835.4
NORAD-36338,61.5357,-140.8201,794.4
NORAD-36340,81.8114,8.0041,714.3
NORAD-36341,7.0412,-98.2405,806.6
NORAD-36342,-7.7098,-38.2378,822.0
NORAD-36343,58.0093,90.7802,805.7
NORAD-36345,-66.5450,-78.5563,842.1
NORAD-36346,21.2111,-125.0124,782.1
NORAD-36348,43.2686,5.0759,762.9
NORAD-36349,-47.7551,-158.3517,771.2
NORAD-36350,-58.1307,28.1405,770.2
NORAD-36351,-77.8046,71.0448,811.8
NORAD-36353,-30.7723,133.0758,851.2
NORAD-36354,-68.4208,51.7736,811.8
NORAD-36355,-47.3297,-127.0951,790.3
NORAD-36356,14.6996,62.3968,795.6
NORAD-36358,-3.6660,-123.3228,36142.3
NORAD-36359,-1.8086,118.2209,34399.1
NORAD-36360,45.2913,-80.1810,19845.6
NORAD-36365,-67.6766,168.4237,527.1
NORAD-36366,-4.5692,-22.0008,753.8
NORAD-36367,-29.4196,-27.4347,867.4
NORAD-36369,-62.6090,141.7501,659.5
NORAD-36371,-15.1899,15.8099,661.6
NORAD-36379,9.7241,-168.9985,745.9
NORAD-36385,7.9539,13.2375,700.1
NORAD-36390,48.1777,103.3306,658.5
NORAD-36395,-34.2163,-100.3057,35802.2
NORAD-36396,-25.9332,61.7822,28882.7
NORAD-36397,-0.0001,-76.2244,35792.1
NORAD-36398,-9.9288,164.6435,42002.6
NORAD-36399,36.6683,-1.6931,5711.5
NORAD-36400,24.9179,-141.2134,19083.2
NORAD-36401,-37.3301,-173.9086,19103.6
NORAD-36402,-65.3404,111.4347,19147.7
NORAD-36403,60.0835,-26.6304,19104.2
NORAD-36406,62.9060,167.8610,7830.7
NORAD-36407,14.0863,75.8173,6991.8
NORAD-36411,1.3313,63.5218,35777.4
NORAD-36412,-13.0161,-179.3933,35233.7
NORAD-36413,52.2011,-108.6608,773.9
NORAD-36414,17.1348,21.7672,1391.9
NORAD-36415,10.2077,25.9930,1427.4
NORAD-36416,21.0030,63.3102,1444.6
NORAD-36417,55.5251,-100.4253,799.8
NORAD-36418,-30.5909,-159.1438,856.2
NORAD-36420,63.1835,-168.5382,776.2
NORAD-36423,-39.5748,-110.3770,540.9
NORAD-36430,42.2759,9.7312,866.9
NORAD-36437,60.2787,40.9767,640.0
NORAD-36439,-20.4457,-39.1332,811.3
NORAD-36441,54.6489,-154.5277,515.7
NORAD-36451,-49.8476,65.2094,905.8
NORAD-36453,8.9839,-161.3863,769.1
NORAD-36459,59.1575,38.6311,775.7
NORAD-36470,3.6755,77.3028,429.6
NORAD-36483,-0.7069,-141.4748,753.7
NORAD-36490,-36.9380,-5.7410,641.1
NORAD-36493,-40.2304,171.2009,679.2
NORAD-36497,-36.0182,49.1673,716.7
NORAD-36499,-0.0047,-118.9261,35795.4
NORAD-36500,22.0108,-161.4029,2461.2
NORAD-36501,-14.6563,55.8990,11888.8
NORAD-36508,-1.5118,173.5685,730.0
NORAD-36509,84.8517,177.0286,925.0
NORAD-36510,51.2723,24.1184,657.7
NORAD-36516,0.0078,-101.0279,35793.4
NORAD-36517,-3.7798,119.1980,28296.9
NORAD-36519,64.6103,-64.1651,969.6
NORAD-36520,57.3162,-70.2234,978.9
NORAD-36528,21.9002,-156.8525,736.6
NORAD-36533,44.4575,151.3916,711.3
NORAD-36539,-72.6463,168.7998,721.0
NORAD-36540,-22.8816,41.0732,712.7
NORAD-36550,-54.2229,56.6172,833.0
NORAD-36551,73.8400,-65.3594,545.3
NORAD-36557,1.9356,-21.2096,635.0
NORAD-36558,53.1698,-177.9244,700.1
NORAD-36559,61.8620,-51.3424,791.5
NORAD-36571,-57.8100,-144.2579,627.4
NORAD-36581,1.1387,23.4962,35778.4
NORAD-36582,0.0075,13.2240,35782.7
NORAD-36583,-2.3083,43.9871,23499.4
NORAD-36585,51.9797,167.5250,19851.9
NORAD-36586,45.6422,171.2429,21186.0
NORAD-36587,-5.6461,41.2893,10707.6
NORAD-36588,8.6564,85.0957,1203.7
NORAD-36589,4.1363,36.9316,1054.8
NORAD-36590,3.6998,79.8308,35813.7
NORAD-36592,0.0374,30.4283,35782.1
NORAD-36593,8.5832,-31.6239,34185.9
NORAD-36594,44.6526,-28.9468,4986.1
NORAD-36596,57.1178,-73.7603,514.9
NORAD-36597,-65.0040,123.1769,559.2
NORAD-36598,-57.5301,75.3679,731.9
NORAD-36599,28.2352,99.4121,664.4
NORAD-36600,62.0609,-88.1292,1191.1
NORAD-36601,71.4988,-109.1361,721.4
NORAD-36602,-5.0530,-83.9862,632.4
NORAD-36605,-70.9677,-118.7859,524.0
NORAD-36606,-50.2869,172.6822,571.3
NORAD-36614,-5.3096,-137.7740,684.7
NORAD-36622,-18.3385,-3.7247,687.2
NORAD-36632,-1.7612,168.4692,731.5
NORAD-36644,70.4281,167.1368,932.8
NORAD-36645,-7.1027,19.8161,894.5
NORAD-36647,-53.5720,-35.3064,1106.2
NORAD-36652,-13.9993,-15.8812,803.3
NORAD-36656,54.2006,152.1378,974.6
NORAD-36657,49.3613,-109.5168,712.1
NORAD-36659,79.9400,-6.2831,1033.0
NORAD-36660,35.7435,-99.0326,868.3
NORAD-36664,50.8078,-70.0088,873.8
NORAD-36668,-31.0479,-100.7162,887.4
NORAD-36676,8.9086,-15.0007,787.5
NORAD-36678,51.9647,-112.4069,664.2
NORAD-36679,-0.5657,-108.1085,863.7
NORAD-36680,-70.1615,-138.4185,937.2
NORAD-36681,37.4928,-100.0526,829.0
NORAD-36682,58.0112,-52.5598,861.5
NORAD-36686,-16.8632,-61.1136,705.2
NORAD-36687,-42.9359,167.4459,905.4
NORAD-36689,33.7846,138.4591,796.8
NORAD-36692,-79.6899,78.9991,905.9
NORAD-36695,12.3563,54.3120,879.7
NORAD-36696,-28.2791,-84.8026,775.2
NORAD-36699,81.2658,-30.5643,875.1
NORAD-36701,36.0023,-69.4248,807.4
NORAD-36703,-72.3180,20.4160,899.3
NORAD-36707,80.9150,17.8294,865.4
NORAD-36710,37.2584,130.6533,741.3
NORAD-36711,78.7806,80.0458,728.8
NORAD-36716,8.3634,-3.3477,855.0
NORAD-36719,-47.8475,-129.3330,776.4
NORAD-36724,-28.2878,-56.3509,866.8
NORAD-36729,-0.8733,56.8874,843.8
NORAD-36734,15.7486,132.0631,785.2
NORAD-36736,-6.3584,-25.6169,810.2
NORAD-36743,-67.1245,-73.2814,816.6
NORAD-36744,3.4333,12.3526,36061.5
NORAD-36745,0.1036,30.5347,35769.9
NORAD-36746,-0.6750,83.5083,16664.3
NORAD-36792,0.0125,-118.8204,35793.0
NORAD-36793,-15.8990,-71.4671,31182.1
NORAD-36794,-10.3927,-69.0739,1483.4
NORAD-36795,63.9246,-36.8536,626.8
NORAD-36796,62.9989,179.9000,556.9
NORAD-36797,34.8016,-29.8844,573.8
NORAD-36798,15.8819,-99.8333,654.1
NORAD-36799,-67.0781,43.5290,485.3
NORAD-36800,78.2529,-130.0512,524.4
NORAD-36827,41.2911,-80.7154,769.2
NORAD-36828,39.8592,92.2038,36035.7
NORAD-36830,0.0085,-7.0213,35772.4
NORAD-36831,0.0436,2.9003,35766.7
NORAD-36832,-1.1967,71.2368,28202.3
NORAD-36834,58.3500,-67.7006,612.9
NORAD-36857,43.6118,98.4068,785.5
NORAD-36858,81.9754,-147.5323,796.7
NORAD-36859,-63.8849,-69.7056,852.8
NORAD-36860,-7.4277,130.4700,816.6
NORAD-36861,-19.1982,-114.1132,823.8
NORAD-36862,64.4599,-71.7701,794.5
NORAD-36863,-52.6793,-62.1135,832.1
NORAD-36864,77.9100,-173.0523,830.2
NORAD-36865,2.5205,-113.8778,797.7
NORAD-36867,-48.4651,-105.8624,796.0
NORAD-36868,7.7605,29.7940,35779.3
NORAD-36869,1.0965,69.4561,2089.4
NORAD-36878,57.7239,-141.8089,694.1
NORAD-36879,-45.7330,-6.1070,623.5
NORAD-36882,16.1471,47.5719,2427.8
NORAD-36911,-0.3774,-12.6432,749.3
NORAD-36923,60.8080,118.4995,705.5
NORAD-36935,27.1153,179.2053,769.1
NORAD-36936,-64.7233,-87.3433,758.1
NORAD-36938,-28.3024,-129.6157,771.0
NORAD-36941,-54.1191,-32.1143,756.0
NORAD-36949,-48.7475,-3.9660,755.4
NORAD-36958,47.7541,62.7238,7939.8
NORAD-36959,-18.6906,128.0087,3702.9
NORAD-36962,-7.0373,-16.5894,9112.7
NORAD-36963,-27.9195,-92.3692,3090.2
NORAD-36964,-43.4878,35.6157,9681.3
NORAD-36967,17.4773,-21.9780,39767.4
NORAD-36979,6.1733,-116.6046,29716.2
NORAD-36980,-23.1369,22.9345,3575.1
NORAD-36981,-25.3378,-151.1450,21484.4
NORAD-36983,10.9839,118.4407,2974.0
NORAD-36984,17.6395,-145.2254,8883.2
NORAD-36986,-29.5083,-33.2518,912.5
NORAD-36987,-46.9782,145.8539,978.6
NORAD-36990,83.0687,-108.4565,1087.1
NORAD-36994,-69.2037,53.3088,1023.6
NORAD-36995,-45.6794,-48.1043,914.0
NORAD-36996,-40.4490,-135.7083,1042.2
NORAD-37003,80.5661,-14.0170,946.3
NORAD-37006,1.3002,170.5156,910.4
NORAD-37008,19.3134,-160.7686,836.7
NORAD-37017,42.1371,24.0092,713.3
NORAD-37018,66.3100,-85.1304,625.5
NORAD-37021,-77.2160,-129.2729,841.8
NORAD-37028,43.1154,-172.2959,822.5
NORAD-37036,7.8320,-113.1786,818.1
NORAD-37042,29.9267,-150.3071,619.6
NORAD-37044,64.9749,155.0941,911.2
NORAD-37046,68.2183,-68.0201,774.9
NORAD-37047,72.1170,98.4631,816.7
NORAD-37048,9.5573,-76.0546,858.6
NORAD-37053,58.3071,41.0861,733.1
NORAD-37054,-51.7068,-134.1569,770.1
NORAD-37056,80.7078,11.5178,903.3
NORAD-37057,11.2213,-88.3657,1057.1
NORAD-37061,-34.1341,104.9058,1282.8
NORAD-37064,-45.9311,-117.0722,816.6
NORAD-37065,41.0090,-44.9396,1146.0
NORAD-37067,-31.9419,37.7076,823.0
NORAD-37069,64.2090,158.6904,875.0
NORAD-37077,-49.9359,178.3395,821.3
NORAD-37079,-6.0207,50.1072,675.8
NORAD-37081,51.3669,-141.7610,779.3
NORAD-37084,-73.2496,-105.9958,608.2
NORAD-37089,13.6233,-167.8874,621.1
NORAD-37094,71.6401,62.4987,729.9
NORAD-37095,35.8107,-105.3988,842.6
NORAD-37101,27.6478,128.6275,655.7
NORAD-37108,-3.7080,140.1206,759.8
NORAD-37118,-7.7373,-65.1292,629.3
NORAD-37126,47.1289,13.4929,572.1
NORAD-37132,-73.9670,-4.5071,616.2
NORAD-37137,-20.2329,71.6229,19180.1
NORAD-37138,-23.6473,69.8054,19232.4
NORAD-37139,-6.5855,-94.5270,19226.0
NORAD-37140,-49.2254,-63.9101,19036.6
NORAD-37143,33.9211,-153.9247,4902.2
NORAD-37144,7.6218,-17.2027,2267.1
NORAD-37148,30.5514,-91.5343,765.3
NORAD-37150,3.1178,16.0003,35953.2
NORAD-37152,-14.0289,-53.9828,1505.7
NORAD-37153,-45.7118,149.1603,1523.8
NORAD-37154,36.5869,-49.2361,1500.6
NORAD-37155,-34.0917,54.1129,1511.0
NORAD-37158,-7.4669,0.9703,39706.9
NORAD-37165,47.2654,-66.3547,644.8
NORAD-37166,-65.9158,72.5204,603.1
NORAD-37167,-38.3884,64.1629,607.7
NORAD-37168,49.1790,150.8127,465.7
NORAD-37171,61.7693,154.7045,36710.8
NORAD-37179,17.2836,97.2719,530.4
NORAD-37180,69.9208,59.3362,573.9
NORAD-37181,-47.3768,130.0756,538.8
NORAD-37185,0.0455,-115.1932,35803.7
NORAD-37186,-22.4795,93.5431,17742.9
NORAD-37187,-1.8689,31.1570,10176.6
NORAD-37188,16.9292,120.7202,1419.2
NORAD-37189,29.2464,-20.2990,1416.6
NORAD-37190,-51.2316,-122.7612,1426.2
NORAD-37191,4.0759,36.0588,1838.7
NORAD-37192,-29.4425,-157.8161,1424.8
NORAD-37193,-28.3189,115.0136,1425.0
NORAD-37198,32.4358,-152.6308,6263.7
NORAD-37199,43.0743,-29.1609,18060.1
NORAD-37200,-40.8039,-46.8472,23289.6
NORAD-37201,-47.7702,-134.7176,5363.4
NORAD-37202,10.4391,-96.8721,19109.5
NORAD-37204,5.0181,92.9330,1415.3
NORAD-37205,9.6754,-52.9477,26342.6
NORAD-37206,-0.7962,-88.8061,7098.2
NORAD-37207,-0.0318,109.8492,35787.6
NORAD-37208,2.6285,-50.3668,22081.2
NORAD-37210,-1.1960,159.9545,35773.2
NORAD-37212,62.5584,56.6478,38308.6
NORAD-37213,50.7017,-2.8701,32515.6
NORAD-37214,61.3847,-41.1048,829.0
NORAD-37215,-76.8567,106.7232,733.9
NORAD-37216,67.9373,99.3867,622.1
NORAD-37218,-3.6318,-101.2177,35792.4
NORAD-37219,16.6463,-83.3913,35332.5
NORAD-37220,-30.5660,-143.1776,15206.2
NORAD-37223,-49.8168,99.6401,584.1
NORAD-37224,-61.5208,-98.8029,601.2
NORAD-37225,-6.6226,-159.7276,632.3
NORAD-37227,23.3796,2.1993,614.5
NORAD-37233,7.4325,25.0113,33926.2
NORAD-37234,-0.7509,159.5628,36317.1
NORAD-37236,-35.3685,29.7778,965.3
NORAD-37237,4.2747,13.6823,35790.6
NORAD-37238,0.0405,65.9994,35786.5
NORAD-37241,-60.8127,56.7090,809.5
NORAD-37242,-4.6563,-128.5571,803.4
NORAD-37253,-17.9376,23.0567,8056.7
NORAD-37256,-37.3617,119.8509,35798.8
NORAD-37258,0.0841,8.9554,35778.3
NORAD-37259,4.4657,-105.4626,32606.0
NORAD-37260,-39.5908,-134.7507,5455.2
NORAD-37264,-0.0013,-30.0332,35773.2
NORAD-37265,-0.0276,159.8999,35803.5
NORAD-37266,-0.4285,101.6857,27995.0
NORAD-37270,-73.9096,171.2508,941.8
NORAD-37278,-6.4411,59.2493,719.7
NORAD-37280,-5.7669,-53.1658,908.9
NORAD-37284,-25.9652,-120.2715,792.7
NORAD-37295,-50.0892,124.6554,676.1
NORAD-37305,14.9024,172.8889,809.9
NORAD-37312,73.9385,175.7129,748.3
NORAD-37316,73.8656,-55.6211,542.0
NORAD-37320,69.4131,122.8876,650.2
NORAD-37326,71.0173,-35.8421,673.7
NORAD-37330,-60.0790,12.0468,746.7
NORAD-37331,-59.2161,159.7804,817.3
NORAD-37336,25.9671,27.2999,808.5
NORAD-37340,-28.6455,-12.6542,784.1
NORAD-37344,-8.7977,-117.5613,35829.0
NORAD-37345,-4.0065,-87.9611,35143.7
NORAD-37347,-13.6320,-161.4773,1901.5
NORAD-37363,-77.8894,-7.8377,426.3
NORAD-37372,-33.6886,44.2006,19163.9
NORAD-37373,-47.7913,65.3834,19660.3
NORAD-37379,-65.6295,-41.1735,1098.7
NORAD-37380,-64.6139,-39.6189,636.9
NORAD-37381,2.4827,88.6689,38046.2
NORAD-37384,4.8735,109.9695,35649.4
NORAD-37385,8.6482,125.9086,25020.3
NORAD-37387,79.4571,87.3588,824.0
NORAD-37388,22.8114,45.8185,811.9
NORAD-37389,-55.3436,64.5667,812.6
NORAD-37390,69.4185,-130.9614,803.5
NORAD-37392,-0.1970,-31.7664,35778.4
NORAD-37393,0.0355,52.5314,35782.5
NORAD-37394,5.4601,65.6688,12609.4
NORAD-37400,-80.2480,-34.5607,854.5
NORAD-37404,-71.1958,-127.1549,772.8
NORAD-37406,63.4920,-78.2555,769.8
NORAD-37415,7.0065,-8.8463,1245.0
NORAD-37417,31.9256,-105.7658,876.7
NORAD-37418,24.1033,-98.0476,1822.3
NORAD-37419,11.0847,-71.3173,1162.9
NORAD-37420,-49.8632,-125.8511,959.0
NORAD-37421,78.6707,-116.4812,1388.2
NORAD-37423,-77.3500,169.0143,852.4
NORAD-37424,-78.3193,-150.3266,918.2
NORAD-37427,78.9898,116.3528,585.1
NORAD-37428,-4.3208,102.0008,745.1
NORAD-37429,56.6447,-103.1906,792.6
NORAD-37430,-80.1037,-85.7748,800.6
NORAD-37432,10.4913,88.3727,593.8
NORAD-37435,-10.1440,-68.1246,804.1
NORAD-37436,-30.2562,137.9073,846.3
NORAD-37437,0.8826,66.6999,917.5
NORAD-37438,51.0393,-53.1962,851.4
NORAD-37441,17.2623,-101.7949,1153.6
NORAD-37444,-75.3852,-40.9383,892.4
NORAD-37448,-69.0457,-60.0487,735.5
NORAD-37453,-74.0044,128.0100,1263.4
NORAD-37460,73.5209,105.6607,708.2
NORAD-37461,-59.0047,108.4284,850.6
NORAD-37464,-36.1214,69.3912,973.6
NORAD-37474,17.9524,136.3512,601.7
NORAD-37476,-1.3496,41.8715,2559.5
NORAD-37477,-67.6791,-121.4853,813.7
NORAD-37478,-25.0340,47.4538,1451.0
NORAD-37481,4.4053,51.8686,35789.2
NORAD-37483,35.3852,-172.5269,803.9
NORAD-37484,53.4760,-121.3059,740.0
NORAD-37486,-41.7141,-13.5670,696.3
NORAD-37487,-47.7296,-122.2305,593.0
NORAD-37491,22.3959,-165.0119,1136.1
NORAD-37496,-50.9156,142.0904,557.7
NORAD-37498,-1.3818,-125.5844,707.1
NORAD-37499,44.1725,9.0812,797.7
NORAD-37528,-24.0859,-12.1407,744.4
NORAD-37530,-16.2162,-148.2622,768.1
NORAD-37531,-5.7098,126.5263,672.9
NORAD-37532,50.0483,-105.8199,759.4
NORAD-37533,-25.6146,-83.9097,747.2
NORAD-37535,-69.6826,-109.5317,725.0
NORAD-37537,-23.4538,138.5012,741.6
NORAD-37546,0.4493,129.7571,614.8
NORAD-37548,-17.6805,-153.2262,734.2
NORAD-37550,-83.0750,155.2425,678.2
NORAD-37562,-23.6236,29.5554,703.0
NORAD-37565,-67.3660,165.2820,742.6
NORAD-37567,-11.5193,86.7314,519.7
NORAD-37568,28.9960,166.5650,724.9
NORAD-37569,11.8110,32.5944,582.3
NORAD-37570,18.0411,-32.5742,565.5
NORAD-37571,48.6238,117.2202,1147.2
NORAD-37572,22.0736,70.5198,1129.7
NORAD-37573,-77.9852,159.8004,1079.3
NORAD-37574,-70.3595,-115.8543,814.8
NORAD-37580,56.2431,101.7000,813.4
NORAD-37581,-23.9248,127.0375,885.2
NORAD-37584,-43.5141,-1.2355,648.9
NORAD-37586,-55.5871,-97.5347,901.2
NORAD-37589,41.1125,-22.9255,780.4
NORAD-37591,23.0893,-147.1534,679.1
NORAD-37593,-27.8352,143.0826,693.6
NORAD-37594,-63.9799,-93.6683,931.6
NORAD-37595,73.0231,-76.6801,603.9
NORAD-37600,68.1073,71.2747,1040.2
NORAD-37602,-0.0264,-63.0032,35785.2
NORAD-37603,-14.1789,90.7832,29046.2
NORAD-37604,-32.1457,150.2757,16791.7
NORAD-37605,2.1594,55.0764,35793.0
NORAD-37606,0.0154,88.0481,35792.6
NORAD-37607,-1.6397,-162.0631,15951.2
NORAD-37609,-77.9962,-170.8064,917.6
NORAD-37610,52.0663,-40.4074,1029.7
NORAD-37612,-30.2764,-68.2766,726.0
NORAD-37613,59.9949,-113.5301,796.8
NORAD-37615,26.3647,-100.3940,775.6
NORAD-37616,-6.4633,-130.2416,872.4
NORAD-37617,-13.3780,56.7306,894.8
NORAD-37619,-27.8029,-133.7475,878.6
NORAD-37622,27.9884,107.5883,742.6
NORAD-37623,73.9987,-84.3595,810.5
NORAD-37624,-46.1366,-132.7427,879.0
NORAD-37625,-61.1888,99.6404,703.0
NORAD-37626,28.5741,17.0319,900.0
NORAD-37632,-4.5938,-87.4851,950.4
NORAD-37635,74.1030,66.9254,779.1
NORAD-37636,72.4838,-125.2833,910.9
NORAD-37637,-73.4502,54.4232,936.7
NORAD-37638,-73.5223,125.6252,893.6
NORAD-37639,-67.8125,8.7207,929.9
NORAD-37641,21.8236,-67.7419,825.5
NORAD-37643,25.7416,105.7928,814.3
NORAD-37645,16.2954,109.1372,704.1
NORAD-37646,-35.3957,147.1932,916.3
NORAD-37647,69.4145,100.1437,1095.3
NORAD-37648,-66.7066,90.4792,735.1
NORAD-37649,-32.9183,-179.6903,988.3
NORAD-37651,61.4217,175.3033,761.0
NORAD-37652,-61.2434,-161.2406,850.8
NORAD-37653,56.3267,90.3815,855.4
NORAD-37654,-76.7971,94.0636,715.1
NORAD-37655,41.1217,81.0523,874.7
NORAD-37656,41.4197,69.7009,849.2
NORAD-37657,67.9918,92.3186,791.8
NORAD-37658,-36.3731,150.4728,953.3
NORAD-37659,-41.2542,84.5373,913.4
NORAD-37661,-48.3177,-48.0001,1387.5
NORAD-37662,59.7207,81.8999,813.2
NORAD-37663,77.7037,65.8734,795.4
NORAD-37664,3.8287,91.0341,926.8
NORAD-37665,55.7845,-123.1734,743.8
NORAD-37666,1.4564,109.9098,827.6
NORAD-37667,-69.1257,-77.9577,629.3
NORAD-37668,-51.0640,123.2449,850.3
NORAD-37669,75.8280,68.6481,865.6
NORAD-37670,28.0717,158.6248,906.3
NORAD-37671,64.5771,-48.4042,775.0
NORAD-37672,-1.8293,-72.3489,854.9
NORAD-37673,23.5094,86.2944,639.5
NORAD-37677,1.0315,85.5853,35795.3
NORAD-37682,-19.2584,69.4928,1158.0
NORAD-37683,65.4815,155.3769,1473.2
NORAD-37686,12.6277,-101.5678,1145.4
NORAD-37687,59.5986,77.3665,972.6
NORAD-37689,-14.8774,-48.6797,742.5
NORAD-37691,-53.6395,155.8893,512.8
NORAD-37693,-74.7051,107.7890,850.6
NORAD-37694,-57.8460,-60.2396,744.6
NORAD-37695,44.8398,-77.8409,807.0
NORAD-37704,60.6218,-127.6268,917.5
NORAD-37707,8.1586,-48.1970,613.1
NORAD-37712,14.2185,-137.0579,788.6
NORAD-37714,-28.9318,-156.8173,808.5
NORAD-37715,77.5521,37.5520,986.5
NORAD-37717,-81.2489,153.0905,564.1
NORAD-37719,-76.5909,-89.5676,728.7
NORAD-37730,67.6823,-120.6447,682.2
NORAD-37731,56.3810,-136.8833,655.8
NORAD-37732,81.7246,43.8724,664.5
NORAD-37733,73.0223,-115.6115,737.0
NORAD-37734,74.4725,36.3130,457.9
NORAD-37735,76.8794,-28.8424,492.2
NORAD-37737,5.0702,24.2959,36174.5
NORAD-37739,16.8714,24.5956,1418.7
NORAD-37740,-51.4881,45.7788,1425.7
NORAD-37741,-28.7894,-66.8338,1424.4
NORAD-37742,-51.3482,-38.6734,1425.6
NORAD-37743,17.5482,-152.8687,1419.0
NORAD-37744,-16.9171,-18.1554,1423.4
NORAD-37746,5.3572,58.5490,36188.2
NORAD-37747,-1.7694,142.0293,17717.2
NORAD-37748,-1.3461,-103.0159,35792.8
NORAD-37749,0.0177,86.5207,35787.1
NORAD-37750,30.0143,83.0803,22942.4
NORAD-37751,8.0146,48.5381,30778.4
NORAD-37753,29.3584,22.0814,20122.8
NORAD-37754,-17.0875,77.9995,20825.3
NORAD-37756,-50.9208,-123.4920,2663.8
NORAD-37762,-1.3312,77.7387,19508.7
NORAD-37763,28.9899,81.2277,36435.9
NORAD-37765,-68.2332,124.7202,687.9
NORAD-37766,-11.0514,152.0002,661.8
NORAD-37767,32.8886,142.5953,660.3
NORAD-37768,-63.0612,-171.0232,708.0
NORAD-37770,-29.3332,15.8336,511.2
NORAD-37775,0.1132,19.2107,35770.7
NORAD-37776,-0.0309,109.9583,35791.7
NORAD-37777,-1.2547,3.3838,2859.9
NORAD-37779,0.6571,38.0084,35786.9
NORAD-37781,-43.5128,-110.6525,1002.4
NORAD-37782,-74.2425,1.0847,908.4
NORAD-37787,-8.2550,-66.5369,31158.8
NORAD-37788,-60.3184,139.2300,679.1
NORAD-37789,81.5177,-59.1351,638.2
NORAD-37790,-38.6952,-126.9554,701.3
NORAD-37791,76.4504,23.1754,655.2
NORAD-37792,-38.5218,-177.1484,642.8
NORAD-37793,26.2175,-17.2726,614.9
NORAD-37794,-23.7260,-127.6064,686.9
NORAD-37795,80.1661,117.6186,1275.5
NORAD-37796,10.8779,-137.4342,678.3
NORAD-37799,-24.7343,-161.4963,18666.9
NORAD-37804,1.5860,125.5806,35867.6
NORAD-37806,-4.1168,-167.4947,35800.8
NORAD-37807,-8.5585,-122.3751,35455.5
NORAD-37808,44.5258,8.8887,18052.2
NORAD-37809,-0.0925,-87.0385,35791.1
NORAD-37810,0.0746,19.9872,35779.0
NORAD-37811,0.4262,45.0781,21892.2
NORAD-37816,0.0842,-7.3227,35773.6
NORAD-37817,-0.7708,-153.2733,33818.9
NORAD-37818,38.8560,26.2263,6562.2
NORAD-37826,0.0292,-77.0266,35790.4
NORAD-37827,-17.0499,4.8455,25847.5
NORAD-37828,21.0233,-133.3453,13326.0
NORAD-37829,-1.9478,-36.0254,19147.7
NORAD-37830,-25.6458,-41.4606,19531.8
NORAD-37831,-16.9589,140.5798,615.5
NORAD-37832,5.5925,-42.4514,699.7
NORAD-37834,-0.0220,179.9942,35802.1
NORAD-37835,11.7425,-3.0717,21779.1
NORAD-37836,0.0425,16.0447,35770.5
NORAD-37839,-15.5523,57.6996,847.0
NORAD-37840,-15.1948,156.3809,862.9
NORAD-37841,-10.5824,70.1153,868.1
NORAD-37842,19.6361,55.3529,823.4
NORAD-37843,-0.0273,-115.1275,35796.6
NORAD-37844,19.0463,74.4451,31874.4
NORAD-37845,49.7159,-91.5322,10503.7
NORAD-37846,-54.9872,121.8952,23242.7
NORAD-37847,-44.5363,-165.9372,23231.7
NORAD-37848,-14.1412,69.6538,23651.7
NORAD-37849,54.8228,-150.5341,829.4
NORAD-37862,-38.7233,159.9047,1126.2
NORAD-37863,68.0852,13.9996,749.0
NORAD-37865,54.6670,147.5371,960.4
NORAD-37867,41.6104,-11.0237,19188.2
NORAD-37868,-41.8192,169.2368,19093.5
NORAD-37869,-1.8664,145.8170,19115.8
NORAD-37870,65.7237,30.5333,18770.8
NORAD-37871,-50.3342,-83.1172,8463.4
NORAD-37875,-78.2673,-103.1093,501.1
NORAD-37886,-0.4919,11.3803,772.4
NORAD-37887,-38.8193,-51.4232,770.1
NORAD-37888,61.7859,92.5872,1091.0
NORAD-37889,-63.2691,116.6516,1124.0
NORAD-37890,-44.0966,-148.6006,1084.1
NORAD-37891,49.9503,-117.9618,1071.5
NORAD-37892,-71.1692,-177.1951,1100.7
NORAD-37893,-9.3280,-130.7770,1066.0
NORAD-37900,29.2820,-139.0122,823.4
NORAD-37902,29.9174,101.8303,829.1
NORAD-37906,-45.2855,-64.9173,856.2
NORAD-37907,-49.0852,10.2081,824.3
NORAD-37908,-49.2777,-65.4671,754.4
NORAD-37912,70.1398,28.9317,898.7
NORAD-37914,-36.8443,87.9008,896.7
NORAD-37918,21.2091,-136.6395,791.8
NORAD-37919,80.6839,-76.7138,783.2
NORAD-37921,-8.9974,118.8542,916.2
NORAD-37925,-12.7174,-20.6200,618.0
NORAD-37926,-80.8133,-145.8955,818.5
NORAD-37927,-51.7366,-105.1869,631.0
NORAD-37928,-35.8644,-30.7309,828.9
NORAD-37930,-30.3947,-91.5468,811.6
NORAD-37931,-77.3030,-127.7423,818.6
NORAD-37932,47.2767,21.9055,843.0
NORAD-37933,-0.0173,105.5354,35797.9
NORAD-37934,0.8635,69.9500,33786.4
NORAD-37935,28.3293,-21.1562,14561.0
NORAD-37938,47.5297,-123.2733,19179.5
NORAD-37939,52.3740,-109.7592,19287.4
NORAD-37948,-44.4036,100.7677,35606.0
NORAD-37950,7.7981,71.7528,35819.8
NORAD-37951,-3.1402,166.7342,35804.1
NORAD-37952,11.4480,31.3421,38920.5
NORAD-37959,68.8449,56.7000,657.5
NORAD-37960,21.4387,91.9656,1008.8
NORAD-37961,-72.9666,-105.5663,722.6
NORAD-37967,56.5006,41.0936,846.6
NORAD-37968,24.3386,-76.7933,591.6
NORAD-37971,67.7255,49.7808,672.7
NORAD-37975,70.6067,-57.2954,640.8
NORAD-37985,13.2769,151.7243,769.8
NORAD-37988,-10.8244,-117.3905,625.3
NORAD-37993,73.8868,115.9627,687.8
NORAD-37994,33.8273,-35.6275,778.4
NORAD-37996,33.9293,-91.4653,947.0
NORAD-37998,60.0339,-98.5730,749.2
NORAD-38001,34.1615,155.1022,601.4
NORAD-38006,7.4089,-89.1472,729.9
NORAD-38007,-45.6021,79.7744,651.6
NORAD-38008,-0.2655,96.1922,607.2
NORAD-38009,-36.1347,61.2517,680.1
NORAD-38010,-26.6778,-82.3108,602.5
NORAD-38011,-36.5905,141.8858,635.5
NORAD-38012,-22.1677,-32.4655,710.9
NORAD-38013,-80.8397,126.3529,509.9
NORAD-38014,0.0182,42.4909,35803.2
NORAD-38017,2.1012,150.3889,675.9
NORAD-38022,7.4674,-0.0474,747.3
NORAD-38028,-86.1861,59.6131,754.7
NORAD-38038,56.1048,130.2765,769.5
NORAD-38039,-60.8232,-67.6247,449.7
NORAD-38040,-51.2228,146.4479,1426.3
NORAD-38041,36.0694,-100.4883,1415.8
NORAD-38042,-17.0998,166.4079,1423.6
NORAD-38043,51.3901,12.6098,1413.2
NORAD-38044,-28.4769,19.3556,1424.6
NORAD-38045,43.2423,-53.1593,1413.7
NORAD-38049,-7.4513,-119.1398,36117.7
NORAD-38050,18.3056,-35.8536,23902.9
NORAD-38054,1.1520,-171.8466,1182.2
NORAD-38055,64.7753,99.6799,677.9
NORAD-38056,-73.6708,102.7177,776.4
NORAD-38060,-52.5463,138.2267,651.5
NORAD-38062,53.5146,-70.9883,563.4
NORAD-38064,-69.9510,-135.2077,713.3
NORAD-38067,-25.0444,-31.7424,737.7
NORAD-38068,-42.5378,174.6347,766.7
NORAD-38070,0.0112,88.4214,35792.1
NORAD-38071,10.0108,138.8418,58375.7
NORAD-38072,3.4313,-28.2287,36300.5
NORAD-38077,19.7397,166.2622,1444.2
NORAD-38087,0.0348,-22.0177,35783.3
NORAD-38088,-0.9008,143.9714,12581.2
NORAD-38089,-38.1347,-160.2864,12753.2
NORAD-38091,3.6027,58.8468,35826.4
NORAD-38093,-3.5502,-100.2893,35615.5
NORAD-38094,-18.8659,155.0464,3834.7
NORAD-38095,-19.5815,-178.2997,22144.6
NORAD-38098,0.0223,72.1110,35792.6
NORAD-38099,-5.2340,-115.3476,62355.7
NORAD-38100,-8.0299,89.0427,10066.5
NORAD-38101,8.5435,55.2008,35768.7
NORAD-38104,-8.8037,-132.9196,35721.2
NORAD-38107,0.0336,76.5531,35789.9
NORAD-38116,29.9141,110.4312,849.7
NORAD-38119,-50.0345,157.9544,765.1
NORAD-38121,-8.5962,-118.9369,800.1
NORAD-38122,-21.7517,82.2530,706.8
NORAD-38124,-81.8338,61.6244,1282.2
NORAD-38130,-27.1453,118.2296,929.5
NORAD-38135,13.3911,-42.7864,685.0
NORAD-38137,-2.1181,-61.0840,857.0
NORAD-38143,-19.4116,-47.5549,928.1
NORAD-38144,78.6588,-163.2292,903.9
NORAD-38146,-61.3410,-151.6896,678.8
NORAD-38147,65.4998,-70.9760,784.2
NORAD-38149,50.3700,-105.5778,858.8
NORAD-38155,-74.9160,11.6239,754.8
NORAD-38157,-6.1300,8.4220,809.4
NORAD-38158,75.7597,-38.5669,1147.3
NORAD-38159,47.7527,167.7774,844.1
NORAD-38163,70.2601,-34.5360,848.2
NORAD-38166,73.0360,161.9242,784.7
NORAD-38169,59.9871,-86.8477,620.4
NORAD-38172,18.5526,7.0709,886.9
NORAD-38173,1.5325,171.0188,715.8
NORAD-38174,-67.2075,79.8574,803.6
NORAD-38175,-79.8524,-147.5380,739.8
NORAD-38176,43.7938,-93.1816,660.8
NORAD-38177,45.7787,94.4921,794.0
NORAD-38178,-48.3233,-84.4704,842.4
NORAD-38179,39.0575,92.3131,728.0
NORAD-38180,76.0378,63.5937,751.9
NORAD-38182,78.5970,66.8064,1054.5
NORAD-38183,-0.6901,-174.6109,1062.0
NORAD-38184,-46.4433,65.6056,445.7
NORAD-38187,0.1829,102.8006,32717.4
NORAD-38197,-23.4736,37.8760,596.9
NORAD-38199,-72.8044,-128.5220,946.1
NORAD-38208,-18.6084,-77.6583,606.2
NORAD-38212,-32.7596,123.5769,705.7
NORAD-38220,6.4737,-88.5111,553.2
NORAD-38228,64.8871,-136.8914,843.2
NORAD-38241,-38.3743,-23.1261,721.6
NORAD-38245,0.1005,47.6126,35779.7
NORAD-38246,48.8384,-110.7866,3275.3
NORAD-38247,1.4072,-58.6072,33910.6
NORAD-38248,-81.3856,-114.9019,380.1
NORAD-38250,-14.7187,27.1263,21523.1
NORAD-38251,-47.6537,64.5889,21512.9
NORAD-38254,3.7102,-16.7178,35783.4
NORAD-38257,-11.8677,31.4347,491.7
NORAD-38262,46.9828,174.1185,822.9
NORAD-38263,-51.4542,-28.7681,653.9
NORAD-38264,65.0088,-102.8968,675.0
NORAD-38265,-69.7825,135.0750,657.2
NORAD-38266,-77.7696,165.9277,986.1
NORAD-38271,80.9448,87.9674,783.2
NORAD-38272,-6.5277,-167.7392,786.5
NORAD-38273,13.2218,174.3381,752.9
NORAD-38274,-0.7746,163.5663,743.7
NORAD-38275,26.5330,92.8571,571.9
NORAD-38276,27.1921,10.0437,744.4
NORAD-38278,0.9199,5.7573,771.6
NORAD-38280,-8.6429,-25.4612,737.4
NORAD-38281,34.7816,-44.9172,867.8
NORAD-38282,-1.1726,137.8987,913.7
NORAD-38283,70.8045,172.7019,894.5
NORAD-38284,28.2749,144.6358,878.6
NORAD-38285,-34.4123,162.6209,916.8
NORAD-38286,-54.2989,127.6736,896.5
NORAD-38288,11.9754,46.6729,722.1
NORAD-38289,55.2413,92.9455,793.2
NORAD-38293,-44.7524,-32.6545,799.9
NORAD-38294,-23.1685,101.5015,1042.8
NORAD-38295,-69.8017,67.3260,1035.6
NORAD-38296,-38.2910,-1.3446,901.4
NORAD-38297,41.2909,-29.3003,852.4
NORAD-38299,6.5445,-57.1475,462.9
NORAD-38302,-21.6483,117.3533,527.3
NORAD-38304,32.1639,-145.2865,1011.7
NORAD-38305,62.8996,125.2153,1304.1
NORAD-38309,25.4354,-77.6794,666.9
NORAD-38310,36.1649,20.3222,706.2
NORAD-38311,-75.9647,-155.8045,804.9
NORAD-38312,19.4366,41.8726,813.7
NORAD-38313,9.8625,107.8703,1009.0
NORAD-38314,21.4479,-1.7405,1062.2
NORAD-38315,73.9540,-25.4405,1178.4
NORAD-38316,33.3738,91.4564,1203.8
NORAD-38323,-25.0194,-178.6515,1015.9
NORAD-38325,-78.1117,168.1870,984.8
NORAD-38326,-31.8489,-51.3651,553.7
NORAD-38327,71.4228,6.8763,1034.7
NORAD-38330,-74.7525,-46.0081,897.7
NORAD-38331,-0.0233,124.0290,35799.8
NORAD-38332,-0.0311,131.8700,35801.1
NORAD-38333,1.6367,-99.2413,1146.6
NORAD-38337,-68.8117,174.4841,717.9
NORAD-38338,66.0037,-128.0975,683.1
NORAD-38339,76.0221,136.9380,646.2
NORAD-38340,-71.7864,3.5108,612.5
NORAD-38341,-50.5792,-138.0456,582.1
NORAD-38342,0.0277,-91.1331,35792.2
NORAD-38343,-8.5846,-30.7044,21030.4
NORAD-38344,40.1212,-122.3423,17210.2
NORAD-38347,-57.7697,-137.4774,604.6
NORAD-38352,1.2655,98.2722,35793.6
NORAD-38354,72.9338,-117.1012,1209.6
NORAD-38355,11.0303,147.3696,1033.8
NORAD-38356,-0.0420,166.0119,35807.1
NORAD-38357,0.0483,109.5175,35561.2
NORAD-38358,5.9208,-108.9912,544.7
NORAD-38360,86.6346,81.6990,1258.4
NORAD-38361,9.0721,84.5423,1252.4
NORAD-38362,-3.2175,-96.1589,1279.4
NORAD-38363,-79.8225,-96.2235,1283.0
NORAD-38364,-71.3981,83.9539,1318.1
NORAD-38365,66.7014,-111.6810,1275.2
NORAD-38367,-5.8241,-96.3692,1290.5
NORAD-38368,34.3381,85.9798,1269.2
NORAD-38369,85.4029,-103.8145,1263.4
NORAD-38370,74.7700,85.7308,1270.2
NORAD-38372,-80.1968,-65.3247,1280.4
NORAD-38373,-67.4495,-75.9663,1293.7
NORAD-38374,75.1070,-94.0697,1259.4
NORAD-38375,-6.4491,79.8452,1270.5
NORAD-38376,88.5462,93.1624,1254.4
NORAD-38377,-64.7914,-95.2979,1310.5
NORAD-38378,44.3832,-128.0886,1256.7
NORAD-38379,-6.0130,-103.1031,1290.1
NORAD-38380,30.4732,34.2480,1278.5
NORAD-38381,-13.9692,-88.7149,1286.7
NORAD-38382,78.1302,-99.3816,1260.3
NORAD-38383,-53.7484,-94.8639,1302.0
NORAD-38384,-69.6830,-89.3156,1272.0
NORAD-38385,-41.1258,-108.1186,1281.6
NORAD-38386,2.1887,-73.1457,1289.4
NORAD-38387,-58.8001,-101.4047,1301.5
NORAD-38388,81.9455,-86.0052,1276.6
NORAD-38389,-46.6826,114.3266,1273.8
NORAD-38390,9.8510,71.8032,1299.7
NORAD-38391,-68.7043,-98.7269,1279.0
NORAD-38392,-10.6212,-93.7160,1309.5
NORAD-38393,-64.0828,-89.8340,1268.7
NORAD-38394,48.9071,97.4756,1291.3
NORAD-38395,66.2908,91.7700,1290.4
NORAD-38396,-36.6011,83.9897,1312.5
NORAD-38397,82.8328,-91.5672,1280.8
NORAD-38398,-61.4903,90.2171,1302.9
NORAD-38399,-43.5979,-89.6791,1300.3
NORAD-38400,43.4818,-90.1871,1267.5
NORAD-38401,-50.1234,-98.2949,1318.8
NORAD-38402,-1.9151,-102.0941,1310.8
NORAD-38403,-29.7413,-96.1671,1318.6
NORAD-38404,-38.7688,-100.6488,1269.1
NORAD-38405,-84.5004,92.3428,1291.1
NORAD-38406,-53.1272,83.6705,1259.1
NORAD-38407,-12.8139,80.2080,1290.3
NORAD-38408,59.3485,-92.1351,1240.4
NORAD-38409,19.0869,-80.1077,1262.3
NORAD-38410,-86.0855,80.0763,1311.3
NORAD-38411,-78.3237,87.7149,1316.9
NORAD-38412,-3.8634,-104.0057,1311.6
NORAD-38413,25.9547,83.2034,1269.0
NORAD-38414,-9.0606,-114.7656,1274.5
NORAD-38415,-48.2835,87.0778,1288.5
NORAD-38416,54.3962,-97.8604,1260.6
NORAD-38417,-13.6369,85.0581,1287.2
NORAD-38418,77.2971,-99.4697,1259.6
NORAD-38419,23.3384,-101.4697,1296.4
NORAD-38420,79.8686,-97.5858,1279.5
NORAD-38421,-48.6707,81.5909,1214.9
NORAD-38422,6.7624,-82.8248,1254.7
NORAD-38423,-52.5680,-95.0223,1300.0
NORAD-38424,7.7070,80.0796,1245.9
NORAD-38425,-11.3304,-99.4144,1318.9
NORAD-38426,36.8349,83.0747,1258.4
NORAD-38427,43.5811,-106.7970,1302.5
NORAD-38428,-56.8279,85.8182,1313.3
NORAD-38429,79.4849,74.8015,1277.1
NORAD-38430,58.3377,95.8745,1301.5
NORAD-38431,80.9096,71.7794,1257.9
NORAD-38433,72.3305,86.9397,1193.0
NORAD-38434,-69.6247,78.1219,1288.0
NORAD-38436,55.0978,76.0475,1273.9
NORAD-38437,-62.3501,-101.0833,1323.3
NORAD-38438,-33.7998,78.2903,1281.3
NORAD-38439,28.9707,109.0106,1293.5
NORAD-38440,-12.3365,90.0616,1304.2
NORAD-38441,-33.5458,-98.9129,1313.8
NORAD-38442,5.8846,78.6536,1272.4
NORAD-38443,15.2305,-104.1518,1287.8
NORAD-38444,-39.0495,-97.0121,1310.5
NORAD-38445,-76.8456,-99.5491,1308.5
NORAD-38446,-28.5376,-79.1059,1260.1
NORAD-38448,-7.3217,-100.4505,1291.6
NORAD-38449,38.2284,84.0298,1260.7
NORAD-38450,70.5148,80.8200,1261.7
NORAD-38452,31.8727,-103.7494,1290.6
NORAD-38453,56.6602,79.7823,1272.5
NORAD-38454,-11.9609,79.8437,1266.7
NORAD-38455,-85.1932,74.3406,1288.7
NORAD-38456,-72.1745,75.9294,1286.5
NORAD-38457,-18.1413,75.0078,1298.9
NORAD-38458,23.3640,-100.4496,1311.1
NORAD-38459,52.1430,79.2453,1302.1
NORAD-38460,10.4691,-104.7351,1310.8
NORAD-38474,63.5807,-178.0557,713.0
NORAD-38477,47.0034,-72.7824,786.4
NORAD-38479,-16.0748,58.8212,789.2
NORAD-38481,-67.6874,135.6793,772.8
NORAD-38483,-4.7637,84.1062,854.4
NORAD-38486,69.7919,-171.9544,652.9
NORAD-38487,56.2498,-118.9183,425.1
NORAD-38491,66.4478,60.4276,990.2
NORAD-38492,-58.5132,-54.8193,867.3
NORAD-38493,-40.4657,-160.3258,1274.7
NORAD-38494,-18.3028,-165.9428,683.0
NORAD-38495,-77.9850,-141.4564,944.9
NORAD-38496,-56.3773,99.0101,920.1
NORAD-38498,-32.1226,-106.7987,1488.4
NORAD-38499,69.0349,-69.1701,1037.0
NORAD-38500,-33.8884,-33.2572,1111.2
NORAD-38510,60.2940,-82.1995,917.0
NORAD-38512,72.5164,-89.6484,1130.1
NORAD-38513,81.2033,-148.0296,756.1
NORAD-38514,-65.4509,-105.8025,885.5
NORAD-38519,-79.4806,126.2304,869.0
NORAD-38521,62.5753,45.4352,1119.4
NORAD-38529,-6.7564,-153.7950,34764.9
NORAD-38531,-65.1569,-48.7822,998.8
NORAD-38532,14.9334,-104.7605,608.2
NORAD-38534,61.5773,16.4917,761.0
NORAD-38539,42.0874,-40.4619,888.0
NORAD-38540,61.2024,59.4930,780.1
NORAD-38541,-12.8192,107.4517,868.3
NORAD-38542,-4.2426,141.2192,912.3
NORAD-38546,74.3865,36.1181,763.9
NORAD-38547,63.1377,44.1191,790.6
NORAD-38551,-0.0292,-107.1136,35795.1
NORAD-38552,3.4447,0.0387,35787.5
NORAD-38553,-6.6004,151.9090,467.7
NORAD-38554,-5.0945,104.2578,13186.5
NORAD-38559,-20.5252,-164.9364,14258.5
NORAD-38565,38.8629,-96.6354,19262.6
NORAD-38566,-12.3759,-151.1572,10138.1
NORAD-38568,-19.6549,-126.9890,20199.6
NORAD-38569,-27.9086,-91.5439,19522.0
NORAD-38572,41.8034,44.7831,9221.5
NORAD-38573,37.4894,106.3735,1611.2
NORAD-38574,-43.0188,-29.8365,26015.7
NORAD-38576,-48.9185,-117.9634,22049.7
NORAD-38577,21.9157,-99.1220,21859.1
NORAD-38578,8.2142,2.0914,8178.8
NORAD-38579,-44.1812,-87.3758,10616.6
NORAD-38581,24.9721,-143.6920,10899.5
NORAD-38583,-48.9257,-34.5656,8275.5
NORAD-38585,-22.9602,-107.9146,23860.9
NORAD-38588,-28.7282,-111.1937,14872.2
NORAD-38589,2.9960,61.0306,16231.6
NORAD-38590,33.7571,-31.2100,23836.6
NORAD-38592,-21.6389,-37.7765,24545.1
NORAD-38594,-46.7238,-126.6850,7161.5
NORAD-38597,48.3085,-48.9954,6276.8
NORAD-38600,47.2710,178.6594,2614.7
NORAD-38601,-15.6853,-94.6199,12376.9
NORAD-38602,-7.9482,-21.3303,17716.7
NORAD-38606,-40.5916,-27.1072,26416.0
NORAD-38607,-38.9155,-96.0534,26636.8
NORAD-38609,8.5292,-76.9032,11654.3
NORAD-38610,23.1676,-36.0790,21786.7
NORAD-38612,43.3875,57.5391,26754.6
NORAD-38619,9.1694,-41.4839,25309.1
NORAD-38624,22.6582,-127.8481,4239.2
NORAD-38625,-13.9292,-59.1297,19916.5
NORAD-38640,48.7737,9.7607,19477.3
NORAD-38643,11.8312,150.2513,7874.9
NORAD-38645,22.9606,67.5886,3936.6
NORAD-38646,49.0478,33.7856,6439.5
NORAD-38647,-10.4670,-33.0713,25973.7
NORAD-38648,-45.1353,143.3718,785.3
NORAD-38649,-33.7077,13.8428,9151.4
NORAD-38650,12.2162,-72.6639,24670.7
NORAD-38651,8.1311,-61.0263,26004.3
NORAD-38652,0.0394,4.9937,35783.7
NORAD-38653,12.2564,-10.2887,24577.9
NORAD-38654,-23.5855,-40.4042,6198.4
NORAD-38656,-48.5320,-60.9188,876.8
NORAD-38657,-12.8934,-16.2922,1284.3
NORAD-38658,33.2808,-7.0965,1144.4
NORAD-38659,-7.7610,-148.1240,1292.8
NORAD-38660,-54.8256,-43.2197,1292.7
NORAD-38661,-57.2078,-67.3679,1115.5
NORAD-38662,40.1782,-176.5643,1164.8
NORAD-38663,-70.7942,43.3102,1342.7
NORAD-38664,11.4092,-166.8529,1325.5
NORAD-38665,-10.7982,-3.7395,794.5
NORAD-38666,69.7288,-40.5016,750.9
NORAD-38667,-10.8558,-173.7076,785.9
NORAD-38673,24.4115,64.9366,8819.5
NORAD-38674,-23.2222,141.3890,9171.5
NORAD-38677,27.9141,-172.8122,7259.3
NORAD-38682,3.4541,-5.6432,12490.4
NORAD-38684,6.7516,14.7981,16475.5
NORAD-38685,9.7991,15.6872,25989.1
NORAD-38687,0.6779,-108.4966,17372.7
NORAD-38688,-4.1144,-167.9634,21526.1
NORAD-38690,-1.9053,178.2499,35547.3
NORAD-38691,0.1288,118.1549,35582.7
NORAD-38692,-1.1558,129.1213,35814.2
NORAD-38693,-3.0001,-119.8066,34979.4
NORAD-38697,-2.1009,137.8596,38100.2
NORAD-38698,-1.2415,-57.3566,35474.6
NORAD-38699,-0.6689,135.0881,35082.8
NORAD-38700,0.1208,-42.1693,35550.4
NORAD-38701,1.1065,-29.6785,35722.4
NORAD-38702,1.1691,39.7471,34770.7
NORAD-38703,2.7388,39.9894,33432.5
NORAD-38704,-4.1837,-135.8913,34670.7
NORAD-38705,-3.1654,-149.0137,35539.5
NORAD-38709,-33.9050,7.6424,821.7
NORAD-38711,28.4209,18.2957,805.0
NORAD-38717,42.1732,-68.3165,784.0
NORAD-38722,70.0477,178.6329,741.4
NORAD-38724,-81.0629,163.9516,804.7
NORAD-38725,-5.3699,34.2772,771.1
NORAD-38727,-12.9933,-113.9366,963.8
NORAD-38728,18.0542,93.2385,690.9
NORAD-38730,1.8210,-26.0680,36213.8
NORAD-38732,64.8437,151.6863,774.6
NORAD-38733,13.6508,-40.0063,1490.7
NORAD-38734,81.1713,6.0134,1477.7
NORAD-38735,56.6401,126.0358,1496.0
NORAD-38736,-41.0964,140.3333,1522.9
NORAD-38737,-36.1972,-97.4844,1174.6
NORAD-38740,0.0207,68.5059,35786.1
NORAD-38741,-1.7703,-72.5877,35792.9
NORAD-38742,-4.7623,109.4748,10330.1
NORAD-38745,-46.5501,150.0416,467.1
NORAD-38746,-43.9251,-95.8315,3720.5
NORAD-38748,5.5768,114.7884,35088.1
NORAD-38749,0.0216,-58.0138,35789.2
NORAD-38750,-0.0451,124.6804,23486.0
NORAD-38753,-2.1589,4.8323,22942.3
NORAD-38755,57.0454,-23.9948,699.0
NORAD-38756,16.3119,-4.2038,621.4
NORAD-38757,-38.0557,-72.2538,629.1
NORAD-38759,-7.6617,16.7411,574.5
NORAD-38761,62.3932,-1.0130,430.8
NORAD-38762,59.1488,75.9696,505.6
NORAD-38763,22.9661,5.9874,530.4
NORAD-38764,47.7812,-43.0056,434.4
NORAD-38765,-47.5288,-123.1207,486.9
NORAD-38767,-36.9910,-158.7192,202.3
NORAD-38771,-76.3360,165.9640,834.3
NORAD-38774,-4.1094,-47.8437,21535.2
NORAD-38775,54.8626,24.6253,21522.1
NORAD-38778,-0.0324,28.1821,35785.2
NORAD-38779,-0.0305,83.1092,35798.2
NORAD-38780,-1.2286,-164.9400,28342.0
NORAD-38782,62.3047,-113.6808,625.1
NORAD-38789,-50.7475,-12.9073,891.3
NORAD-38795,-3.6273,73.9098,1310.9
NORAD-38797,-61.5573,-13.8966,1155.1
NORAD-38798,-24.9622,-178.0434,861.7
NORAD-38799,79.2718,26.9284,608.4
NORAD-38801,-65.8361,141.7343,1067.2
NORAD-38803,27.9343,88.0303,849.9
NORAD-38809,42.8480,-87.0196,694.5
NORAD-38812,-81.5734,-10.2159,921.0
NORAD-38813,-50.3027,-101.8744,834.8
NORAD-38817,-23.5064,-69.7219,1076.9
NORAD-38818,37.1717,-42.9578,739.9
NORAD-38819,-39.8270,-118.6562,862.3
NORAD-38824,80.1414,113.5694,844.3
NORAD-38827,29.6691,-77.5118,747.5
NORAD-38829,-58.0812,105.4374,891.5
NORAD-38832,-33.7620,135.6755,923.0
NORAD-38833,-1.2492,-143.6321,20389.4
NORAD-38834,25.3597,-143.9356,20659.0
NORAD-38840,36.6654,-37.3079,574.6
NORAD-38843,60.6475,166.1125,908.4
NORAD-38845,35.9839,131.5183,968.6
NORAD-38857,-41.0525,-150.1613,23230.9
NORAD-38859,-27.9046,-20.8712,23663.2
NORAD-38860,-16.2209,49.6502,637.3
NORAD-38861,-48.8602,-129.2344,604.2
NORAD-38863,-28.9445,-38.3844,511.0
NORAD-38867,0.0247,-53.0171,35795.6
NORAD-38868,-9.7651,-104.3672,39775.7
NORAD-38869,37.8798,-123.1681,25205.0
NORAD-38884,49.8381,129.0482,269.5
NORAD-38922,48.8058,-107.5185,348.7
NORAD-38953,3.9370,84.1538,35827.1
NORAD-38954,-12.1230,126.7850,12216.0
NORAD-38977,6.9592,-16.7566,35792.9
NORAD-38978,-0.0387,-176.8631,35769.7
NORAD-38979,-11.8598,52.6980,11801.8
NORAD-38980,-8.6896,-143.3725,35128.7
NORAD-38991,0.0122,-75.0236,35791.9
NORAD-38992,0.0603,21.6420,35782.5
NORAD-38993,-2.0933,-143.6947,29385.3
NORAD-38995,-22.4267,-126.1912,9089.5
NORAD-38996,45.7160,37.6121,8273.3
NORAD-39008,0.0009,-61.5196,35789.3
NORAD-39009,-3.8158,132.7025,35165.1
NORAD-39010,-9.4257,-139.1232,693.1
NORAD-39011,27.4486,-52.4276,1254.0
NORAD-39012,45.4355,-67.7373,1134.1
NORAD-39013,45.3330,-68.1181,1137.4
NORAD-39014,63.3546,22.4485,879.0
NORAD-39015,12.6300,170.8445,775.3
NORAD-39016,-50.3814,119.1816,1075.1
NORAD-39017,0.0404,87.5505,35796.6
NORAD-39019,23.3916,147.2718,703.9
NORAD-39020,0.0166,70.5283,35790.4
NORAD-39021,-0.2909,121.0384,6015.5
NORAD-39022,1.2932,54.9370,35785.3
NORAD-39023,20.4961,-21.2893,25666.8
NORAD-39030,-58.4587,79.9662,658.4
NORAD-39034,0.0322,52.7979,35783.5
NORAD-39035,0.0018,-114.7975,35791.6
NORAD-39036,1.2074,161.7035,12900.1
NORAD-39046,44.2866,-112.0622,840.3
NORAD-39052,23.8660,110.0277,556.2
NORAD-39055,70.7307,-86.1450,812.7
NORAD-39056,62.7134,-49.0953,982.3
NORAD-39057,63.9407,-92.3279,1505.7
NORAD-39058,-9.3478,-80.9178,1512.1
NORAD-39059,-4.5306,104.2485,1484.1
NORAD-39060,-22.1378,-74.2395,1518.8
NORAD-39070,-3.5267,-174.4604,35804.5
NORAD-39071,-21.0537,84.6513,31871.7
NORAD-39072,-18.8500,73.6723,1423.5
NORAD-39073,51.3139,-174.9096,1413.8
NORAD-39074,51.1854,100.2183,1413.6
NORAD-39075,28.2598,70.2586,1417.0
NORAD-39076,16.0597,-63.6048,1419.5
NORAD-39077,28.9326,152.6275,1417.1
NORAD-39078,0.0034,-61.0269,35795.0
NORAD-39079,0.0308,45.9948,35786.3
NORAD-39080,-5.7273,113.9502,15419.8
NORAD-39084,-49.1938,-43.6922,717.3
NORAD-39086,-55.5528,69.6999,795.8
NORAD-39087,-81.0819,9.6879,775.5
NORAD-39088,73.5152,105.1588,774.8
NORAD-39089,-68.9511,53.0425,782.4
NORAD-39090,37.3049,-110.5961,776.9
NORAD-39091,-61.7239,-88.9940,786.6
NORAD-39092,-46.0991,66.3401,779.6
NORAD-39093,-67.2548,-62.3100,729.2
NORAD-39094,8.2569,86.1231,748.8
NORAD-39095,4.3705,92.8583,1594.2
NORAD-39096,-26.7995,-7.6771,1461.3
NORAD-39097,18.0122,99.1793,1559.7
NORAD-39098,-18.8234,24.9064,1175.4
NORAD-39100,11.5270,-105.4536,908.3
NORAD-39102,-15.7426,109.1856,1951.5
NORAD-39103,78.0668,16.2275,734.9
NORAD-39105,72.5287,-63.8638,907.0
NORAD-39106,61.6977,74.1492,802.1
NORAD-39107,-6.3288,100.1192,772.7
NORAD-39109,-58.9734,-66.0317,626.8
NORAD-39110,-60.3660,-111.2800,656.9
NORAD-39119,77.0314,-98.6418,818.2
NORAD-39120,0.4165,-49.8384,35786.7
NORAD-39122,-0.0006,-116.8433,35797.8
NORAD-39123,8.3561,62.4413,33688.5
NORAD-39124,-2.1669,100.5283,16062.3
NORAD-39127,-0.0159,-107.3251,35796.0
NORAD-39128,-3.0933,-116.2088,25726.7
NORAD-39129,15.4623,137.4273,7643.9
NORAD-39132,-37.8136,-79.0408,107.6
NORAD-39133,-16.7266,91.5682,498.3
NORAD-39150,28.1960,143.4870,657.5
NORAD-39151,-72.0458,14.5068,608.2
NORAD-39152,-41.4429,173.7125,592.4
NORAD-39153,-76.0153,21.4049,598.2
NORAD-39154,-81.4631,148.4132,640.4
NORAD-39155,65.0485,66.4736,19173.5
NORAD-39156,-59.6623,-78.4652,19695.8
NORAD-39157,-0.0099,97.9258,35800.1
NORAD-39158,11.5814,104.3397,6716.5
NORAD-39159,39.5826,46.8730,814.6
NORAD-39160,-36.5844,134.7537,691.5
NORAD-39161,-41.5454,136.5635,633.5
NORAD-39162,-25.1996,56.9280,655.6
NORAD-39163,0.0726,7.0515,35786.5
NORAD-39164,0.8757,95.7143,14250.7
NORAD-39165,-42.2178,126.6709,15764.5
NORAD-39166,-54.3469,77.0995,20469.1
NORAD-39167,-18.0470,166.7968,20666.8
NORAD-39168,0.0247,-52.5063,35793.6
NORAD-39169,2.7972,102.6573,50739.6
NORAD-39172,0.0358,-40.5136,35782.2
NORAD-39173,-27.6019,120.6932,8748.0
NORAD-39174,13.7261,-86.9870,11680.1
NORAD-39177,-57.2328,-149.8367,720.7
NORAD-39188,0.0050,50.6077,8070.2
NORAD-39189,-0.0329,-164.5417,8077.6
NORAD-39190,-0.0128,77.5618,8071.3
NORAD-39191,0.0137,52.1871,8068.5
NORAD-39192,0.1604,15.3672,7685.2
NORAD-39197,4.3172,-85.3691,621.7
NORAD-39198,-62.6074,77.0478,610.8
NORAD-39199,35.3045,56.8456,35777.2
NORAD-39200,-14.9812,-140.0588,18056.0
NORAD-39202,40.4422,88.0592,676.2
NORAD-39203,-23.4819,118.4456,729.9
NORAD-39204,6.3614,-6.7719,591.9
NORAD-39205,-48.5298,83.9831,641.3
NORAD-39206,-4.1056,172.3666,35676.2
NORAD-39207,4.2823,-147.9131,28908.9
NORAD-39208,-76.3223,114.9313,674.7
NORAD-39209,-75.2422,114.8512,664.5
NORAD-39210,-56.1766,91.2181,675.2
NORAD-39211,-38.7735,7.4321,471.6
NORAD-39212,-39.6515,98.8761,607.1
NORAD-39213,81.9414,-14.7101,637.6
NORAD-39214,-4.3302,-97.3888,668.6
NORAD-39215,2.2758,24.9358,35784.4
NORAD-39216,0.8286,129.5187,35797.6
NORAD-39218,-1.9046,47.7485,1449.9
NORAD-39222,-0.0348,-135.1523,35795.1
NORAD-39224,-72.4992,-124.8826,888.8
NORAD-39225,80.2608,-31.4800,857.5
NORAD-39227,-54.7196,-86.6048,569.8
NORAD-39228,5.2122,-79.4419,1125.8
NORAD-39231,32.5514,81.9512,975.5
NORAD-39233,0.0457,25.5167,35784.7
NORAD-39234,0.1272,73.9247,35793.7
NORAD-39235,-3.4504,-45.3745,27906.5
NORAD-39236,-2.1211,-47.7316,6926.5
NORAD-39237,0.0279,65.0203,35794.6
NORAD-39238,20.4985,16.9804,5402.4
NORAD-39239,-61.7848,-167.6886,1208.1
NORAD-39240,40.5201,-30.8258,826.4
NORAD-39241,0.6470,122.2740,1409.5
NORAD-39242,-1.4583,-44.6342,1443.5
NORAD-39243,45.3966,-10.3737,837.5
NORAD-39244,55.3056,100.3645,1139.3
NORAD-39249,47.4514,38.0393,1487.8
NORAD-39250,-77.8893,-170.7447,1503.1
NORAD-39251,-60.0344,-143.9858,1515.7
NORAD-39252,0.0009,-161.5997,1214.8
NORAD-39253,-5.1567,25.4430,1147.3
NORAD-39254,12.4322,-59.9978,942.2
NORAD-39255,-21.3257,148.5453,821.8
NORAD-39256,-5.3057,-123.1272,35787.6
NORAD-39260,-9.9731,50.6829,840.7
NORAD-39261,22.7480,-39.1903,764.7
NORAD-39265,72.0796,-29.7651,394.3
NORAD-39267,74.9934,-168.7439,831.4
NORAD-39269,-68.9463,-136.5360,677.5
NORAD-39270,55.4505,118.3555,374.2
NORAD-39285,0.0175,28.5068,35781.8
NORAD-39286,-15.2232,17.6472,33247.1
NORAD-39287,-15.0603,-155.5680,11020.4
NORAD-39294,19.2001,-22.9214,1100.2
NORAD-39295,-17.2856,-170.0820,1062.8
NORAD-39296,0.8586,73.6441,36336.3
NORAD-39297,-0.7561,125.9741,35942.9
NORAD-39298,-1.6953,-168.6774,35400.6
NORAD-39300,71.0815,-0.5160,980.7
NORAD-39301,57.0261,76.5427,877.6
NORAD-39302,-25.4702,38.8313,783.2
NORAD-39303,70.8867,-144.1383,810.4
NORAD-39304,11.9859,-142.4073,844.7
NORAD-39305,-0.3488,41.5492,958.8
NORAD-39307,-30.3073,-75.1435,485.6
NORAD-39308,-72.1396,106.0893,761.9
NORAD-39309,-47.9519,-38.2323,711.2
NORAD-39310,55.7517,-49.3883,831.0
NORAD-39312,81.1602,-37.8189,556.8
NORAD-39314,-31.3652,-60.2251,724.7
NORAD-39315,45.5719,172.2440,749.6
NORAD-39318,42.4235,-41.6519,662.3
NORAD-39319,-34.1612,103.1152,565.2
NORAD-39320,6.7969,150.3327,958.2
NORAD-39321,-25.6162,28.3016,1201.2
NORAD-39322,-39.9283,-7.7871,582.6
NORAD-39323,50.8208,36.3361,760.9
NORAD-39324,6.7998,-70.7827,8328.0
NORAD-39325,-49.3563,-120.6053,24347.4
NORAD-39326,43.3070,-133.6019,2313.6
NORAD-39327,-41.5687,-124.3790,23351.0
NORAD-39328,-45.6768,-21.9801,26873.5
NORAD-39330,-32.9548,-60.4589,12449.2
NORAD-39333,-14.7463,-128.8926,41449.1
NORAD-39334,-22.1308,6.3306,40885.6
NORAD-39337,23.1992,111.0288,37607.2
NORAD-39338,16.9317,18.8163,16823.9
NORAD-39339,16.4128,-162.0461,31280.3
NORAD-39340,14.7399,-7.6686,2639.7
NORAD-39341,-13.4026,77.6770,27162.9
NORAD-39342,10.5023,17.7804,19186.2
NORAD-39345,-7.7376,36.8412,27479.5
NORAD-39346,-5.3359,-109.4964,32496.4
NORAD-39347,-19.4533,76.9726,25890.5
NORAD-39348,-20.5786,123.1506,18314.8
NORAD-39349,19.4154,-13.1773,8582.2
NORAD-39350,20.3442,25.3599,36056.6
NORAD-39351,-19.3332,-77.6388,23563.7
NORAD-39352,19.5499,152.2272,2891.9
NORAD-39353,20.2656,58.1593,13050.5
NORAD-39354,0.4302,-20.8148,35967.1
NORAD-39356,-2.1383,17.2346,7919.4
NORAD-39357,63.0715,63.3579,647.7
NORAD-39358,-11.2794,-142.9425,611.1
NORAD-39360,-0.0300,-116.3129,35801.3
NORAD-39361,-17.7901,-109.3883,8793.6
NORAD-39362,-47.7654,99.3067,2524.5
NORAD-39371,-12.0493,-37.5635,16579.0
NORAD-39375,5.6676,34.9059,35798.7
NORAD-39376,0.3382,-53.8988,35097.5
NORAD-39410,-29.7174,57.5662,1213.8
NORAD-39411,54.6008,-145.1105,1023.6
NORAD-39416,15.5736,26.8239,620.9
NORAD-39417,-78.1734,177.5017,564.8
NORAD-39418,-79.9070,171.6494,528.3
NORAD-39419,57.5786,53.8480,534.2
NORAD-39420,79.9114,169.3392,709.0
NORAD-39421,77.2219,-97.0578,539.8
NORAD-39422,40.9968,-127.6696,567.3
NORAD-39423,23.4219,-139.2950,813.7
NORAD-39424,-18.5412,-175.8785,652.9
NORAD-39425,-46.1146,-164.9577,588.3
NORAD-39426,60.7469,-26.4400,646.2
NORAD-39427,23.8819,168.9539,574.8
NORAD-39428,79.8306,-53.8234,564.2
NORAD-39429,-37.6606,109.1052,690.8
NORAD-39430,67.5818,-103.5060,593.0
NORAD-39431,64.5244,23.9570,838.1
NORAD-39432,-81.0112,-175.3448,492.3
NORAD-39438,23.0774,24.0073,594.8
NORAD-39440,-81.8302,130.0041,586.9
NORAD-39441,9.8861,-163.5041,656.9
NORAD-39442,78.6968,28.9333,472.0
NORAD-39444,78.1529,-91.2400,520.4
NORAD-39445,-50.6864,-144.8735,549.1
NORAD-39446,-11.7094,33.8275,581.2
NORAD-39447,-61.9961,-30.9934,9793.2
NORAD-39448,62.9527,73.5546,1420.7
NORAD-39450,1.4241,-97.5460,482.3
NORAD-39451,6.4101,-129.6027,488.7
NORAD-39452,51.6943,-53.5848,414.0
NORAD-39453,52.2507,-54.9354,413.9
NORAD-39455,-54.2806,-42.2546,754.4
NORAD-39460,-0.0289,95.0278,35796.1
NORAD-39467,3.6358,73.2316,656.7
NORAD-39469,-34.8368,99.5659,622.9
NORAD-39471,-2.3974,67.7689,661.5
NORAD-39473,-36.3528,116.7042,393.6
NORAD-39474,-31.9088,115.2509,383.8
NORAD-39475,-59.4420,167.3515,471.0
NORAD-39476,0.0259,62.4641,35798.4
NORAD-39477,-38.1880,-179.7233,11287.4
NORAD-39481,-0.0281,-87.2195,35790.2
NORAD-39483,60.9143,-142.1004,1485.9
NORAD-39484,-47.0280,-118.8448,1525.4
NORAD-39485,-7.2509,50.1105,1503.7
NORAD-39486,46.3348,1.4208,1506.6
NORAD-39487,-0.0256,140.0387,35795.1
NORAD-39488,-5.8955,-81.8075,41066.2
NORAD-39490,-72.6614,-16.0507,571.2
NORAD-39491,53.5905,138.4128,554.7
NORAD-39492,-52.0546,-21.6534,582.5
NORAD-39494,-12.6431,46.6360,53888.0
NORAD-39497,-61.6879,-114.6689,1517.4
NORAD-39498,-0.0127,73.9853,35789.0
NORAD-39500,0.0616,78.5697,35786.5
NORAD-39504,2.9385,-41.0984,35804.5
NORAD-39505,20.8034,-40.3799,28127.3
NORAD-39508,0.0300,74.9637,35795.2
NORAD-39509,0.0367,37.8077,35787.2
NORAD-39510,3.5177,35.4325,3661.8
NORAD-39511,3.6991,-17.4485,13627.3
NORAD-39522,-0.0012,42.0244,35793.7
NORAD-39523,-11.7939,-127.1147,33852.3
NORAD-39524,27.2444,-143.1440,18483.8
NORAD-39533,-53.5970,-45.2783,20025.1
NORAD-39534,-51.4868,-12.8667,21644.7
NORAD-39536,-10.2886,126.1829,1066.7
NORAD-39537,-67.9223,-114.5491,1041.3
NORAD-39540,-59.4942,96.1083,843.6
NORAD-39541,9.1096,-59.3992,791.2
NORAD-39543,-74.9993,-117.3441,933.1
NORAD-39544,-34.7192,-41.0877,924.8
NORAD-39546,-25.3041,-26.4728,608.0
NORAD-39547,-18.1898,-156.7995,471.6
NORAD-39553,71.6402,-6.9263,759.0
NORAD-39554,67.5607,-133.7758,444.5
NORAD-39574,7.2958,-34.1754,439.3
NORAD-39583,-60.1220,80.4255,601.1
NORAD-39585,50.7813,-169.9406,679.6
NORAD-39586,-7.5609,116.1736,772.5
NORAD-39591,61.0545,-86.4208,773.6
NORAD-39592,-33.2668,104.7759,1053.8
NORAD-39599,43.0836,-77.9867,14633.7
NORAD-39600,-5.5501,54.3566,22812.1
NORAD-39603,42.5985,-148.2693,782.9
NORAD-39605,75.7929,19.8531,725.5
NORAD-39606,9.6368,155.6698,746.7
NORAD-39608,34.5413,175.5384,767.3
NORAD-39609,80.2101,88.8024,1266.4
NORAD-39612,0.3082,64.2477,35768.7
NORAD-39613,0.0088,55.9989,35793.4
NORAD-39614,-2.4282,-61.0070,37318.2
NORAD-39616,0.0065,-74.0688,35795.5
NORAD-39617,0.0100,23.5262,35783.9
NORAD-39618,0.2616,15.5580,20051.4
NORAD-39620,46.9132,-3.5714,19156.8
NORAD-39621,11.9753,-142.1807,19459.5
NORAD-39624,73.6785,-49.3272,695.8
NORAD-39625,1.1782,14.6055,435.6
NORAD-39626,22.5964,-116.5602,586.3
NORAD-39627,73.9466,49.8138,868.8
NORAD-39628,-17.3419,-163.5111,575.0
NORAD-39629,43.7755,-130.1007,832.1
NORAD-39630,80.3103,10.8064,839.8
NORAD-39632,16.3027,85.5024,809.5
NORAD-39633,30.6446,-86.2173,807.8
NORAD-39634,-12.7518,85.1784,707.5
NORAD-39635,-28.1280,56.9869,35794.4
NORAD-39636,0.5071,95.4885,12236.9
NORAD-39637,30.9099,-128.5685,787.4
NORAD-39638,50.3753,-100.5666,789.1
NORAD-39639,-63.2109,155.2111,780.4
NORAD-39640,-60.5827,157.1801,777.6
NORAD-39641,56.1136,-94.7308,789.8
NORAD-39642,-20.6315,56.2850,788.7
NORAD-39643,-38.0414,-169.3936,778.2
NORAD-39644,-1.1659,30.8997,786.7
NORAD-39645,47.7868,-106.8623,789.3
NORAD-39646,-17.9626,-147.5788,783.6
NORAD-39647,30.0841,-116.8517,789.8
NORAD-39653,6.8551,-93.6583,34636.2
NORAD-39654,-60.7202,166.7444,780.0
NORAD-39655,-36.7403,-159.6985,782.3
NORAD-39656,48.4864,-110.1737,789.0
NORAD-39657,60.2036,-87.1617,789.1
NORAD-39658,21.2276,-135.4260,784.5
NORAD-39659,-53.3738,74.8389,782.4
NORAD-39660,-33.2512,59.9386,785.6
NORAD-39661,2.7607,33.6330,787.8
NORAD-39662,63.4268,-33.9369,787.8
NORAD-39663,34.9952,19.6194,789.8
NORAD-39664,10.7456,35.0294,791.2
NORAD-39665,-15.5065,-147.4894,783.9
NORAD-39666,4.1871,33.1828,789.7
NORAD-39667,46.2229,-111.8553,787.9
NORAD-39668,11.3834,-137.0550,786.4
NORAD-39669,-5.8874,42.6223,789.6
NORAD-39670,-63.0464,104.8717,780.9
NORAD-39671,-48.9313,70.7976,781.4
NORAD-39672,-52.3320,-179.7194,779.1
NORAD-39673,-35.4453,-156.5089,782.1
NORAD-39674,64.1285,-67.4049,787.8
NORAD-39675,26.3688,-130.1809,785.8
NORAD-39676,3.2324,-137.6022,785.3
NORAD-39677,-25.1124,52.2235,787.5
NORAD-39678,-48.1894,-63.8112,717.7
NORAD-39679,0.2168,-152.0464,388.5
NORAD-39688,3.1603,-104.5703,35783.2
NORAD-39689,2.8523,-82.9441,35395.9
NORAD-39691,-48.7025,-78.8518,1487.3
NORAD-39694,64.7133,-157.6606,1671.8
NORAD-39695,21.1837,149.7558,1569.3
NORAD-39698,-33.2351,55.8982,1574.6
NORAD-39702,58.6968,75.9517,1702.3
NORAD-39707,16.1004,40.0139,800.1
NORAD-39708,-71.2096,6.2756,522.3
NORAD-39709,57.4862,-48.5939,922.3
NORAD-39711,26.5343,-66.7137,934.4
NORAD-39712,-39.2228,-175.8472,916.9
NORAD-39714,-55.1699,93.9222,854.5
NORAD-39715,58.2949,53.3140,781.9
NORAD-39717,16.0759,-1.3884,894.3
NORAD-39718,-2.7942,87.6127,714.3
NORAD-39719,-56.7981,74.2933,905.7
NORAD-39720,24.4829,-176.0592,719.4
NORAD-39721,29.6332,-108.1610,820.9
NORAD-39722,-15.6429,62.7662,845.2
NORAD-39723,-59.5662,144.4738,812.4
NORAD-39724,-69.9630,20.6313,833.1
NORAD-39725,-64.0995,-153.0554,788.1
NORAD-39726,28.2275,-49.8171,1018.7
NORAD-39727,3.8026,94.8958,35790.7
NORAD-39728,0.0176,58.4962,35793.2
NORAD-39729,-4.2736,150.2022,35241.6
NORAD-39731,49.9677,-21.8963,753.7
NORAD-39741,52.9993,-75.1299,20213.1
NORAD-39742,4.3913,52.0035,20767.1
NORAD-39761,-3.2969,172.0536,1516.7
NORAD-39762,-64.7391,-23.0084,1514.0
NORAD-39763,38.8864,-2.0663,1480.4
NORAD-39764,-1.2110,130.9968,1200.1
NORAD-39765,28.2602,-49.5194,1512.6
NORAD-39766,33.0491,-1.8520,635.6
NORAD-39767,-60.8187,-172.4411,591.9
NORAD-39768,67.0726,28.7704,586.9
NORAD-39769,80.5034,17.7202,572.1
NORAD-39771,-66.2137,92.5105,543.0
NORAD-39773,0.0824,3.0953,35775.6
NORAD-39774,0.0124,-115.7730,25041.1
NORAD-39777,51.2759,144.0726,693.2
NORAD-39778,-79.8726,-172.7465,727.1
NORAD-39781,-70.1886,56.9663,759.1
NORAD-39800,-35.0551,-130.6747,2850.5
NORAD-39801,2.4423,-160.8739,1706.7
NORAD-39805,65.2632,2.3615,1497.2
NORAD-39806,-19.6750,95.2672,1466.2
NORAD-39807,-23.2003,-90.4064,974.8
NORAD-39808,73.4886,13.5073,1464.7
NORAD-39809,-62.6978,-49.7855,1310.7
NORAD-39810,63.7464,91.5021,1472.7
NORAD-39811,-18.6717,42.5788,1503.9
NORAD-39812,5.5908,-179.0772,1511.2
NORAD-39813,-71.7282,117.7354,1497.4
NORAD-39814,-70.6635,-164.2097,1517.7
NORAD-39815,64.3027,-55.4479,1514.7
NORAD-39816,-69.0391,175.4159,628.6
NORAD-39817,51.1525,-93.1780,1445.0
NORAD-39818,57.7349,-86.9663,1469.1
NORAD-39819,-33.4479,-60.1102,1507.7
NORAD-39820,-60.6078,60.3903,1518.1
NORAD-39821,67.8811,136.7915,1367.3
NORAD-39822,-37.9752,-79.0154,1542.9
NORAD-39823,-73.6908,-84.1957,1499.1
NORAD-39824,29.7613,18.1920,1468.8
NORAD-39825,-57.8489,-149.8752,1517.0
NORAD-39827,15.4760,76.4092,1492.4
NORAD-39828,-51.5527,-129.6946,1557.3
NORAD-39830,-29.8072,142.5835,1502.6
NORAD-39831,-7.7384,61.3685,1483.1
NORAD-39832,-52.2573,163.0428,1489.7
NORAD-39833,-32.3310,162.6389,1434.0
NORAD-39834,-54.4159,5.7576,1506.0
NORAD-39835,68.6426,79.3884,1671.5
NORAD-39836,-14.4970,-0.6473,1600.3
NORAD-39838,40.0356,-113.5981,1457.4
NORAD-39839,39.4927,167.3348,1541.5
NORAD-39840,21.4462,126.2985,941.5
NORAD-39847,5.0779,75.1373,794.6
NORAD-39848,62.5508,-21.9979,547.2
NORAD-39849,4.7800,78.6849,939.8
NORAD-39850,-66.9161,-61.1695,878.8
NORAD-39852,-34.1998,-168.0481,688.7
NORAD-39857,-58.4300,-116.3979,789.1
NORAD-39860,70.3755,-45.3439,801.3
NORAD-39862,-50.1263,-153.7258,679.7
NORAD-39863,-49.4535,-10.4036,804.5
NORAD-39864,54.1013,150.4192,831.3
NORAD-39865,-3.0383,-83.7652,770.0
NORAD-39867,7.2183,-179.2481,897.1
NORAD-39872,24.9574,20.5852,908.9
NORAD-39873,68.7689,99.4129,709.1
NORAD-39881,54.8911,-120.2266,943.8
NORAD-39886,-70.7065,65.3525,638.5
NORAD-39888,67.4612,55.8193,762.0
NORAD-39891,3.0360,-100.9838,745.3
NORAD-39895,-68.4367,-1.0062,832.6
NORAD-39902,70.8288,-144.4538,890.3
NORAD-39903,-65.8762,-58.3777,990.5
NORAD-39907,-19.6016,-48.3011,1031.7
NORAD-39908,11.2005,8.3184,803.6
NORAD-39911,-68.0222,72.6315,936.6
NORAD-39913,37.7619,176.2122,1076.5
NORAD-39914,-20.5468,-152.8828,783.4
NORAD-39917,56.0124,-162.5769,665.8
NORAD-39919,-19.5300,151.6426,594.1
NORAD-39922,57.7049,16.8794,656.4
NORAD-39923,67.3624,105.4987,1008.6
NORAD-39924,-58.7016,-142.8957,550.8
NORAD-39926,-38.4407,-33.9039,840.5
NORAD-39927,-70.7187,35.7208,330.0
NORAD-39929,8.8750,75.5965,742.1
NORAD-39932,3.8140,-91.1805,870.3
NORAD-39933,11.9044,-98.1235,9976.4
NORAD-39935,77.9858,-176.6508,874.9
NORAD-39936,-3.3142,-98.8987,903.4
NORAD-39937,22.4630,177.7967,941.9
NORAD-39938,-21.9229,178.4400,1009.0
NORAD-39939,-27.1698,156.7939,986.1
NORAD-39941,-18.4282,22.2050,1008.0
NORAD-39942,69.1494,57.4296,866.1
NORAD-39943,26.7527,-98.7604,1137.1
NORAD-39945,-51.3173,-81.2941,972.9
NORAD-39946,77.0645,89.4097,973.0
NORAD-39947,80.8021,-16.1871,1015.5
NORAD-39948,73.3611,-167.1324,1014.1
NORAD-39949,59.6632,-154.0459,930.1
NORAD-39951,44.0020,-110.5539,786.7
NORAD-39954,82.0738,33.4743,763.1
NORAD-39956,61.4250,-38.8684,1031.8
NORAD-39957,54.6985,106.5465,1006.9
NORAD-39958,-76.7140,-53.4728,1058.6
NORAD-39959,-64.9249,-25.3529,1017.1
NORAD-39960,76.9313,-152.6511,1146.5
NORAD-39961,-71.0354,-64.4814,884.0
NORAD-39962,-23.8423,119.9362,1027.5
NORAD-39963,37.7062,-94.6982,918.5
NORAD-39964,-74.8616,46.4373,470.0
NORAD-39965,-35.3964,-41.2773,958.4
NORAD-39966,-1.8079,-120.9128,867.3
NORAD-39967,1.9042,86.9398,897.0
NORAD-39968,-79.5122,-172.7100,977.2
NORAD-39969,33.7527,129.1372,740.7
NORAD-39971,38.8984,-51.4872,948.1
NORAD-39972,16.1848,83.6832,919.2
NORAD-39973,-21.4317,149.2131,730.6
NORAD-39974,-63.6873,143.1261,853.2
NORAD-39975,-72.2523,-116.8870,956.0
NORAD-39976,62.3299,52.8028,882.5
NORAD-39979,69.2502,-115.7791,708.7
NORAD-39981,81.2519,-127.6030,905.4
NORAD-39982,-6.8437,119.7121,951.7
NORAD-39983,77.2377,-83.4591,718.4
NORAD-39984,82.1042,-91.7737,764.3
NORAD-39985,-82.2297,-143.5945,864.0
NORAD-39986,31.7544,-36.7683,938.9
NORAD-39989,-9.9074,-58.0322,16974.5
NORAD-39998,11.0708,-30.2781,35508.6
NORAD-40001,-3.2535,-155.8730,19157.2
NORAD-40002,-20.9597,41.9802,19553.3
NORAD-40010,-7.5819,-84.1833,622.5
NORAD-40011,70.6763,102.2961,616.8
NORAD-40012,-54.5345,-120.4727,609.0
NORAD-40013,-21.1200,-47.0968,598.7
NORAD-40014,-9.3797,-11.8860,520.7
NORAD-40015,-48.1420,49.8095,621.3
NORAD-40016,-76.5743,6.7726,663.9
NORAD-40017,-15.3550,153.2668,532.7
NORAD-40018,-33.5374,23.5443,639.9
NORAD-40019,79.6321,72.5721,691.0
NORAD-40020,-50.7738,-145.4584,658.0
NORAD-40021,-20.4045,-45.6584,377.0
NORAD-40022,43.0686,-90.5099,532.3
NORAD-40024,30.8647,-65.3792,472.2
NORAD-40025,75.1520,55.7525,509.8
NORAD-40028,-54.6439,99.4658,539.4
NORAD-40030,40.7576,-98.2541,519.5
NORAD-40032,1.8780,-105.8918,526.6
NORAD-40034,82.1750,147.4107,589.9
NORAD-40037,3.5471,26.3601,593.5
NORAD-40039,24.2188,-155.9999,586.7
NORAD-40042,13.5196,101.7610,472.2
NORAD-40043,-46.7502,37.3051,659.2
NORAD-40044,0.1566,-134.5507,592.9
NORAD-40045,3.3777,-117.6662,561.6
NORAD-40046,70.0712,-139.3618,579.7
NORAD-40047,-50.4980,102.0387,641.1
NORAD-40049,-69.8368,98.3106,550.3
NORAD-40053,-19.4585,140.9719,702.7
NORAD-40054,-24.8930,165.6772,547.0
NORAD-40055,0.9043,132.0119,642.5
NORAD-40056,-8.2844,130.7048,642.8
NORAD-40057,16.0737,164.2739,577.7
NORAD-40058,47.9399,127.5793,630.5
NORAD-40059,-80.5582,136.9185,718.0
NORAD-40060,55.4804,-21.6331,4083.7
NORAD-40061,78.3067,-130.0092,1473.6
NORAD-40062,-73.6010,37.1629,1521.8
NORAD-40063,-25.9111,-173.0256,1519.4
NORAD-40064,-27.0598,170.0452,1471.4
NORAD-40069,32.5116,-123.3221,829.0
NORAD-40070,32.5005,-121.3965,765.1
NORAD-40071,-75.4533,-176.0146,609.3
NORAD-40072,-23.5747,39.5349,618.1
NORAD-40073,-57.0671,-165.6504,631.1
NORAD-40074,76.3449,43.3037,522.6
NORAD-40075,32.5734,44.6812,594.6
NORAD-40076,61.2914,-94.6430,526.1
NORAD-40078,-15.3052,55.6357,642.5
NORAD-40079,0.0363,-68.0415,8073.2
NORAD-40080,0.0253,29.0876,8069.2
NORAD-40081,0.0504,-19.5522,8067.7
NORAD-40082,0.0014,-115.4645,8072.8
NORAD-40083,0.0625,-18.6517,7675.3
NORAD-40086,39.2635,-38.8191,699.1
NORAD-40087,14.0790,-74.1950,702.6
NORAD-40088,45.3672,133.9394,651.8
NORAD-40089,-45.0775,109.1129,596.1
NORAD-40090,8.5198,-41.4285,715.6
NORAD-40091,30.3138,-53.8615,701.0
NORAD-40099,1.3874,132.9984,36801.5
NORAD-40100,3.9464,92.5711,36123.3
NORAD-40101,-9.2923,-139.6499,36209.7
NORAD-40102,-8.7308,-159.9146,36158.3
NORAD-40105,5.5889,-15.7722,20221.9
NORAD-40106,18.1314,165.6529,21354.6
NORAD-40107,-0.0249,105.3075,35797.1
NORAD-40109,-17.6048,-137.0550,855.5
NORAD-40110,-25.2618,-140.7090,882.6
NORAD-40111,18.9451,-117.4299,804.7
NORAD-40112,53.4161,156.5206,795.8
NORAD-40113,-32.1676,-125.0085,916.5
NORAD-40114,-53.6606,123.0795,1290.7
NORAD-40115,-56.0092,162.4429,627.8
NORAD-40118,27.2863,136.0315,636.6
NORAD-40119,81.0458,126.1762,573.6
NORAD-40128,3.9229,168.7319,26279.0
NORAD-40129,-16.9635,-0.1791,17151.6
NORAD-40130,-10.7721,97.4020,21504.3
NORAD-40136,6.5689,76.8001,807.6
NORAD-40137,-26.7172,-106.5643,800.2
NORAD-40141,-0.0218,119.9328,35793.9
NORAD-40143,80.7230,-14.2326,481.4
NORAD-40146,-0.0976,156.0103,35802.3
NORAD-40147,-0.0096,91.5654,35796.7
NORAD-40148,-5.8092,-157.7508,6635.0
NORAD-40152,14.8856,-40.7634,22327.6
NORAD-40157,-2.6851,68.2630,19631.9
NORAD-40158,-25.1889,7.4509,41501.6
NORAD-40160,23.4327,-93.1678,14884.6
NORAD-40161,-13.6889,97.5919,36641.9
NORAD-40162,-9.7133,-14.4479,34654.6
NORAD-40163,13.8185,24.9886,40953.1
NORAD-40164,-13.2068,-26.2972,41092.9
NORAD-40165,6.1808,13.0451,40934.4
NORAD-40169,-16.1383,-18.2075,40090.1
NORAD-40170,-12.5478,-44.7401,34137.6
NORAD-40171,-2.0468,-164.9221,564.7
NORAD-40174,-10.5607,160.0922,17117.8
NORAD-40175,6.0548,-146.0645,20794.2
NORAD-40178,16.0203,-126.9257,34404.8
NORAD-40179,-13.6243,157.3586,40334.1
NORAD-40180,-22.8280,-40.2990,38837.0
NORAD-40184,-16.2936,35.2415,24061.3
NORAD-40185,24.6757,-138.6021,40641.5
NORAD-40186,18.3727,110.9619,16060.1
NORAD-40187,-26.6818,148.2333,22611.6
NORAD-40189,-6.2996,98.0978,37282.4
NORAD-40191,7.2234,153.3526,35433.9
NORAD-40193,12.8799,72.0361,38509.9
NORAD-40194,16.5093,0.4765,4594.4
NORAD-40195,12.8738,107.3479,33909.6
NORAD-40196,21.1236,-161.1776,555.9
NORAD-40197,3.2493,146.6261,26940.3
NORAD-40198,19.3306,-29.0934,29355.3
NORAD-40200,-17.8298,85.5037,31075.5
NORAD-40201,-20.1092,-146.5947,31966.8
NORAD-40202,-2.1485,74.5998,22483.6
NORAD-40203,1.3584,86.8519,34071.5
NORAD-40207,12.0535,-18.8438,9720.9
NORAD-40209,-11.9277,-111.8689,9830.4
NORAD-40214,21.6824,35.8724,769.8
NORAD-40215,-36.6207,22.9633,780.3
NORAD-40218,-9.5952,-49.9823,761.7
NORAD-40223,33.6990,-74.1340,432.3
NORAD-40228,-21.9231,133.2661,761.3
NORAD-40230,-8.9606,98.1190,743.2
NORAD-40233,-72.7360,-99.3891,737.6
NORAD-40236,-2.4172,-101.1871,1449.3
NORAD-40238,-18.5025,0.5431,989.3
NORAD-40239,8.7609,-40.9022,739.2
NORAD-40242,-24.9934,7.3046,589.4
NORAD-40244,21.8680,51.6662,379.5
NORAD-40249,49.7894,-158.0945,751.0
NORAD-40251,-15.2974,83.3405,802.3
NORAD-40254,84.1987,145.5396,591.1
NORAD-40255,58.1987,-107.2207,825.6
NORAD-40258,1.9381,58.6118,36118.8
NORAD-40259,-1.0958,137.9870,35594.8
NORAD-40260,-20.9647,29.7485,23308.0
NORAD-40261,-26.5905,-39.1915,696.4
NORAD-40262,-79.7472,63.6932,673.7
NORAD-40263,-18.1201,-167.2907,616.6
NORAD-40264,-74.7895,7.5802,622.6
NORAD-40265,80.6664,26.1564,676.9
NORAD-40266,-24.6260,-11.7199,899.7
NORAD-40267,-0.0285,140.6876,35796.9
NORAD-40268,-4.9849,156.2032,18407.3
NORAD-40269,6.4216,83.3027,35804.4
NORAD-40270,4.6676,-25.4015,15487.1
NORAD-40271,-0.0220,-95.0658,35788.1
NORAD-40272,0.0143,-71.8296,35789.4
NORAD-40273,-6.2846,-146.7165,11997.7
NORAD-40275,-43.5334,37.1120,1213.9
NORAD-40276,39.6463,-169.2116,1077.4
NORAD-40277,0.0035,52.9977,35788.2
NORAD-40278,-4.1104,160.7713,34763.1
NORAD-40286,-61.7599,25.2446,684.0
NORAD-40287,73.9070,-56.5259,671.9
NORAD-40288,11.7810,-166.6128,884.0
NORAD-40289,3.3287,-5.4119,642.2
NORAD-40290,53.6332,-115.2541,538.0
NORAD-40291,-42.6873,70.6145,776.5
NORAD-40294,54.8514,35.5065,20028.9
NORAD-40295,-56.6874,-139.0585,20927.0
NORAD-40296,43.6058,-102.0933,24265.1
NORAD-40298,82.5817,53.8988,502.6
NORAD-40303,-15.5679,-30.2054,1888.9
NORAD-40310,-81.3472,-36.8839,650.8
NORAD-40315,22.3030,-109.4264,19103.7
NORAD-40316,-1.7717,-90.1678,19422.4
NORAD-40317,42.2381,-107.3129,890.7
NORAD-40318,-12.0975,81.3155,928.7
NORAD-40332,-0.0202,55.1840,35784.3
NORAD-40333,-0.0070,-99.2293,35791.4
NORAD-40334,-0.1370,-123.6200,18336.1
NORAD-40336,42.3134,124.6689,776.1
NORAD-40337,-3.7390,-7.7021,581.5
NORAD-40338,5.0975,166.3283,823.1
NORAD-40339,56.3384,-147.2810,943.3
NORAD-40340,-17.4015,155.2387,857.8
NORAD-40341,36.4022,90.9068,728.8
NORAD-40342,15.8950,-2.7265,1345.1
NORAD-40343,52.6471,-42.1292,1161.9
NORAD-40345,0.0061,89.9525,35794.6
NORAD-40346,-4.0686,-83.8898,34936.2
NORAD-40348,-0.0202,-164.5164,8075.5
NORAD-40349,-0.0573,172.7107,8075.2
NORAD-40350,-0.0491,124.1115,8074.0
NORAD-40351,-0.0099,75.8052,8071.1
NORAD-40352,0.0135,-3.5915,7683.7
NORAD-40355,-10.0366,-152.1105,37844.4
NORAD-40358,-31.8144,-152.7503,911.8
NORAD-40362,-14.3569,77.6798,432.5
NORAD-40364,0.0449,28.2609,35783.9
NORAD-40365,-13.6509,73.9480,23151.2
NORAD-40366,48.5422,-8.6614,14122.4
NORAD-40367,4.0540,99.7042,35779.5
NORAD-40368,21.5727,48.5439,15957.3
NORAD-40369,-4.9947,-178.3394,35852.8
NORAD-40374,3.3970,-16.0368,35934.9
NORAD-40375,-18.7089,99.6768,27437.9
NORAD-40376,-69.6987,105.6073,697.7
NORAD-40384,0.0219,-55.0027,35791.9
NORAD-40385,-11.4703,141.7992,51187.4
NORAD-40386,-37.3138,143.8751,1971.4
NORAD-40395,-16.4686,-83.7531,789.9
NORAD-40396,69.5523,-66.0964,832.2
NORAD-40397,5.3028,102.9346,794.1
NORAD-40398,-19.4426,93.2396,848.7
NORAD-40399,-8.9244,-74.8182,792.0
NORAD-40400,64.6784,-55.9193,830.2
NORAD-40401,-62.3698,-140.8538,873.4
NORAD-40402,-17.8958,-82.8541,899.8
NORAD-40403,9.7886,101.8713,788.7
NORAD-40404,-26.3858,96.3556,844.5
NORAD-40405,-10.4160,101.2076,837.5
NORAD-40407,-67.5504,-111.4387,851.9
NORAD-40409,80.7918,-7.4949,798.7
NORAD-40410,47.1296,-68.2679,799.2
NORAD-40411,66.4973,-65.3116,849.9
NORAD-40412,-72.5269,119.5006,826.9
NORAD-40413,-11.2643,-76.9203,787.0
NORAD-40414,53.1814,92.3541,792.3
NORAD-40415,53.9853,-64.3215,797.8
NORAD-40416,-13.8315,104.3447,808.1
NORAD-40418,26.7337,101.1710,786.6
NORAD-40420,-68.2903,-67.2445,554.6
NORAD-40424,0.0504,-2.9666,35788.3
NORAD-40425,0.0095,-114.9133,35793.1
NORAD-40434,43.7820,-105.8255,750.6
NORAD-40436,-66.9679,175.1048,1161.9
NORAD-40437,-12.0977,159.0843,640.6
NORAD-40441,-9.3464,102.5052,835.2
NORAD-40442,-80.2115,-155.2844,853.0
NORAD-40443,40.6652,-82.8756,845.2
NORAD-40447,-65.1896,-96.5186,795.6
NORAD-40448,-48.7665,93.5518,802.4
NORAD-40449,-29.6511,-92.2476,778.0
NORAD-40450,-63.0684,120.5197,790.9
NORAD-40462,-78.4683,-106.7942,736.7
NORAD-40463,63.0325,-147.3619,407.6
NORAD-40464,-1.5412,2.7906,906.7
NORAD-40465,-79.0338,158.9522,833.5
NORAD-40468,25.9840,-56.3555,747.5
NORAD-40469,20.3896,-32.5418,702.8
NORAD-40470,5.7603,75.9590,797.0
NORAD-40471,-12.2857,107.7839,802.8
NORAD-40473,58.6922,-96.6129,887.7
NORAD-40477,57.2469,107.6412,743.0
NORAD-40478,59.8586,12.0634,839.4
NORAD-40479,-75.2111,-119.7636,832.7
NORAD-40480,19.5367,32.1991,691.8
NORAD-40482,-35.0801,-132.2759,118560.0
NORAD-40483,-35.0561,-132.2623,118574.9
NORAD-40484,-35.0720,-132.2591,118531.4
NORAD-40485,-35.0650,-132.2747,118524.9
NORAD-40487,27.6250,77.4998,815.6
NORAD-40489,61.1652,-104.9457,725.7
NORAD-40490,78.6060,161.3585,845.2
NORAD-40491,-32.0287,140.7610,704.2
NORAD-40497,-50.0828,128.6449,763.0
NORAD-40498,12.4954,108.5593,812.1
NORAD-40499,42.6582,-56.5876,755.1
NORAD-40500,57.5275,170.2406,401.8
NORAD-40504,62.1453,-79.4978,797.9
NORAD-40505,0.0387,40.0075,35783.0
NORAD-40506,-2.6871,64.6999,33790.4
NORAD-40507,46.2994,152.5667,14670.5
NORAD-40508,68.4019,-59.0148,790.0
NORAD-40509,37.4542,-81.3596,833.7
NORAD-40511,1.1885,-45.6334,726.4
NORAD-40513,39.2530,-76.8111,817.3
NORAD-40515,29.7547,-58.0601,763.9
NORAD-40516,51.1000,102.1181,754.1
NORAD-40517,-52.8988,-62.0534,738.5
NORAD-40521,54.9563,150.2659,666.6
NORAD-40523,16.2323,132.4098,735.6
NORAD-40525,32.6479,-55.5159,758.7
NORAD-40526,-50.8159,132.7519,740.1
NORAD-40527,-21.8692,-110.6549,838.3
NORAD-40528,9.1055,72.5326,567.5
NORAD-40529,61.9522,-167.1598,619.0
NORAD-40530,-74.7682,20.8404,810.0
NORAD-40531,-49.9921,79.9410,721.0
NORAD-40532,17.5547,65.0655,716.2
NORAD-40533,53.2144,178.1583,617.1
NORAD-40534,0.0562,96.0806,19966.4
NORAD-40535,3.9779,111.0972,20839.0
NORAD-40536,66.8231,-93.1090,365.1
NORAD-40541,-17.0062,-110.8883,1309.7
NORAD-40544,27.8696,-106.0881,23230.1
NORAD-40545,-44.5431,93.7944,23227.4
NORAD-40546,33.3676,-96.9645,23603.1
NORAD-40547,-17.2106,12.0690,36464.5
NORAD-40548,8.7222,-168.9137,12639.5
NORAD-40549,-48.6647,86.5904,35750.1
NORAD-40552,-66.5693,111.6525,1507.6
NORAD-40553,7.1102,-84.0066,1495.9
NORAD-40554,54.6604,82.9336,1506.6
NORAD-40555,-34.2758,-62.9302,614.1
NORAD-40556,49.3576,97.2041,1208.2
NORAD-40558,-57.8114,85.1719,817.4
NORAD-40560,14.0659,118.0570,756.3
NORAD-40563,-58.1094,-75.1752,749.6
NORAD-40564,-53.2098,-12.0800,580.1
NORAD-40565,-58.5502,-7.9952,838.4
NORAD-40568,-52.8798,-80.6488,789.4
NORAD-40575,71.3206,-23.7941,704.5
NORAD-40576,57.7700,129.2923,688.8
NORAD-40577,-9.7957,129.2334,733.8
NORAD-40580,13.5758,-67.0186,782.5
NORAD-40581,-17.4061,-64.0624,770.5
NORAD-40582,54.6557,-29.2966,744.5
NORAD-40583,-8.6072,174.2528,678.6
NORAD-40600,-57.1179,137.3867,765.6
NORAD-40601,42.1234,118.1310,740.6
NORAD-40605,45.5471,-26.0463,678.5
NORAD-40608,-53.3408,-99.5013,801.2
NORAD-40609,16.7713,-57.0878,752.2
NORAD-40610,-0.7704,117.2069,745.3
NORAD-40611,75.4509,77.6556,744.0
NORAD-40612,14.1825,112.2437,765.5
NORAD-40613,0.0161,-0.6401,35782.0
NORAD-40615,4.9334,99.3761,22237.9
NORAD-40617,0.0497,52.0420,35788.1
NORAD-40618,21.3013,-173.7698,15439.8
NORAD-40641,-77.6581,23.8460,1125.1
NORAD-40642,-68.8681,18.9464,1044.2
NORAD-40644,64.6761,-78.1067,1071.3
NORAD-40645,-77.4362,81.6726,1118.1
NORAD-40646,-65.4815,-6.0351,1123.0
NORAD-40647,-6.9856,87.5537,1093.6
NORAD-40648,5.6635,88.3838,1080.2
NORAD-40663,-0.0244,-102.8906,35792.4
NORAD-40664,0.0014,-78.8383,35793.8
NORAD-40665,3.4284,-22.2666,29812.3
NORAD-40673,74.7878,57.7164,816.4
NORAD-40676,-39.9261,123.6758,766.1
NORAD-40677,81.3447,9.5651,819.2
NORAD-40678,-80.9947,-156.6742,729.4
NORAD-40681,-51.2139,-78.7080,784.3
NORAD-40688,-10.9363,-136.5409,1041.5
NORAD-40689,80.1864,-124.4077,1223.0
NORAD-40690,71.7628,90.0555,934.0
NORAD-40691,-80.9354,-157.8477,1021.7
NORAD-40695,-80.2140,-30.8521,931.4
NORAD-40696,71.4172,-89.2290,871.0
NORAD-40697,-50.9600,161.3539,803.8
NORAD-40698,-56.6517,147.0919,381.1
NORAD-40699,37.7422,109.9644,713.2
NORAD-40701,17.4533,92.7349,428.7
NORAD-40703,43.4107,-104.1495,910.2
NORAD-40704,-12.5218,67.1588,907.0
NORAD-40705,-79.5393,112.5235,915.9
NORAD-40706,8.8965,67.1975,911.1
NORAD-40707,-11.1812,-115.3109,907.0
NORAD-40708,-72.7639,90.2054,894.4
NORAD-40709,32.6468,53.6014,885.6
NORAD-40710,-47.7140,78.3812,929.6
NORAD-40715,40.1545,127.0844,617.5
NORAD-40716,21.4054,-60.8580,613.5
NORAD-40717,-74.4554,95.0103,628.2
NORAD-40718,36.3224,79.1014,624.0
NORAD-40719,-38.3534,-61.4004,575.4
NORAD-40720,55.1787,34.6770,606.2
NORAD-40730,-47.4743,31.3728,20443.8
NORAD-40731,-39.6265,32.1355,21584.9
NORAD-40732,2.3470,9.3033,35788.9
NORAD-40733,0.0224,-70.0410,35787.6
NORAD-40734,3.5628,-173.7862,28696.0
NORAD-40746,-0.0496,174.9982,35792.6
NORAD-40748,51.0424,-46.4674,21550.8
NORAD-40749,-23.8556,175.8513,21536.3
NORAD-40751,-53.0335,116.7421,28162.7
NORAD-40752,-53.1628,163.9023,2408.0
NORAD-40754,-48.1540,57.2367,1637.8
NORAD-40756,-0.7229,-119.0618,1636.6
NORAD-40757,55.6251,32.2178,1442.9
NORAD-40758,56.8049,-113.1192,1517.8
NORAD-40759,14.4667,5.6905,1527.9
NORAD-40761,46.9781,-12.6367,1608.3
NORAD-40762,77.1836,114.5034,1684.0
NORAD-40763,-73.8959,100.0912,1452.8
NORAD-40764,-36.0744,-130.5726,1518.1
NORAD-40765,75.8049,-43.8962,1472.6
NORAD-40766,19.2358,-28.6421,1660.7
NORAD-40768,-33.8703,-131.1883,1455.9
NORAD-40769,71.8596,10.5792,1492.9
NORAD-40771,-10.6195,59.2851,1526.5
NORAD-40773,-54.5244,-144.3581,1520.7
NORAD-40774,12.5771,-43.4561,17072.3
NORAD-40776,0.0305,101.2266,16795.7
NORAD-40778,10.7285,9.7492,5077.1
NORAD-40779,18.2250,146.0928,34588.3
NORAD-40780,-18.2622,37.4930,19906.2
NORAD-40781,-7.5664,-122.5956,23216.1
NORAD-40787,-6.2753,83.4346,32066.7
NORAD-40788,-8.3333,29.5359,17974.9
NORAD-40789,55.8984,55.9770,1385.3
NORAD-40792,-16.6511,-95.2710,672.8
NORAD-40793,73.5727,166.2656,1025.7
NORAD-40794,-61.6828,-68.4617,556.9
NORAD-40796,6.0461,-3.6179,663.0
NORAD-40797,-70.5807,-129.2998,489.2
NORAD-40799,-62.3931,-94.1898,534.4
NORAD-40802,69.5563,138.8234,610.4
NORAD-40803,72.0858,41.2073,722.0
NORAD-40808,-49.9528,-12.6387,677.6
NORAD-40810,-26.3208,130.6764,699.4
NORAD-40813,4.6568,-44.7655,41626.4
NORAD-40814,-8.2873,27.1761,40111.6
NORAD-40815,15.3636,57.2128,40793.3
NORAD-40817,-7.4428,23.0089,9724.5
NORAD-40818,15.6590,30.1949,13442.9
NORAD-40819,-20.7236,136.3491,8537.2
NORAD-40823,14.9959,-3.0954,33691.4
NORAD-40829,-2.8496,140.9816,24011.8
NORAD-40831,-11.5835,-23.6286,30636.6
NORAD-40834,-19.4681,-73.3520,31634.2
NORAD-40835,-16.7389,-55.8262,27131.9
NORAD-40838,23.7953,179.5702,39596.0
NORAD-40839,-11.3234,36.3352,1163.5
NORAD-40842,-22.7122,-163.2510,43522.4
NORAD-40843,18.1714,66.2845,31624.6
NORAD-40845,15.1020,66.4270,29660.0
NORAD-40848,-18.3465,111.5681,33972.5
NORAD-40849,-25.6620,158.8936,26954.1
NORAD-40852,16.6472,70.6018,39980.6
NORAD-40853,-11.8430,-102.8028,31433.1
NORAD-40855,-6.0043,-151.9621,12103.3
NORAD-40856,-8.9206,8.2641,26735.7
NORAD-40858,6.3837,-22.6735,37317.6
NORAD-40863,20.2214,173.0082,30818.5
NORAD-40871,-7.9446,-175.8718,35419.3
NORAD-40874,0.0225,-55.5023,35791.8
NORAD-40875,0.0801,-7.9974,35777.3
NORAD-40876,-4.8633,-44.6373,20372.9
NORAD-40878,-77.5013,115.3594,1215.6
NORAD-40879,43.2058,73.8753,1129.2
NORAD-40880,1.8736,82.5473,35795.2
NORAD-40882,-0.0438,179.5948,35795.6
NORAD-40883,0.0919,-36.0988,57097.7
NORAD-40884,-8.6455,86.7113,10665.9
NORAD-40887,2.7730,75.5234,35969.1
NORAD-40888,-16.0978,97.7090,34766.2
NORAD-40890,-47.3133,-16.7196,23235.2
NORAD-40891,22.2624,-79.8287,23523.9
NORAD-40892,-0.0058,155.0161,35818.1
NORAD-40894,23.6940,107.6317,618.5
NORAD-40895,0.0190,-13.9994,35792.2
NORAD-40896,-7.2494,-174.9634,36204.9
NORAD-40905,80.4471,-7.9104,362.4
NORAD-40908,24.3563,-63.1653,413.3
NORAD-40920,-30.3945,-41.8252,1499.7
NORAD-40921,9.8401,139.7986,1514.2
NORAD-40922,75.4417,-8.2551,1489.5
NORAD-40923,-66.4327,125.9511,1462.1
NORAD-40924,-2.9799,49.0478,35750.8
NORAD-40930,5.2154,57.0908,629.0
NORAD-40938,-39.0076,106.7877,35898.1
NORAD-40940,-0.0380,140.2458,35801.6
NORAD-40941,0.0032,-81.0253,35789.9
NORAD-40942,6.3666,38.8317,24616.2
NORAD-40946,-1.1612,-113.0757,35792.5
NORAD-40947,-20.6635,-73.8715,34952.6
NORAD-40958,6.1979,67.7827,658.1
NORAD-40959,-69.1221,90.7181,648.8
NORAD-40960,58.2491,58.6520,648.8
NORAD-40961,23.4257,71.2719,653.0
NORAD-40965,-30.4930,91.2527,606.3
NORAD-40966,-38.8480,-68.3946,674.9
NORAD-40967,39.7870,146.9385,506.6
NORAD-40968,-8.3298,99.4237,542.3
NORAD-40969,45.8530,107.8469,423.1
NORAD-40970,-53.8129,163.4524,396.2
NORAD-40971,-63.9382,14.7539,688.7
NORAD-40972,6.4098,-63.0764,364.3
NORAD-40973,-64.3812,17.5469,663.3
NORAD-40974,-56.7163,-29.3996,546.6
NORAD-40975,58.1195,-165.5757,523.1
NORAD-40976,58.5835,-169.2776,512.1
NORAD-40977,64.6192,-143.2157,521.1
NORAD-40978,23.9073,-4.4064,483.7
NORAD-40982,-0.0346,142.0511,35789.4
NORAD-40984,0.0004,50.0183,35787.1
NORAD-40985,-11.5508,73.3458,33974.8
NORAD-40986,16.8508,80.5904,8858.0
NORAD-40989,2.7630,128.4745,35562.5
NORAD-40996,-68.7179,-12.3469,540.6
NORAD-40998,49.3767,35.6844,735.7
NORAD-40999,73.3997,-0.3042,847.7
NORAD-41003,-72.6216,172.8303,651.0
NORAD-41005,74.9451,64.5174,1385.4
NORAD-41006,73.3457,-31.4019,1070.1
NORAD-41007,-63.2309,140.9956,890.6
NORAD-41008,-60.0754,-118.4186,835.4
NORAD-41011,28.9282,136.3790,748.0
NORAD-41018,-67.2034,-178.4933,1074.5
NORAD-41019,-20.0817,116.4768,19925.1
NORAD-41020,-26.0600,137.7196,21393.0
NORAD-41021,0.2621,103.5030,35763.9
NORAD-41022,-25.9680,-30.3255,15118.6
NORAD-41026,-7.3235,-145.0976,500.2
NORAD-41028,-0.0226,93.5324,35803.7
NORAD-41029,-0.0267,25.9742,35786.6
NORAD-41030,-2.3462,19.7314,19409.1
NORAD-41032,61.9316,-54.1504,35902.0
NORAD-41033,62.0833,-84.0528,39241.7
NORAD-41034,-0.0080,128.4758,35804.2
NORAD-41036,0.0400,-14.9909,35782.6
NORAD-41037,18.3484,32.1796,22815.0
NORAD-41038,38.9342,-68.8134,624.2
NORAD-41039,-69.5183,166.7265,520.9
NORAD-41045,-71.5723,107.9950,852.0
NORAD-41046,-47.3879,-49.1965,836.8
NORAD-41049,-19.9730,140.9543,817.8
NORAD-41050,80.2613,-172.7835,578.2
NORAD-41051,21.2522,10.0691,775.7
NORAD-41052,7.9463,85.3972,959.6
NORAD-41053,-23.1680,116.6521,736.3
NORAD-41054,63.1874,-54.7274,737.3
NORAD-41055,71.3439,38.6353,763.0
NORAD-41056,66.4920,-84.9702,836.4
NORAD-41057,-42.6433,53.1043,759.4
NORAD-41058,-75.3734,-142.6758,880.1
NORAD-41059,33.6029,140.5822,843.8
NORAD-41060,-29.1671,-20.7738,740.5
NORAD-41061,61.8815,-2.2109,818.1
NORAD-41062,-12.0281,-73.8918,828.4
NORAD-41063,-20.7193,-25.7931,833.9
NORAD-41064,-74.9473,-110.2041,754.7
NORAD-41065,69.2560,103.9166,809.7
NORAD-41066,-81.3077,-119.3791,830.2
NORAD-41067,-27.7291,113.3487,845.9
NORAD-41068,-70.0767,83.2707,853.5
NORAD-41069,8.7919,10.3365,696.0
NORAD-41071,-49.8757,-164.8186,800.0
NORAD-41072,32.1859,-32.9880,978.6
NORAD-41073,25.6851,-174.8113,792.3
NORAD-41074,13.2257,-92.1758,794.4
NORAD-41077,66.7050,-71.9460,844.7
NORAD-41078,-45.6506,1.5808,1127.5
NORAD-41079,-64.8833,37.8582,900.2
NORAD-41080,-73.1535,148.0238,830.8
NORAD-41081,-0.1575,-53.1003,835.0
NORAD-41082,63.2599,37.0478,878.3
NORAD-41083,-80.6698,37.8778,1076.9
NORAD-41084,-13.0331,-19.6166,813.3
NORAD-41085,22.2230,-11.0808,807.9
NORAD-41086,-8.4051,71.3299,673.9
NORAD-41087,49.6839,-81.5554,838.4
NORAD-41089,-2.5904,-21.3943,786.1
NORAD-41091,-80.3663,-84.8197,803.5
NORAD-41094,-24.2844,30.6869,625.0
NORAD-41097,-63.8066,-162.4520,942.5
NORAD-41099,-27.9815,102.7615,652.1
NORAD-41103,-1.5142,-50.9686,36125.8
NORAD-41105,2.6021,-14.6944,35793.8
NORAD-41106,2.8638,113.7452,35846.0
NORAD-41108,17.5846,-55.8069,505.2
NORAD-41119,15.6557,-70.1575,27284.9
NORAD-41121,0.0759,80.2659,35798.4
NORAD-41122,-7.7390,-164.0237,34370.5
NORAD-41126,-70.0312,103.5725,818.8
NORAD-41130,80.9468,153.5913,741.1
NORAD-41131,-31.4795,-108.1200,895.8
NORAD-41132,34.4600,83.7726,697.0
NORAD-41133,4.1848,75.8984,672.6
NORAD-41134,-16.4382,-71.7600,849.7
NORAD-41138,-44.3580,-27.3598,819.9
NORAD-41139,-14.3221,-40.2261,875.1
NORAD-41140,7.9771,-71.4833,612.1
NORAD-41141,76.2090,-141.0986,676.0
NORAD-41142,-73.5434,-16.0823,502.4
NORAD-41143,73.2216,9.4644,805.5
NORAD-41144,-3.6280,125.7138,801.3
NORAD-41146,-32.4714,19.1186,725.2
NORAD-41147,-14.6274,-64.6106,894.5
NORAD-41149,3.1995,-6.7820,632.5
NORAD-41150,81.1878,179.9190,617.9
NORAD-41151,74.5730,45.0162,866.3
NORAD-41152,1.3676,21.3550,769.6
NORAD-41153,64.1735,30.9962,751.5
NORAD-41154,-42.6083,104.8230,830.0
NORAD-41155,-16.9194,27.0450,774.2
NORAD-41156,6.1082,167.3200,620.9
NORAD-41157,-4.7670,30.2377,729.5
NORAD-41158,-22.3608,55.9005,759.5
NORAD-41159,34.5844,-21.5403,770.5
NORAD-41160,11.0475,14.8970,721.8
NORAD-41161,-56.8072,-70.2711,861.7
NORAD-41162,-78.9793,-167.7193,827.8
NORAD-41163,70.5811,-114.0212,593.0
NORAD-41164,-17.5511,161.9887,795.4
NORAD-41165,81.3570,8.5269,788.0
NORAD-41166,-4.9151,56.9070,421.3
NORAD-41167,0.1045,-135.9480,499.9
NORAD-41173,-56.4582,92.9400,487.0
NORAD-41174,31.5816,148.7064,23239.0
NORAD-41175,4.5360,-3.5831,23215.6
NORAD-41176,-54.6879,-109.0313,23537.7
NORAD-41179,-21.3007,160.6693,705.6
NORAD-41180,-34.2038,51.9985,706.4
NORAD-41181,-21.0839,-25.1550,748.2
NORAD-41182,23.1640,-155.0388,702.0
NORAD-41183,-23.0481,25.1546,706.7
NORAD-41184,-7.1486,-83.0507,704.8
NORAD-41185,-34.0883,51.4500,705.8
NORAD-41186,-40.0671,-129.7369,693.1
NORAD-41187,22.3706,159.6095,702.2
NORAD-41188,-21.9697,-21.2924,704.8
NORAD-41189,44.4069,156.6728,697.6
NORAD-41191,0.0442,36.1364,35782.9
NORAD-41192,3.0040,-30.6434,33430.8
NORAD-41193,46.4468,26.1233,10804.5
NORAD-41194,0.3023,105.6817,35777.2
NORAD-41196,62.9617,79.3218,880.1
NORAD-41197,71.7152,-57.7134,747.3
NORAD-41198,-21.3370,9.0298,748.3
NORAD-41199,81.2380,4.6348,884.7
NORAD-41201,-14.5338,-69.2881,858.6
NORAD-41202,-75.9707,95.7943,895.9
NORAD-41203,-72.9193,148.7667,862.1
NORAD-41204,-79.5910,-97.0458,834.7
NORAD-41205,-47.5508,98.9594,637.2
NORAD-41206,-31.5707,-67.9889,819.2
NORAD-41207,-6.2651,162.5724,612.6
NORAD-41208,-9.1407,-93.5428,819.6
NORAD-41209,3.5750,152.2279,627.1
NORAD-41210,24.2976,-47.1486,819.4
NORAD-41211,-57.1137,139.2667,846.9
NORAD-41212,-13.4598,44.0269,770.0
NORAD-41214,-6.6742,27.6174,761.2
NORAD-41215,28.9661,-146.0630,713.1
NORAD-41216,-3.0703,27.8070,962.1
NORAD-41217,-37.7251,110.8200,849.0
NORAD-41218,-51.0109,2.3852,726.0
NORAD-41219,-0.1244,129.9653,808.5
NORAD-41220,-44.8605,132.2992,841.1
NORAD-41221,6.0700,142.4481,751.0
NORAD-41223,11.3043,71.3845,874.4
NORAD-41224,59.1595,-153.5929,655.1
NORAD-41226,-56.7379,131.0186,847.1
NORAD-41227,34.3872,-30.3089,689.8
NORAD-41228,-75.4917,-55.1130,800.2
NORAD-41229,-76.5124,174.5757,819.5
NORAD-41230,70.2754,154.8240,704.0
NORAD-41231,43.3633,-36.4045,683.2
NORAD-41232,-71.5689,-179.6722,819.2
NORAD-41233,-15.2634,116.2391,843.3
NORAD-41236,16.9613,-29.1877,712.1
NORAD-41237,-44.4022,136.3513,736.9
NORAD-41238,0.0098,51.5152,35792.6
NORAD-41240,-64.4096,-82.0928,1318.1
NORAD-41241,10.9931,114.8479,35715.9
NORAD-41242,1.2948,-45.0201,18888.1
NORAD-41243,68.4738,2.5056,796.1
NORAD-41244,-64.9913,51.9826,776.0
NORAD-41245,11.9815,-80.8317,838.5
NORAD-41248,7.1185,86.4485,790.8
NORAD-41249,-24.3654,125.5690,721.0
NORAD-41251,59.4444,-157.8654,722.4
NORAD-41252,-70.1903,-62.6546,815.2
NORAD-41255,-74.5032,-100.9953,689.8
NORAD-41256,7.3260,-15.4123,708.1
NORAD-41258,71.7769,-168.6692,687.3
NORAD-41260,28.4712,-17.2380,808.5
NORAD-41261,67.1842,-73.0416,838.0
NORAD-41262,-10.6096,107.7282,816.9
NORAD-41263,28.1751,-78.3681,872.1
NORAD-41264,73.8247,-17.3617,796.9
NORAD-41265,71.4367,53.4682,793.6
NORAD-41266,-12.5632,-40.0027,811.1
NORAD-41267,6.4704,100.8458,545.2
NORAD-41268,15.6464,-6.5472,806.8
NORAD-41269,79.6906,81.3926,756.6
NORAD-41270,74.7882,68.5595,762.9
NORAD-41272,-79.9724,-95.9289,838.3
NORAD-41273,27.6785,-24.1223,652.9
NORAD-41275,-43.5640,138.4165,829.0
NORAD-41276,-81.1199,-131.3874,835.8
NORAD-41277,-53.6760,94.6445,750.4
NORAD-41279,-78.5174,-94.0622,831.1
NORAD-41280,-48.4015,-111.1518,831.2
NORAD-41281,19.1585,-33.7340,783.3
NORAD-41282,-73.9898,115.4545,806.2
NORAD-41283,-79.7114,175.5046,850.7
NORAD-41284,17.6271,-134.8734,887.2
NORAD-41285,-71.0651,169.1357,788.8
NORAD-41287,-53.9205,-41.7822,795.7
NORAD-41288,0.2322,5.3088,755.8
NORAD-41289,20.1961,90.3659,860.7
NORAD-41290,48.3198,156.1183,650.0
NORAD-41291,77.1211,-72.8742,693.0
NORAD-41292,-47.1548,-35.9815,689.4
NORAD-41293,5.3089,6.3794,743.5
NORAD-41295,-60.4823,-83.7576,835.8
NORAD-41296,51.1023,-35.9120,805.1
NORAD-41297,30.3455,135.3905,803.3
NORAD-41298,15.6349,149.4512,778.7
NORAD-41299,-80.3520,-169.9719,860.8
NORAD-41300,66.4113,81.6440,854.5
NORAD-41301,-59.9039,132.3270,834.3
NORAD-41302,18.4573,-39.1483,797.6
NORAD-41304,-64.5028,-96.1769,775.1
NORAD-41305,-14.9755,70.6852,857.7
NORAD-41307,37.6261,109.6981,507.8
NORAD-41308,5.4802,19.1184,35686.1
NORAD-41309,1.0011,34.5300,22808.6
NORAD-41310,0.0644,8.9990,35788.0
NORAD-41311,-9.0977,-61.0561,4240.5
NORAD-41312,30.6377,-5.5579,913.3
NORAD-41315,-44.3696,-84.2875,21530.4
NORAD-41316,49.5457,40.9365,19982.8
NORAD-41317,-10.2242,-75.8291,32480.9
NORAD-41318,-8.1973,-21.4292,18775.5
NORAD-41319,-9.1127,-83.9923,32349.5
NORAD-41320,-5.8044,-113.1400,34324.7
NORAD-41321,-9.3907,-36.8843,22336.7
NORAD-41323,-2.2446,8.9159,14824.8
NORAD-41328,34.0457,133.7458,20270.6
NORAD-41329,12.2742,4.4681,20705.2
NORAD-41330,11.7271,19.4012,19110.5
NORAD-41331,17.5255,21.3091,19342.4
NORAD-41335,72.0305,115.2672,801.9
NORAD-41336,-29.8777,125.9176,583.4
NORAD-41337,25.5535,-5.1232,534.7
NORAD-41338,30.4019,-144.5241,507.9
NORAD-41339,0.7524,124.4539,520.2
NORAD-41340,-20.5048,178.5009,190.1
NORAD-41341,12.9199,-146.1335,393.6
NORAD-41343,77.5788,90.2046,777.4
NORAD-41344,-41.7137,-28.0378,763.6
NORAD-41347,-14.7935,-28.5074,791.1
NORAD-41348,-65.4198,16.4291,628.5
NORAD-41349,-76.5755,67.1382,746.8
NORAD-41350,35.0899,-65.9500,713.3
NORAD-41351,78.6585,-21.0844,796.1
NORAD-41352,-77.2439,-30.6211,711.1
NORAD-41353,-41.2841,150.4653,814.1
NORAD-41354,67.4975,-29.3276,808.7
NORAD-41356,56.2587,118.3397,791.6
NORAD-41357,-52.5953,76.0732,874.1
NORAD-41358,-25.7787,-49.7228,808.8
NORAD-41359,-18.0461,90.5732,727.4
NORAD-41360,-18.1791,19.8844,801.9
NORAD-41361,48.9888,-50.6191,816.9
NORAD-41362,-2.2266,121.9828,716.4
NORAD-41363,-8.2406,110.5332,610.7
NORAD-41364,17.8885,-46.3871,791.4
NORAD-41365,-60.0094,-77.8748,723.5
NORAD-41366,-8.9350,13.0891,743.4
NORAD-41367,56.2385,-71.6187,684.2
NORAD-41372,-9.7046,20.7369,661.1
NORAD-41373,46.9494,-129.6024,732.6
NORAD-41374,-79.3423,-109.5079,859.5
NORAD-41376,44.5300,166.1878,793.4
NORAD-41377,-61.4257,-155.0593,786.3
NORAD-41378,47.0713,-79.9322,804.9
NORAD-41379,38.6918,-145.0837,717.8
NORAD-41380,-0.0219,108.3073,35801.2
NORAD-41381,20.0850,-87.0162,37495.2
NORAD-41382,0.0867,-65.2393,35787.8
NORAD-41383,-0.5164,159.6968,23111.6
NORAD-41384,3.7229,32.1937,35848.9
NORAD-41385,-14.8883,68.8358,12989.3
NORAD-41390,51.3199,55.0281,19856.9
NORAD-41394,29.6908,87.4727,559.7
NORAD-41397,10.4090,82.8323,732.0
NORAD-41398,-49.1101,9.4810,770.9
NORAD-41399,53.8408,101.5536,845.6
NORAD-41400,51.1552,163.7135,783.4
NORAD-41401,-6.9309,111.5279,833.2
NORAD-41402,80.6094,-8.0151,833.9
NORAD-41403,64.4521,90.5354,704.1
NORAD-41404,63.7260,-64.8170,703.3
NORAD-41405,36.9075,44.9871,695.8
NORAD-41406,-74.3392,78.0603,721.6
NORAD-41408,-19.7105,-9.2381,781.4
NORAD-41409,25.2214,159.6037,763.9
NORAD-41410,46.3711,107.9818,831.6
NORAD-41411,-36.7025,18.1662,775.6
NORAD-41412,-46.8404,-91.7148,831.1
NORAD-41413,17.6259,-35.7030,785.4
NORAD-41415,34.0901,167.0730,780.0
NORAD-41416,-36.5779,-161.2091,768.8
NORAD-41417,-40.3941,-18.6762,792.3
NORAD-41418,-7.3346,-43.4297,723.5
NORAD-41419,77.0636,175.5615,640.5
NORAD-41421,0.9835,-51.8548,651.0
NORAD-41422,26.0509,149.4239,809.2
NORAD-41423,-76.1822,-52.1040,792.1
NORAD-41424,-75.4688,16.6941,785.0
NORAD-41425,-48.0032,-19.6656,679.6
NORAD-41427,-48.0792,11.3192,757.8
NORAD-41428,5.5944,-162.1973,775.9
NORAD-41429,59.8429,147.1653,798.0
NORAD-41430,-43.1490,106.2271,752.2
NORAD-41434,16.5387,100.6217,35712.9
NORAD-41435,51.5175,7.9148,30988.8
NORAD-41456,-47.4329,-51.5568,593.5
NORAD-41457,-79.4977,140.0180,710.1
NORAD-41469,3.3532,129.7000,35807.5
NORAD-41470,12.6575,-177.3758,15759.3
NORAD-41471,-0.0381,154.0194,35798.1
NORAD-41473,-58.5026,-67.5288,650.1
NORAD-41492,-32.7469,16.3659,946.8
NORAD-41493,-63.9480,-91.2354,736.8
NORAD-41494,-71.9053,-47.6597,698.5
NORAD-41495,-79.5465,-152.4227,840.6
NORAD-41496,26.2776,177.4634,776.2
NORAD-41498,-21.7910,38.3809,809.8
NORAD-41499,-67.9050,-33.6372,739.8
NORAD-41500,72.0785,163.5510,693.4
NORAD-41502,77.4412,83.6005,802.6
NORAD-41503,-35.4152,-129.4251,687.0
NORAD-41504,81.2309,59.8916,778.8
NORAD-41505,55.3843,-164.4145,725.6
NORAD-41507,21.1156,-100.3580,674.7
NORAD-41508,64.8201,-176.9079,793.2
NORAD-41509,51.2590,7.1401,795.9
NORAD-41510,-55.3908,-177.3359,792.3
NORAD-41511,38.8401,-40.7844,812.5
NORAD-41512,73.6411,140.7460,708.8
NORAD-41513,-42.0571,-111.2258,810.5
NORAD-41514,16.8948,106.9384,653.1
NORAD-41516,74.9744,130.4773,762.0
NORAD-41520,-28.4231,46.8355,617.0
NORAD-41523,-80.8713,-129.6072,817.7
NORAD-41525,-41.5217,155.1966,812.2
NORAD-41526,-13.1214,99.0961,726.8
NORAD-41529,22.7496,100.9254,865.7
NORAD-41531,-53.5147,111.0517,860.1
NORAD-41532,65.9120,17.1006,769.0
NORAD-41534,39.6029,-7.5178,763.3
NORAD-41536,11.6789,178.5080,783.0
NORAD-41537,78.2919,92.4821,813.1
NORAD-41538,54.2699,64.1205,861.6
NORAD-41539,13.0440,-141.9427,717.1
NORAD-41540,-58.6528,127.8411,869.6
NORAD-41544,4.8083,97.2944,33210.5
NORAD-41547,8.4746,57.4349,34103.1
NORAD-41548,8.1619,16.9837,34622.9
NORAD-41549,-50.6127,55.4894,23227.0
NORAD-41550,37.8832,-99.1437,23238.7
NORAD-41551,-46.4279,69.6372,23536.3
NORAD-41552,0.0271,78.5363,35800.2
NORAD-41554,62.2035,-165.8590,19149.9
NORAD-41555,20.3435,-101.4861,19378.3
NORAD-41556,19.5864,148.8401,516.7
NORAD-41560,-1.9369,68.1079,9313.6
NORAD-41579,-5.5639,85.4030,953.7
NORAD-41580,-26.5650,118.2901,746.1
NORAD-41581,0.0028,-95.0566,35793.9
NORAD-41582,-15.9414,157.1631,62916.5
NORAD-41583,-50.7625,84.0164,3783.7
NORAD-41585,2.1008,49.2489,34840.4
NORAD-41586,0.9088,110.6009,35817.2
NORAD-41587,14.5438,103.5989,9228.3
NORAD-41588,0.0161,74.7562,35799.6
NORAD-41589,0.0112,-116.9991,35792.7
NORAD-41590,-0.6656,32.3578,20612.4
NORAD-41591,-0.0410,150.4829,35803.6
NORAD-41592,0.0126,-61.3819,35790.4
NORAD-41593,-2.4620,26.1756,29932.1
NORAD-41594,-5.9602,67.1687,18194.5
NORAD-41599,-73.2648,-70.0176,529.5
NORAD-41601,-12.6986,108.4714,466.9
NORAD-41603,-52.9721,81.2262,474.8
NORAD-41622,1.8962,-104.4210,36575.6
NORAD-41623,-9.8372,109.5249,17430.5
NORAD-41634,-15.9626,-33.1655,603.2
NORAD-41641,15.2923,29.6294,5030.2
NORAD-41652,61.2809,30.0754,733.2
NORAD-41653,49.5018,43.2473,748.1
NORAD-41654,13.6655,124.6156,804.0
NORAD-41655,0.4614,-179.5970,775.5
NORAD-41657,-36.1235,-45.0120,800.1
NORAD-41658,42.2796,-81.7779,482.0
NORAD-41659,-10.8285,-136.6778,739.8
NORAD-41660,56.3605,173.6663,750.8
NORAD-41661,-48.5990,87.4274,746.2
NORAD-41663,80.4089,112.3510,689.3
NORAD-41665,68.7701,-92.7368,839.1
NORAD-41667,57.0503,167.5560,800.1
NORAD-41668,-5.3615,-55.8650,646.3
NORAD-41669,-40.2435,-157.3840,714.5
NORAD-41677,-28.7229,73.5149,5877.3
NORAD-41681,-14.9224,60.0319,13826.1
NORAD-41692,62.6595,170.5730,16197.6
NORAD-41696,38.5703,-110.9681,6189.7
NORAD-41699,64.7702,120.2723,13823.3
NORAD-41705,-61.0641,-49.1802,824.4
NORAD-41706,6.1628,-74.6573,822.1
NORAD-41707,-44.4434,-123.1129,740.5
NORAD-41708,-4.5365,-146.8114,750.2
NORAD-41709,64.6497,152.7190,530.5
NORAD-41710,11.0530,-88.5930,701.1
NORAD-41711,-18.3322,-153.2343,746.3
NORAD-41712,80.7206,146.7533,668.3
NORAD-41713,-39.0803,-129.8548,918.6
NORAD-41715,-79.1356,-110.1301,790.3
NORAD-41716,2.7208,-36.0616,803.3
NORAD-41717,-17.2135,-133.7092,715.8
NORAD-41718,39.6268,40.6975,1462.0
NORAD-41719,-67.9493,-45.3510,1526.5
NORAD-41720,13.3773,-146.0128,1163.2
NORAD-41721,-32.0238,112.9415,1506.0
NORAD-41722,66.3633,-58.2870,1315.9
NORAD-41723,3.1772,30.8353,1466.5
NORAD-41725,0.9759,101.4794,35803.4
NORAD-41727,6.2137,-95.5190,760.2
NORAD-41728,56.3410,-26.1228,591.3
NORAD-41729,-0.0336,143.9677,35797.4
NORAD-41734,-45.3295,95.2901,856.2
NORAD-41742,-20.2574,-12.7349,705.0
NORAD-41744,1.2508,132.2026,36008.5
NORAD-41745,3.5553,92.0854,35925.0
NORAD-41746,-8.5843,-127.8404,36142.3
NORAD-41747,0.0160,68.4943,35802.0
NORAD-41748,1.4944,42.5159,35871.5
NORAD-41749,-3.6908,129.3307,21958.0
NORAD-41750,-1.1025,-106.6979,9628.7
NORAD-41752,0.1505,73.8683,35793.8
NORAD-41770,-78.6521,-164.5960,713.2
NORAD-41771,23.5460,94.1069,426.8
NORAD-41772,33.4271,-59.3550,466.1
NORAD-41773,67.3859,80.3294,437.8
NORAD-41774,-38.4374,-79.2476,421.0
NORAD-41783,-3.9045,72.7276,702.5
NORAD-41784,-78.6242,-147.2722,685.1
NORAD-41785,-65.2482,101.3440,672.0
NORAD-41786,12.1678,136.2467,666.8
NORAD-41787,-47.4813,-114.0269,676.5
NORAD-41789,67.8469,58.9981,656.3
NORAD-41790,63.7918,-23.2131,626.4
NORAD-41791,46.5941,78.0709,711.9
NORAD-41792,37.7913,90.7968,626.8
NORAD-41793,0.0570,74.0467,35799.0
NORAD-41794,-0.0357,144.7976,35800.5
NORAD-41795,-4.8030,146.2877,10746.9
NORAD-41806,46.7554,69.2612,18839.8
NORAD-41807,-61.8913,133.0715,1763.5
NORAD-41822,-6.5320,-34.8458,852.6
NORAD-41823,0.6361,142.4546,781.7
NORAD-41824,9.7390,142.2281,776.6
NORAD-41825,-32.0692,-36.1915,847.6
NORAD-41826,-43.1714,-42.8718,850.6
NORAD-41827,-44.3056,-39.0396,839.8
NORAD-41828,-52.1753,-125.5798,691.0
NORAD-41829,-60.9301,-46.4723,832.2
NORAD-41830,6.5761,151.9942,772.5
NORAD-41831,-7.4327,-34.3655,854.1
NORAD-41832,5.6561,142.8455,778.1
NORAD-41833,-13.1707,152.3196,776.7
NORAD-41835,-60.5746,-153.6110,812.3
NORAD-41836,-0.0196,140.7612,35796.4
NORAD-41837,-15.0967,-34.9837,22822.9
NORAD-41838,-5.3901,-147.1778,35917.3
NORAD-41840,5.3340,-7.0080,39758.0
NORAD-41846,41.6408,158.8173,502.1
NORAD-41847,-43.1598,-36.3810,941.7
NORAD-41849,-18.7287,144.6361,411.6
NORAD-41850,-22.1569,120.3075,518.7
NORAD-41851,-16.7690,-68.4620,548.0
NORAD-41852,25.6488,-56.5614,496.6
NORAD-41853,-79.2121,76.5555,507.7
NORAD-41857,-70.7770,112.5355,798.0
NORAD-41858,-78.1383,127.4397,802.3
NORAD-41859,-31.4798,-31.6928,23218.9
NORAD-41860,39.6745,27.8560,23215.2
NORAD-41861,-4.3794,176.1734,23238.9
NORAD-41862,55.1362,93.0156,23229.4
NORAD-41863,17.8199,156.5474,22913.0
NORAD-41866,-0.3831,-104.6922,35794.1
NORAD-41867,-5.2365,-7.1691,8611.5
NORAD-41869,-0.3642,177.3007,35858.8
NORAD-41870,-16.8009,-72.3049,12168.9
NORAD-41875,74.7040,-178.0754,683.3
NORAD-41877,1.7235,-30.3505,831.0
NORAD-41878,-51.2952,175.0711,827.6
NORAD-41879,-0.0309,149.8468,35794.7
NORAD-41882,1.1306,123.7467,35758.7
NORAD-41884,34.9175,139.3837,401.3
NORAD-41885,7.2509,-172.1013,389.8
NORAD-41886,-15.1643,-10.3645,374.5
NORAD-41887,-5.5844,-119.5203,400.1
NORAD-41888,-15.7912,-124.5093,394.3
NORAD-41890,34.6953,102.4514,388.3
NORAD-41891,-31.6660,-96.0761,391.9
NORAD-41892,-34.0851,-141.0679,339.9
NORAD-41893,-0.0115,-97.1144,35793.4
NORAD-41896,4.8511,66.8978,9666.4
NORAD-41897,-22.1043,-52.3368,9991.1
NORAD-41898,-64.6614,95.2081,696.2
NORAD-41899,-63.2603,-122.9695,691.7
NORAD-41900,68.7611,-86.2739,709.4
NORAD-41901,46.2688,-104.7195,712.8
NORAD-41903,-0.0123,110.0670,35795.1
NORAD-41904,-0.0273,-83.9948,35794.0
NORAD-41905,-6.0191,-135.4886,25112.8
NORAD-41911,0.8836,66.5627,35789.8
NORAD-41914,-75.4820,-126.3194,459.3
NORAD-41917,25.6808,-23.6307,783.5
NORAD-41918,86.1575,84.7261,775.9
NORAD-41919,58.3350,-19.5426,777.9
NORAD-41920,-42.2322,157.7948,792.8
NORAD-41921,75.3896,-43.0601,776.1
NORAD-41922,23.0364,153.0221,784.2
NORAD-41923,55.7108,149.2366,778.6
NORAD-41924,-22.0091,-58.6266,790.7
NORAD-41925,-9.6266,154.9951,789.6
NORAD-41926,-74.5774,167.6612,793.8
NORAD-41929,8.6622,126.5198,154733.1
NORAD-41937,2.2847,21.1195,35777.2
NORAD-41942,0.0207,-36.0054,35789.8
NORAD-41944,-0.0131,118.0209,35799.9
NORAD-41945,0.0300,-43.1824,35794.3
NORAD-41946,-0.1543,172.0021,31912.3
NORAD-41947,-3.2691,-90.2029,1770.0
NORAD-41948,77.8040,98.0012,508.0
NORAD-42063,-14.4874,152.7959,801.0
NORAD-42070,-0.0165,-109.9193,35795.1
NORAD-42075,0.0495,-11.9712,35792.1
NORAD-42078,35.7870,26.6138,1489.5
NORAD-42079,7.8166,-132.8535,1695.2
NORAD-42080,24.6873,2.3522,1564.9
NORAD-42081,78.2935,-68.6011,1601.0
NORAD-42082,-67.3755,173.8792,1450.5
NORAD-42083,14.8650,-61.7858,1252.3
NORAD-42084,-43.5496,136.3018,1701.7
NORAD-42085,-76.0139,-93.7791,1310.4
NORAD-42086,-47.1312,163.7439,1991.6
NORAD-42087,-41.0641,35.4428,1381.9
NORAD-42090,43.8740,45.4876,1435.8
NORAD-42091,-69.6792,85.0838,1462.7
NORAD-42092,-50.3301,-7.8331,1440.3
NORAD-42093,-45.3260,-102.5839,1390.3
NORAD-42094,-12.9432,140.3342,1635.5
NORAD-42095,-18.4870,-117.6114,900.9
NORAD-42097,-33.1073,62.8287,799.9
NORAD-42098,-32.8896,146.5381,969.8
NORAD-42099,-17.0879,92.9692,804.9
NORAD-42100,-76.0934,82.5447,778.7
NORAD-42101,52.5690,133.6506,556.5
NORAD-42102,76.8702,-34.4071,971.9
NORAD-42103,-57.4952,14.4198,867.0
NORAD-42104,-54.1623,-56.9214,954.0
NORAD-42105,-14.0202,-86.9037,909.2
NORAD-42107,-82.1361,-118.5238,860.0
NORAD-42109,59.9206,72.0674,949.3
NORAD-42111,80.8479,-80.0157,802.3
NORAD-42112,-75.5202,8.9958,726.1
NORAD-42113,18.6495,119.1170,1000.8
NORAD-42114,-68.5712,150.7594,751.6
NORAD-42115,29.1968,-66.2442,853.3
NORAD-42116,-44.1023,55.0030,744.1
NORAD-42117,46.4457,144.6711,914.5
NORAD-42118,21.3742,52.8445,692.1
NORAD-42119,-22.2550,119.7806,949.5
NORAD-42120,-56.8344,118.2159,1044.8
NORAD-42122,4.7882,63.3959,902.9
NORAD-42124,-80.0880,77.0245,951.5
NORAD-42125,-70.4921,159.0839,914.8
NORAD-42126,17.5134,-43.7229,1064.0
NORAD-42128,82.6053,-34.3109,917.4
NORAD-42129,-66.7428,62.7004,894.5
NORAD-42130,79.5604,10.0202,829.3
NORAD-42133,-51.1165,-116.4763,1167.5
NORAD-42134,21.5247,-82.9340,951.5
NORAD-42136,68.2931,-112.0101,934.4
NORAD-42140,-25.1126,2.1862,1229.7
NORAD-42141,-82.7061,4.5410,786.0
NORAD-42143,28.1464,-113.6289,1035.2
NORAD-42144,-4.7929,-175.6023,908.8
NORAD-42145,23.2972,-10.2916,484.9
NORAD-42146,24.5492,-159.2892,894.0
NORAD-42147,-14.9401,-43.7988,837.5
NORAD-42148,34.1472,-107.4538,890.9
NORAD-42149,44.2978,-130.3184,936.3
NORAD-42150,81.9183,20.1541,1066.5
NORAD-42151,-82.1407,96.5537,1018.2
NORAD-42152,12.9441,-42.1058,912.9
NORAD-42153,12.8704,19.1941,860.0
NORAD-42154,-58.8644,26.7654,939.6
NORAD-42155,-16.5305,124.4590,862.7
NORAD-42156,14.0414,87.0272,826.5
NORAD-42158,78.6969,-155.0739,956.7
NORAD-42159,78.5142,105.1522,924.8
NORAD-42161,-6.1597,147.9697,946.6
NORAD-42162,51.0340,65.8632,939.2
NORAD-42164,50.3680,-133.9321,692.3
NORAD-42166,-33.2350,123.5786,1014.1
NORAD-42167,-25.0096,-78.9235,1001.8
NORAD-42170,-72.2870,133.9506,947.2
NORAD-42171,31.5482,112.9066,829.8
NORAD-42172,-29.8781,10.6722,893.4
NORAD-42175,66.4316,83.0100,1115.6
NORAD-42176,69.6258,96.7529,1058.0
NORAD-42178,58.6524,112.9674,800.5
NORAD-42179,66.5523,-80.1306,1047.7
NORAD-42180,70.1730,-147.1186,559.2
NORAD-42181,47.1564,-40.5349,863.6
NORAD-42182,-10.7455,-162.0985,1117.3
NORAD-42183,-44.4416,-82.6984,987.5
NORAD-42184,60.1493,-2.9176,991.4
NORAD-42187,-25.5288,-135.1402,904.8
NORAD-42188,-29.6690,-169.0545,881.7
NORAD-42189,-22.9052,170.9007,924.6
NORAD-42191,45.9407,13.9365,875.2
NORAD-42192,-31.7241,3.9828,1083.4
NORAD-42193,-68.3572,97.6158,932.1
NORAD-42195,-62.8867,-29.2116,1036.4
NORAD-42197,-62.1208,93.3900,939.9
NORAD-42198,24.1886,160.8830,920.0
NORAD-42199,-78.4616,-98.9699,958.6
NORAD-42200,-55.4292,-159.2963,904.8
NORAD-42202,-19.6739,20.0914,918.6
NORAD-42203,61.9760,-47.2444,975.1
NORAD-42205,-69.5451,33.6199,938.2
NORAD-42206,-25.6649,-33.8047,958.9
NORAD-42209,13.3416,92.4292,905.7
NORAD-42210,-13.7099,-26.1206,1053.1
NORAD-42211,-59.1324,-89.6305,835.0
NORAD-42212,-3.7806,26.7895,1080.2
NORAD-42213,-11.9006,-47.5327,822.3
NORAD-42215,31.1319,30.6612,1025.3
NORAD-42217,20.2919,-107.3983,1092.7
NORAD-42220,-26.0999,-4.5028,690.9
NORAD-42221,-72.0203,-21.1769,954.4
NORAD-42223,-61.6718,34.2922,803.9
NORAD-42224,-35.0174,-31.2000,800.7
NORAD-42225,9.6532,-112.7055,828.3
NORAD-42226,-46.5225,78.6462,1098.3
NORAD-42228,-62.6902,-101.8663,965.6
NORAD-42229,-73.4939,-132.1032,1035.7
NORAD-42230,42.9430,15.6350,850.1
NORAD-42231,44.5602,-68.8807,759.2
NORAD-42233,41.0002,-116.7713,964.3
NORAD-42239,46.1999,-124.2793,717.8
NORAD-42255,-22.7506,147.0768,829.6
NORAD-42258,-22.9280,-113.3943,815.9
NORAD-42259,61.2752,94.8660,774.7
NORAD-42261,78.2213,66.3416,803.8
NORAD-42262,-43.5704,155.6319,645.6
NORAD-42263,32.9187,113.8408,976.6
NORAD-42265,-7.3720,116.3256,770.3
NORAD-42266,56.0124,111.8883,748.5
NORAD-42267,77.1351,-175.3240,798.3
NORAD-42268,29.4240,99.3244,950.7
NORAD-42271,75.2792,126.2380,590.3
NORAD-42272,-15.7116,109.5614,804.7
NORAD-42276,-17.6148,172.4101,985.0
NORAD-42278,44.7035,-60.8567,699.1
NORAD-42281,18.9989,-32.6370,705.4
NORAD-42282,49.3747,-71.5887,805.5
NORAD-42285,40.9798,-63.8702,822.9
NORAD-42286,35.4431,-119.0750,826.5
NORAD-42295,-66.8207,176.7855,591.7
NORAD-42297,-65.4900,103.6007,738.4
NORAD-42298,70.0197,13.9953,1137.3
NORAD-42299,3.7176,-16.1885,579.8
NORAD-42300,49.4404,-48.5570,745.6
NORAD-42308,-57.5935,146.7116,708.8
NORAD-42315,-6.8551,136.9260,737.4
NORAD-42318,14.2960,-56.2740,1088.8
NORAD-42319,52.7672,-44.8898,778.3
NORAD-42320,-79.2597,-113.3099,755.4
NORAD-42322,22.8735,144.9282,626.8
NORAD-42323,-54.2263,103.9279,846.5
NORAD-42325,-38.6165,130.6969,767.1
NORAD-42327,5.8650,-62.8268,767.0
NORAD-42333,-16.9726,-152.0097,818.6
NORAD-42334,-5.8134,-153.2603,780.1
NORAD-42335,22.9115,-41.5297,759.3
NORAD-42337,6.4814,78.7122,655.7
NORAD-42339,-20.5044,-49.8786,761.5
NORAD-42340,60.2660,79.0523,722.9
NORAD-42341,6.2218,50.9569,648.1
NORAD-42344,-49.6960,-135.7114,688.2
NORAD-42345,-50.5102,41.5910,598.0
NORAD-42347,49.3536,106.2313,703.6
NORAD-42348,-49.1983,-122.1978,813.8
NORAD-42349,15.6488,-41.5585,815.5
NORAD-42350,-15.6149,62.9810,886.2
NORAD-42351,24.6374,39.3587,688.5
NORAD-42354,53.5297,17.5848,849.3
NORAD-42355,24.7520,97.1773,870.0
NORAD-42356,-11.4341,-104.6794,717.6
NORAD-42357,-48.0760,-123.6469,615.3
NORAD-42358,5.6225,-140.4335,685.5
NORAD-42359,-11.1242,-102.5836,754.0
NORAD-42362,6.8829,-140.7225,804.1
NORAD-42363,-37.9021,84.6432,817.1
NORAD-42364,-21.2908,10.3072,728.1
NORAD-42365,1.8226,108.6622,733.2
NORAD-42367,19.7509,28.3440,719.5
NORAD-42368,39.3983,-14.7834,799.7
NORAD-42371,5.3139,-168.2089,716.3
NORAD-42372,2.7773,20.7221,787.6
NORAD-42374,-80.9913,-28.8775,634.2
NORAD-42375,73.1315,119.2085,789.7
NORAD-42376,-23.0539,27.4782,860.0
NORAD-42378,-6.5344,-133.5936,746.4
NORAD-42379,-51.8503,100.8082,652.0
NORAD-42382,-28.3442,-176.5748,835.7
NORAD-42384,60.1724,-10.5751,784.8
NORAD-42385,52.4734,144.2817,775.8
NORAD-42386,67.9217,12.4291,758.5
NORAD-42387,-26.1430,-148.3006,764.8
NORAD-42388,78.9847,-13.4129,795.1
NORAD-42390,-78.4262,-77.5324,815.6
NORAD-42393,-6.1906,-11.4499,779.9
NORAD-42394,-11.9219,-59.5668,693.5
NORAD-42396,13.2594,-130.7449,688.6
NORAD-42397,13.0343,171.8403,757.2
NORAD-42398,-78.8177,131.2128,851.0
NORAD-42399,-35.9353,-41.6615,818.9
NORAD-42400,75.9346,-19.5089,808.7
NORAD-42401,-7.1862,133.6276,735.1
NORAD-42402,-17.5959,116.6770,763.3
NORAD-42405,-54.2668,135.6152,743.6
NORAD-42406,-68.7375,154.3289,828.7
NORAD-42407,-45.2242,99.0847,563.0
NORAD-42408,-52.1013,147.9947,838.8
NORAD-42409,-51.5256,-103.7935,633.8
NORAD-42410,15.5097,-132.5416,698.0
NORAD-42413,-59.9852,-96.5686,757.2
NORAD-42415,80.1080,153.1804,721.1
NORAD-42416,58.5491,61.6281,681.4
NORAD-42417,35.7180,-19.0150,796.6
NORAD-42418,-17.7150,-27.9241,794.2
NORAD-42419,21.1931,-153.6741,687.3
NORAD-42421,-24.5132,-130.6724,929.3
NORAD-42422,-72.8554,-27.1304,782.1
NORAD-42425,79.6879,55.7237,822.7
NORAD-42426,-39.6553,-88.4437,825.1
NORAD-42427,20.8480,175.6829,579.3
NORAD-42428,81.0209,131.4130,797.2
NORAD-42429,-32.0626,-22.8279,780.8
NORAD-42432,0.0047,-66.9514,35788.4
NORAD-42433,-20.8582,84.1284,594.5
NORAD-42435,-41.3307,-109.1211,1150.2
NORAD-42436,48.1216,117.7566,1054.4
NORAD-42439,19.5307,-70.5222,1061.9
NORAD-42440,-15.0184,-96.7536,1133.8
NORAD-42441,-21.7012,100.3649,1077.7
NORAD-42442,-79.0708,-2.0955,1091.5
NORAD-42453,36.4350,71.5527,909.0
NORAD-42454,9.2184,-116.2451,908.3
NORAD-42455,-19.4432,-105.5745,915.9
NORAD-42456,70.5449,-73.6925,913.7
NORAD-42457,-80.8009,139.6992,933.1
NORAD-42458,-17.6049,107.9761,5488.2
NORAD-42460,0.7163,168.4636,3239.1
NORAD-42464,-8.6952,2.9960,32659.4
NORAD-42467,-19.8117,-161.7306,10986.5
NORAD-42470,-13.2216,9.4512,26469.1
NORAD-42471,-21.4854,145.7630,40995.3
NORAD-42473,-18.5476,-98.0303,39119.6
NORAD-42474,-22.4100,-113.2022,42758.3
NORAD-42475,-11.6813,168.1923,36250.6
NORAD-42477,4.7037,-74.6469,21546.7
NORAD-42482,-10.0770,-149.8712,31828.2
NORAD-42485,1.8783,-52.9784,32069.6
NORAD-42490,-35.1975,-171.8448,1145.2
NORAD-42492,39.4485,111.4334,1027.7
NORAD-42494,38.2962,-15.8914,966.5
NORAD-42495,7.9427,-33.0450,1052.2
NORAD-42496,22.2109,-53.5779,1058.5
NORAD-42497,26.3805,143.6689,881.4
NORAD-42498,16.7511,116.7417,1205.3
NORAD-42499,59.8339,-29.3369,965.6
NORAD-42500,-79.6385,1.3370,1069.8
NORAD-42502,-13.5406,-8.4544,1076.2
NORAD-42503,-9.9570,-86.2353,952.3
NORAD-42505,-76.1930,78.9670,1069.9
NORAD-42506,-68.0824,176.6499,938.7
NORAD-42508,0.2302,-50.5639,886.9
NORAD-42509,-28.3786,23.6430,1074.3
NORAD-42511,45.5711,161.4672,1705.2
NORAD-42512,78.6890,-146.7422,1097.2
NORAD-42514,-74.5734,-125.9350,1049.0
NORAD-42515,58.0878,-8.6538,1036.9
NORAD-42516,-72.7645,-68.9662,1047.8
NORAD-42517,63.6095,-28.3762,1041.4
NORAD-42520,14.3119,-58.4868,884.9
NORAD-42521,-64.1428,161.3514,987.9
NORAD-42522,-41.2603,-7.4403,1024.9
NORAD-42523,68.2054,170.4545,993.0
NORAD-42526,-67.4194,176.3201,995.9
NORAD-42527,-43.7836,-153.5038,751.5
NORAD-42531,-7.1283,-167.3096,1096.2
NORAD-42532,-36.4855,-168.6601,898.0
NORAD-42533,38.5946,-13.9427,957.3
NORAD-42534,63.8211,157.8477,1131.7
NORAD-42535,57.0976,-135.0939,969.0
NORAD-42536,26.2553,19.2277,854.0
NORAD-42537,67.5578,-176.9178,952.1
NORAD-42538,16.3671,92.7827,1062.2
NORAD-42541,77.0784,-149.2240,985.0
NORAD-42543,-19.8730,92.1352,1052.5
NORAD-42546,-5.3592,-65.3837,1030.7
NORAD-42547,49.8824,-77.6929,943.4
NORAD-42550,-10.6545,-157.2144,841.4
NORAD-42551,70.3835,121.6895,882.1
NORAD-42552,74.0467,-133.2580,1176.2
NORAD-42553,-60.9214,-110.7981,1151.0
NORAD-42554,31.2589,-121.7650,939.0
NORAD-42555,6.4505,167.1608,1321.2
NORAD-42556,-10.3827,141.2202,688.9
NORAD-42557,42.5934,148.2474,805.2
NORAD-42558,23.5161,37.4963,656.2
NORAD-42560,56.5873,26.1713,720.9
NORAD-42561,-79.2975,-86.7391,1432.2
NORAD-42562,-73.3121,74.7820,698.8
NORAD-42563,81.1031,110.5357,916.1
NORAD-42564,68.8054,-103.8063,711.5
NORAD-42565,60.6125,64.9021,682.3
NORAD-42566,-0.0783,16.1347,1343.9
NORAD-42567,81.4709,123.9890,727.5
NORAD-42568,45.0665,-63.0729,816.7
NORAD-42569,-54.0213,-154.1387,917.4
NORAD-42572,-23.8840,-94.9473,1348.0
NORAD-42573,-71.7384,-41.3985,1485.5
NORAD-42574,58.6426,48.5316,1487.0
NORAD-42577,17.0848,-6.6305,1436.4
NORAD-42579,50.9700,76.8410,1553.9
NORAD-42583,77.7273,-40.6598,1451.9
NORAD-42584,12.6892,-85.2484,1538.5
NORAD-42585,66.9639,-138.1093,1134.4
NORAD-42586,-49.9008,114.3038,1565.1
NORAD-42588,75.2710,-43.0993,1566.9
NORAD-42589,29.9901,82.0936,1196.4
NORAD-42591,-25.7311,-1.0067,1453.6
NORAD-42592,50.3523,12.2228,1488.8
NORAD-42593,51.4705,154.2203,2056.8
NORAD-42594,-70.8269,152.5462,1502.8
NORAD-42595,24.9808,41.0918,1489.7
NORAD-42596,21.3524,-111.4451,1480.8
NORAD-42597,69.8185,30.7700,1286.1
NORAD-42598,-44.7837,121.0836,1551.3
NORAD-42599,-35.7251,-176.3950,1452.7
NORAD-42601,22.1722,45.7702,1383.3
NORAD-42602,46.9434,-134.9443,1486.7
NORAD-42603,-76.3535,-69.8696,1555.1
NORAD-42605,41.9959,-149.5633,1486.7
NORAD-42606,51.7765,-165.9559,1488.4
NORAD-42608,77.3334,-33.4426,1563.4
NORAD-42610,0.6706,-58.6509,1522.1
NORAD-42612,39.2308,66.1666,1324.5
NORAD-42613,-20.2374,89.6017,1555.5
NORAD-42614,75.0740,-175.9907,1403.9
NORAD-42615,-36.4007,74.4219,1397.5
NORAD-42616,77.7455,-68.4311,1467.2
NORAD-42617,-67.3502,141.0594,1718.5
NORAD-42619,-62.1086,-125.6209,1178.2
NORAD-42620,-43.6479,46.8113,1701.0
NORAD-42621,29.9123,57.5333,1654.8
NORAD-42622,-52.1196,-143.0598,1702.7
NORAD-42623,40.5596,78.8430,1513.2
NORAD-42625,51.9945,-111.9743,1488.6
NORAD-42629,-64.4403,-2.3257,1180.0
NORAD-42631,67.4392,-168.2264,1072.3
NORAD-42632,13.0929,-39.5568,1689.7
NORAD-42633,72.6139,131.7261,1215.1
NORAD-42634,39.3498,128.6213,1144.7
NORAD-42635,0.4559,-9.9329,1071.9
NORAD-42636,60.5539,-114.9077,1137.0
NORAD-42637,-39.5275,135.4942,1275.1
NORAD-42638,-27.6596,5.4039,1055.6
NORAD-42639,-63.7940,-83.5646,1126.1
NORAD-42640,-0.0524,-115.0832,960.7
NORAD-42641,-31.0811,167.9014,1151.0
NORAD-42642,11.5335,170.9327,1102.7
NORAD-42643,68.3590,114.3314,1531.1
NORAD-42644,53.8282,13.0810,1163.7
NORAD-42645,-76.3281,15.8918,1386.8
NORAD-42646,10.8796,174.5374,1092.1
NORAD-42647,-66.4470,-110.5074,1107.9
NORAD-42648,11.9366,7.8451,1048.0
NORAD-42649,38.6868,130.4955,1102.5
NORAD-42650,-7.2313,-163.2180,935.5
NORAD-42651,-53.8829,169.6620,1069.6
NORAD-42652,-76.9747,-6.3235,1104.3
NORAD-42653,-64.3318,18.9161,1142.1
NORAD-42654,7.8355,3.9713,1419.0
NORAD-42655,-65.5796,-149.1502,1715.6
NORAD-42656,-79.5878,-2.4806,1099.4
NORAD-42657,32.1008,161.0901,1092.8
NORAD-42659,-64.1382,-135.9715,569.7
NORAD-42661,34.6539,88.6351,753.5
NORAD-42662,0.0689,110.4866,35777.8
NORAD-42663,6.3862,-35.0155,17275.6
NORAD-42665,-82.4520,-118.2271,3842.2
NORAD-42670,-4.0868,147.1673,491.1
NORAD-42671,-52.4180,106.4196,649.8
NORAD-42672,12.8891,-110.2703,558.1
NORAD-42673,65.1349,-50.8663,596.0
NORAD-42676,41.2351,88.7190,781.2
NORAD-42677,0.4609,14.5665,954.7
NORAD-42678,74.6069,55.1386,739.3
NORAD-42679,-46.1191,-101.5946,750.6
NORAD-42680,-43.1864,99.6795,736.5
NORAD-42691,-0.0295,115.8657,35797.2
NORAD-42692,-0.0200,-74.8713,35789.8
NORAD-42693,2.9297,-52.4548,12386.9
NORAD-42694,3.1571,128.1790,12639.9
NORAD-42695,0.0492,97.3431,35793.6
NORAD-42698,0.0382,56.5022,35793.7
NORAD-42709,-0.0090,-129.1574,35797.8
NORAD-42710,0.2736,57.3336,15009.1
NORAD-42719,-31.9384,120.5875,3094.0
NORAD-42720,62.3035,-153.6731,38763.9
NORAD-42738,9.5190,147.2509,36433.2
NORAD-42739,-5.3011,47.8331,11938.9
NORAD-42740,0.0170,-69.8825,35792.0
NORAD-42741,-0.0121,172.0018,35794.4
NORAD-42742,-5.6842,-72.4188,15404.8
NORAD-42743,4.3661,130.1779,14008.9
NORAD-42747,0.0422,47.9643,35785.0
NORAD-42749,1.5374,10.2938,35783.9
NORAD-42750,10.4847,113.5671,26357.7
NORAD-42751,-28.5592,105.0591,1126.9
NORAD-42758,-24.0253,-38.4165,515.4
NORAD-42763,-4.4730,-95.1371,35918.8
NORAD-42767,-17.0396,137.8459,520.5
NORAD-42794,-64.2999,70.8910,585.6
NORAD-42801,0.0435,1.8891,35780.7
NORAD-42803,-1.8048,-151.8582,788.1
NORAD-42804,35.5040,57.1374,781.7
NORAD-42805,30.8811,-149.8047,782.6
NORAD-42806,48.2127,-147.8522,749.4
NORAD-42807,-19.4316,-121.5624,790.5
NORAD-42808,-62.3392,66.5711,793.4
NORAD-42809,68.0877,50.7101,776.9
NORAD-42810,31.8887,178.6496,752.2
NORAD-42811,20.4529,89.8779,784.3
NORAD-42812,13.2312,-119.4034,785.7
NORAD-42814,0.0709,39.0401,35790.8
NORAD-42815,0.0387,93.4858,35792.5
NORAD-42816,2.4697,27.3220,3666.8
NORAD-42817,-0.5813,52.4837,15632.3
NORAD-42818,0.0323,-34.5350,35786.8
NORAD-42819,-23.3066,-1.2966,30511.5
NORAD-42825,-78.9571,22.6755,512.3
NORAD-42826,-74.0737,36.1040,541.9
NORAD-42827,-76.9146,-74.5887,503.3
NORAD-42828,-50.6596,60.0764,517.8
NORAD-42829,-60.6882,39.6423,578.1
NORAD-42831,16.1698,-131.2270,563.2
NORAD-42832,-24.4597,-120.5651,554.1
NORAD-42833,65.7251,-138.4114,534.2
NORAD-42834,66.9572,-140.7535,535.2
NORAD-42835,-15.4463,49.4982,573.8
NORAD-42836,50.5884,66.6170,540.5
NORAD-42837,70.9514,-125.4903,473.1
NORAD-42838,70.4272,98.1433,464.4
NORAD-42839,-20.2987,73.7541,493.7
NORAD-42840,47.5019,-113.6442,472.3
NORAD-42841,35.8849,86.4607,468.4
NORAD-42842,-59.4090,-89.8121,484.6
NORAD-42843,16.5235,-130.1126,560.6
NORAD-42844,-4.0733,-109.4270,499.8
NORAD-42845,-31.1884,83.4941,425.6
NORAD-42846,-68.5152,37.4594,571.4
NORAD-42847,-70.6683,-100.6374,564.6
NORAD-42848,-66.5136,41.1312,560.6
NORAD-42849,47.9331,-127.0638,537.2
NORAD-42901,1.8002,-67.8083,532.7
NORAD-42907,0.0464,44.9878,35790.8
NORAD-42909,3.4538,-16.4885,41290.6
NORAD-42915,3.4711,-11.4545,35730.7
NORAD-42916,24.6249,-170.4384,34016.8
NORAD-42917,0.0578,127.0426,35800.9
NORAD-42918,-19.2591,15.6179,12168.5
NORAD-42920,78.7061,17.3835,717.7
NORAD-42921,0.0420,-19.5140,572.1
NORAD-42934,0.0356,-61.0375,35786.5
NORAD-42935,14.2792,86.8078,32870.5
NORAD-42936,-27.6266,-9.8897,12969.8
NORAD-42939,-56.7129,36.0129,19125.7
NORAD-42940,62.1463,157.4181,19436.8
NORAD-42942,0.0023,122.1728,35802.0
NORAD-42943,18.2261,83.3136,32361.6
NORAD-42944,26.0719,-8.5253,14216.9
NORAD-42945,-18.3604,36.5562,564.5
NORAD-42946,-17.9190,36.6935,566.7
NORAD-42947,-28.7510,127.8191,558.6
NORAD-42948,32.3259,-144.3506,574.6
NORAD-42950,0.0402,-18.0088,35781.7
NORAD-42951,-0.0088,109.8658,35806.6
NORAD-42952,2.0264,-80.9858,15806.5
NORAD-42954,-13.4397,114.8813,632.0
NORAD-42955,-4.4040,-88.9355,788.5
NORAD-42956,28.2762,-86.7962,782.8
NORAD-42957,-12.2128,92.0429,789.7
NORAD-42958,60.9187,-82.1649,777.4
NORAD-42959,-44.8218,94.9152,792.8
NORAD-42960,53.1199,86.5273,778.8
NORAD-42961,84.6734,48.7925,775.9
NORAD-42962,-69.4670,-98.3549,793.7
NORAD-42963,-77.0785,107.3377,793.7
NORAD-42964,-37.0926,-91.2756,791.7
NORAD-42965,-39.5733,134.7755,32655.2
NORAD-42966,9.2605,-155.1189,27023.2
NORAD-42967,0.0070,-104.9764,35794.8
NORAD-42968,-3.6281,-147.3799,13921.9
NORAD-42969,65.9594,-141.6705,827.0
NORAD-42970,6.9375,99.2120,415.7
NORAD-42974,36.5431,106.4186,17999.3
NORAD-42984,-0.0242,113.1463,35796.6
NORAD-42986,-23.7727,91.7725,637.1
NORAD-42987,-76.4130,-101.7708,406.1
NORAD-42988,-16.7554,30.7463,473.4
NORAD-42989,24.4433,37.4950,444.8
NORAD-42990,54.1417,43.3009,455.5
NORAD-42991,21.7957,36.8559,461.8
NORAD-42992,-67.2540,15.5532,480.3
NORAD-42999,-50.3268,53.3650,735.2
NORAD-43000,1.3377,103.1468,31236.1
NORAD-43001,-43.5575,173.7165,21540.7
NORAD-43002,-56.1399,-122.9659,21535.8
NORAD-43003,-44.1700,-176.7640,22397.7
NORAD-43005,-7.1313,149.1273,649.6
NORAD-43010,42.6422,42.3000,828.3
NORAD-43011,69.6966,69.6982,789.6
NORAD-43012,-59.8567,-10.5640,774.1
NORAD-43013,55.2028,2.4861,828.7
NORAD-43016,-36.0747,-35.8749,500.8
NORAD-43017,7.4974,123.8963,558.9
NORAD-43022,-28.2824,-169.9113,454.0
NORAD-43023,18.8617,179.7938,474.1
NORAD-43024,15.3870,1.4314,467.5
NORAD-43028,22.8202,-147.4303,560.3
NORAD-43029,-1.1192,-109.1346,566.9
NORAD-43030,-31.3575,8.6516,567.6
NORAD-43032,24.3280,-143.3332,907.3
NORAD-43034,-56.8445,120.4209,509.7
NORAD-43039,0.0270,-24.8192,35782.9
NORAD-43055,20.2456,-81.3527,23229.8
NORAD-43056,-19.1853,99.5113,23224.9
NORAD-43057,-16.9145,-54.1402,23230.7
NORAD-43058,48.3626,165.4272,23239.5
NORAD-43059,20.6772,-84.6667,22921.1
NORAD-43065,79.6009,25.2667,799.8
NORAD-43069,-13.2090,145.2486,715.2
NORAD-43070,82.5489,-0.7050,775.9
NORAD-43071,-34.4443,-154.6861,791.9
NORAD-43072,50.5420,23.6875,778.9
NORAD-43073,-66.9095,-160.1409,793.5
NORAD-43074,63.4999,-144.6056,777.4
NORAD-43075,-47.4101,32.0725,792.8
NORAD-43076,17.8580,27.0736,784.5
NORAD-43077,-14.8094,29.0204,790.0
NORAD-43078,80.7082,-160.8017,775.9
NORAD-43079,-79.5449,48.2109,793.8
NORAD-43080,69.2045,-45.7036,485.1
NORAD-43081,33.7306,56.4683,563.3
NORAD-43082,-10.5977,-66.3328,567.7
NORAD-43083,-20.4737,161.8492,564.2
NORAD-43084,-26.9451,-101.3003,426.7
NORAD-43087,-1.6717,152.0963,35970.7
NORAD-43088,-7.5762,-126.9534,36548.6
NORAD-43089,-49.9862,22.9801,319.7
NORAD-43099,75.6349,130.7254,424.8
NORAD-43107,54.3326,-76.0416,21516.4
NORAD-43108,40.4955,-23.5764,21535.6
NORAD-43109,54.5697,-62.1755,22125.4
NORAD-43110,-42.6079,-128.2314,16627.6
NORAD-43111,13.8935,-42.6483,515.5
NORAD-43113,0.1977,-3.7366,466.4
NORAD-43117,35.3552,179.6720,756.4
NORAD-43146,69.7867,78.6286,460.5
NORAD-43151,-82.5054,35.8021,929.3
NORAD-43152,74.9896,-68.3290,497.5
NORAD-43159,-41.6723,-90.9128,480.0
NORAD-43160,16.7730,-82.9965,474.9
NORAD-43161,-57.3221,73.3939,844.0
NORAD-43162,-2.0055,-159.3907,35801.2
NORAD-43169,22.6494,104.5494,565.5
NORAD-43170,8.3111,-37.9683,563.6
NORAD-43171,22.4659,-14.0293,561.0
NORAD-43172,33.5544,21.4220,560.8
NORAD-43174,0.1447,-20.1242,35776.2
NORAD-43175,0.0229,-47.5134,35789.5
NORAD-43176,3.7574,-132.6599,39071.9
NORAD-43177,-20.5222,-25.0520,26954.1
NORAD-43179,21.5038,52.7548,14961.3
NORAD-43180,6.9236,-19.6801,505.8
NORAD-43181,-4.0878,160.8484,507.5
NORAD-43186,81.3034,-79.2254,516.7
NORAD-43187,21.2041,-22.2562,519.2
NORAD-43188,82.1336,-125.7154,517.7
NORAD-43189,-0.2198,-18.9945,520.9
NORAD-43191,-66.3243,-95.3489,932.9
NORAD-43194,-79.0604,-73.6916,512.6
NORAD-43207,-8.3193,140.6698,21556.7
NORAD-43208,28.3735,114.3546,21553.2
NORAD-43210,30.4341,-13.9835,22225.3
NORAD-43213,62.9582,-18.4204,822.0
NORAD-43214,-71.1715,-62.2318,835.0
NORAD-43215,-4.7244,83.7919,519.2
NORAD-43226,-0.9030,-89.4986,35794.2
NORAD-43227,-9.9719,-166.8754,32206.7
NORAD-43228,0.0421,-29.9991,35768.0
NORAD-43229,24.3203,36.7938,4318.6
NORAD-43231,0.0495,-44.5711,8068.4
NORAD-43232,-0.0346,-138.8165,8073.9
NORAD-43233,-0.0516,147.7225,8075.3
NORAD-43234,0.0126,29.0864,8071.4
NORAD-43235,0.0187,-105.8332,7672.4
NORAD-43236,52.0742,-121.8191,381.6
NORAD-43241,0.2593,148.9170,28405.1
NORAD-43245,-0.6526,-168.5858,21538.5
NORAD-43246,33.7897,-139.2285,21521.1
NORAD-43247,-22.5384,-45.0128,7358.1
NORAD-43248,25.1801,3.1770,22490.5
NORAD-43249,48.5045,-179.4393,779.4
NORAD-43250,15.8235,177.4658,785.2
NORAD-43251,-81.4172,151.8170,793.8
NORAD-43252,0.2244,-3.5057,787.8
NORAD-43253,-64.9663,4.2345,793.5
NORAD-43254,-16.8366,175.3997,790.3
NORAD-43255,32.9099,-5.8012,781.9
NORAD-43256,-49.4261,172.2034,793.1
NORAD-43257,65.5201,-11.4137,777.0
NORAD-43258,-32.4367,-1.0703,791.7
NORAD-43259,-32.3536,-46.6568,654.9
NORAD-43260,-30.3734,143.1042,653.2
NORAD-43261,-34.4772,-25.1113,570.5
NORAD-43262,78.5676,2.9705,639.3
NORAD-43263,68.6703,-80.5203,653.0
NORAD-43264,77.5023,-41.7151,496.4
NORAD-43265,54.8885,-8.8030,555.1
NORAD-43266,-8.4341,-99.6966,532.7
NORAD-43270,-80.4916,-103.7806,639.5
NORAD-43271,-0.0399,162.0170,35798.2
NORAD-43272,0.0350,-33.5145,35791.5
NORAD-43273,-2.6841,33.1709,8577.5
NORAD-43274,0.8818,115.1552,24970.8
NORAD-43275,-14.2517,-62.9963,909.1
NORAD-43276,-19.8178,-66.0806,919.3
NORAD-43277,-32.0232,-74.5754,948.5
NORAD-43278,-57.2242,-28.5557,1124.6
NORAD-43279,-62.3919,-161.6892,1152.5
NORAD-43280,37.6156,-15.3238,929.9
NORAD-43281,19.2397,-33.0600,899.4
NORAD-43282,-0.7949,153.0393,37418.3
NORAD-43283,-0.7717,-49.1920,39420.0
NORAD-43284,-1.1708,-88.9400,36799.6
NORAD-43286,28.8050,54.5572,35793.7
NORAD-43287,6.8376,-27.6374,13267.5
NORAD-43294,30.4207,-154.4236,969.1
NORAD-43300,-29.1633,-71.6651,764.1
NORAD-43301,54.7836,-45.4508,785.8
NORAD-43302,81.2007,16.6319,780.3
NORAD-43309,-7.9142,-112.0189,893.5
NORAD-43310,-17.1865,90.4899,932.5
NORAD-43312,40.3925,40.8755,816.5
NORAD-43314,55.4425,-72.2891,1373.5
NORAD-43315,-47.9067,29.6846,1383.4
NORAD-43316,38.5562,-98.8195,1381.6
NORAD-43317,-7.3790,-68.1485,1353.8
NORAD-43320,-82.6009,156.1843,1513.2
NORAD-43321,56.2826,58.3372,1498.7
NORAD-43322,-0.8392,88.9231,1490.6
NORAD-43324,55.0210,-95.2621,789.3
NORAD-43325,-64.8437,125.5984,774.7
NORAD-43326,-3.0033,41.5874,788.3
NORAD-43328,0.8889,-141.6112,785.4
NORAD-43331,-67.4670,90.8309,1216.1
NORAD-43332,-20.1572,-87.7620,1280.5
NORAD-43333,-11.3998,150.2406,36097.2
NORAD-43334,35.0820,-149.4522,4203.0
NORAD-43335,-8.0482,1.4955,982.6
NORAD-43336,28.3329,131.9356,979.8
NORAD-43338,-22.7018,144.9571,1299.7
NORAD-43339,-0.0176,134.1023,35794.4
NORAD-43341,-3.7223,169.7696,31903.3
NORAD-43342,1.1811,-31.2067,35303.6
NORAD-43344,-43.5210,-147.1675,762.7
NORAD-43353,46.3535,106.4762,632.3
NORAD-43354,24.6837,-19.4263,837.6
NORAD-43355,-8.3689,103.0213,36222.5
NORAD-43356,20.4030,-44.8114,1349.0
NORAD-43357,-3.9207,-25.2173,1459.2
NORAD-43358,37.8341,-0.1772,1093.0
NORAD-43359,80.9356,79.7693,784.1
NORAD-43362,-26.9886,-5.6586,7138.6
NORAD-43365,-17.0744,78.8560,5389.3
NORAD-43367,7.4647,-41.1531,8148.5
NORAD-43369,-38.1872,-9.7903,755.5
NORAD-43370,69.7588,-64.9147,1046.2
NORAD-43372,32.2339,-103.1478,1883.1
NORAD-43373,3.4359,-137.6634,15290.6
NORAD-43374,-67.2624,-8.4014,808.6
NORAD-43375,69.3784,-165.4428,886.0
NORAD-43381,-21.7388,114.3996,22716.1
NORAD-43382,-0.2190,-119.0817,2694.7
NORAD-43384,-1.8357,77.1074,34136.3
NORAD-43393,-67.4006,-140.0546,1096.5
NORAD-43394,-67.0718,-98.2349,1046.0
NORAD-43396,2.7181,112.5898,36680.5
NORAD-43401,-9.4837,-70.0226,28894.8
NORAD-43402,-15.2745,-10.2875,911.2
NORAD-43403,-33.5312,-19.2186,655.1
NORAD-43404,-57.0806,71.7517,1313.4
NORAD-43407,11.3032,-69.3299,34007.5
NORAD-43408,-36.0154,36.4916,814.6
NORAD-43409,-78.5415,-127.1581,820.5
NORAD-43410,-26.3077,-136.9190,836.0
NORAD-43411,-16.2441,-24.5594,816.6
NORAD-43412,-78.1746,-44.6294,1129.3
NORAD-43413,-34.4507,19.2061,679.5
NORAD-43414,14.6218,3.5177,9990.5
NORAD-43415,26.6179,-76.8686,786.6
NORAD-43416,11.3633,89.9384,798.3
NORAD-43418,59.7633,-125.2025,964.3
NORAD-43420,-63.3703,35.5444,1112.0
NORAD-43421,-42.6890,155.6184,957.7
NORAD-43424,39.5264,-125.0367,1311.9
NORAD-43425,-58.5602,164.8810,1295.3
NORAD-43428,-48.8498,-6.7544,815.8
NORAD-43429,43.8732,78.5196,841.7
NORAD-43430,-42.8210,-179.5468,503.6
NORAD-43431,13.7464,-19.0500,640.3
NORAD-43432,-0.0006,128.1384,35791.4
NORAD-43433,-6.0748,-84.0060,37868.7
NORAD-43437,-31.8092,-42.0845,815.9
NORAD-43438,-3.4777,28.1847,408.7
NORAD-43440,2.3051,92.0415,502.4
NORAD-43441,47.5655,-72.9547,484.7
NORAD-43445,-6.6447,-153.0523,35277.7
NORAD-43446,-4.1946,-76.5017,35322.8
NORAD-43447,0.1517,-19.4742,36129.8
NORAD-43448,1.2062,86.4195,35454.8
NORAD-43449,1.3360,80.5636,36419.7
NORAD-43450,-0.0457,133.9895,35795.2
NORAD-43453,0.3057,35.2511,30306.5
NORAD-43454,-1.0457,-103.6860,35708.4
NORAD-43455,1.5746,98.6979,37512.4
NORAD-43456,1.2297,-18.5971,31048.8
NORAD-43461,-50.6046,-142.5245,707.2
NORAD-43462,79.2356,95.5759,573.0
NORAD-43463,0.0106,119.1197,35797.8
NORAD-43464,18.3238,-161.9834,30712.8
NORAD-43476,34.4231,89.0230,447.8
NORAD-43477,32.8982,88.9841,448.1
NORAD-43478,33.2002,152.2169,752.3
NORAD-43479,-7.0474,-26.0388,788.6
NORAD-43480,-39.5918,-28.5752,792.3
NORAD-43481,-72.0228,-36.6965,793.6
NORAD-43482,0.5163,154.4052,758.1
NORAD-43484,-17.6886,141.2787,658.8
NORAD-43485,31.6836,149.0866,606.2
NORAD-43486,-66.0667,122.6491,603.4
NORAD-43487,32.7791,-92.8256,614.0
NORAD-43488,-0.0042,94.9993,35792.5
NORAD-43490,60.1779,-130.1799,565.6
NORAD-43491,2.9305,79.3213,35786.3
NORAD-43492,16.7699,7.7742,26754.3
NORAD-43497,1.1450,135.2753,36199.6
NORAD-43499,-34.4941,-179.9884,711.7
NORAD-43500,48.1117,-139.2891,676.9
NORAD-43501,13.8431,24.5034,703.4
NORAD-43508,-35.0897,-52.6832,19140.4
NORAD-43509,-57.0133,-74.2389,19687.8
NORAD-43515,1.1140,94.5416,35809.0
NORAD-43516,-0.4938,-61.4707,36549.5
NORAD-43517,1.3262,71.2795,37697.0
NORAD-43527,27.5310,-121.0970,14149.2
NORAD-43529,20.3142,56.1780,579.3
NORAD-43530,15.4853,141.2789,630.4
NORAD-43534,10.2942,89.6898,483.7
NORAD-43539,41.1915,92.9193,36236.1
NORAD-43541,-17.3018,154.0527,10957.2
NORAD-43562,-0.0069,-63.0424,35790.4
NORAD-43563,-3.7849,123.6904,2447.0
NORAD-43564,43.6885,15.7609,23231.2
NORAD-43565,-8.4953,-131.6951,23232.9
NORAD-43566,-28.2779,74.1576,23233.3
NORAD-43567,55.4746,-56.3854,23227.0
NORAD-43568,48.4749,3.6657,22919.7
NORAD-43569,-27.2336,124.7307,791.5
NORAD-43570,75.7669,-42.7865,776.2
NORAD-43571,-59.7636,129.0416,793.4
NORAD-43572,70.6499,112.5364,776.6
NORAD-43573,-54.5869,-62.3414,792.9
NORAD-43574,43.3262,-53.7099,780.1
NORAD-43575,38.0940,119.9628,781.3
NORAD-43576,-85.5449,-111.2232,793.6
NORAD-43577,10.6352,-56.4781,786.0
NORAD-43578,5.4136,122.4379,787.2
NORAD-43581,-50.7440,-43.1986,21528.5
NORAD-43582,-12.4364,65.0540,21524.2
NORAD-43584,-4.2510,79.5023,22222.1
NORAD-43585,-17.3123,-39.3919,411.8
NORAD-43587,-0.0207,108.0142,35793.0
NORAD-43601,-55.0279,28.1873,579.0
NORAD-43602,20.7453,88.8871,21511.1
NORAD-43603,-47.1372,21.8274,21538.2
NORAD-43605,-53.2283,1.7111,22413.8
NORAD-43609,-23.0539,151.7486,788.3
NORAD-43610,59.4250,117.0802,765.9
NORAD-43611,-0.0176,138.0161,35801.1
NORAD-43612,16.2886,140.9129,13129.5
NORAD-43613,-52.6305,4.9728,498.7
NORAD-43618,-80.1686,77.4834,594.7
NORAD-43619,82.4764,-145.7927,577.1
NORAD-43620,-31.9176,-103.4656,585.6
NORAD-43622,-28.1968,-66.0007,21520.3
NORAD-43623,43.7525,-6.2863,21519.5
NORAD-43625,-0.6432,144.1967,22573.8
NORAD-43627,67.6250,-69.2875,748.5
NORAD-43628,-69.8808,-138.9460,814.5
NORAD-43629,-11.6242,87.3359,982.9
NORAD-43631,8.8644,85.1422,800.9
NORAD-43632,0.0439,45.1191,35788.7
NORAD-43633,0.0031,169.0130,35790.9
NORAD-43634,-5.6986,168.1203,32863.4
NORAD-43636,-50.2067,108.5665,711.4
NORAD-43641,-48.0661,-88.5915,637.1
NORAD-43642,47.9282,95.2337,684.8
NORAD-43643,48.6342,94.9580,687.0
NORAD-43644,74.4841,-32.1352,651.9
NORAD-43645,4.8683,68.9855,36046.4
NORAD-43646,7.5022,59.5290,36526.4
NORAD-43647,-37.1406,158.6665,21539.1
NORAD-43648,-35.1100,42.5252,21549.9
NORAD-43649,-14.3231,107.0377,617.3
NORAD-43650,3.6677,-156.4843,22279.1
NORAD-43651,0.8346,-67.1637,35600.5
NORAD-43652,8.9247,59.4914,33975.3
NORAD-43655,-69.3348,-121.3038,980.7
NORAD-43656,24.2792,179.4228,732.7
NORAD-43657,-30.1862,127.1780,914.6
NORAD-43660,-3.5723,104.6944,929.5
NORAD-43661,13.6955,103.3671,936.2
NORAD-43662,-80.5514,131.0448,532.5
NORAD-43672,-57.4725,-160.1350,631.0
NORAD-43676,-31.5089,-95.9868,575.9
NORAD-43677,81.9058,-177.4819,550.4
NORAD-43678,61.4757,-102.3466,561.9
NORAD-43679,65.4547,-87.1277,513.1
NORAD-43681,-81.2348,36.0515,550.5
NORAD-43682,-73.1430,107.2839,443.9
NORAD-43683,0.4601,159.9371,35829.6
NORAD-43687,-55.9126,-50.0140,19112.7
NORAD-43688,-52.5974,-52.0999,19558.3
NORAD-43689,-6.6222,-45.6863,830.8
NORAD-43698,-0.0490,55.0657,35791.7
NORAD-43700,0.0431,25.7891,35783.4
NORAD-43706,46.3839,-155.0879,21558.2
NORAD-43707,-22.4811,-88.3422,21547.6
NORAD-43708,37.2428,117.4001,21984.1
NORAD-43711,-80.1185,137.8851,500.9
NORAD-43717,5.4329,-31.1190,647.8
NORAD-43719,73.5497,114.2522,632.4
NORAD-43751,40.3906,111.6752,1485.4
NORAD-43752,-56.6127,94.8121,1506.9
NORAD-43753,3.4454,-75.3598,1516.1
NORAD-43754,-74.3460,-46.7910,1189.8
NORAD-43755,-45.4915,-28.8686,1251.1
NORAD-43758,-24.7249,-30.7068,430.1
NORAD-43759,55.7167,113.6710,528.8
NORAD-43761,70.1327,-42.6019,553.5
NORAD-43762,66.8885,-36.8792,526.2
NORAD-43763,-6.3375,125.5098,544.3
NORAD-43764,0.1135,-19.0284,321.5
NORAD-43765,60.3542,114.8590,515.1
NORAD-43766,37.3102,134.4069,468.3
NORAD-43767,-82.0942,-130.9542,539.6
NORAD-43768,-71.0883,-78.6797,531.4
NORAD-43770,-43.2229,-50.8554,497.0
NORAD-43771,38.4530,133.7951,470.7
NORAD-43772,-29.7475,-24.9142,161.9
NORAD-43773,12.6206,116.4695,532.3
NORAD-43775,-28.4480,123.8341,547.1
NORAD-43776,81.0692,-7.9036,559.2
NORAD-43778,18.7042,-53.4857,503.4
NORAD-43779,79.4737,-16.8462,545.7
NORAD-43782,-8.9406,130.3269,513.5
NORAD-43783,58.9233,94.7341,563.8
NORAD-43784,-66.1428,-66.9201,496.6
NORAD-43786,76.3875,-20.3194,515.1
NORAD-43790,-50.3696,134.3243,534.6
NORAD-43792,-33.8127,-72.2539,564.6
NORAD-43794,-22.5275,-55.6634,494.8
NORAD-43796,2.2749,145.5533,473.0
NORAD-43797,-73.1703,122.3176,437.1
NORAD-43798,53.3627,-14.8922,413.9
NORAD-43799,21.7320,126.0654,511.7
NORAD-43800,82.3490,26.0063,517.1
NORAD-43803,26.1509,-37.4383,467.1
NORAD-43804,-27.7855,140.2801,495.1
NORAD-43806,-6.9358,-57.8764,529.0
NORAD-43807,-58.1007,143.6312,516.8
NORAD-43808,6.4137,-30.0764,459.1
NORAD-43809,24.2746,124.0260,525.9
NORAD-43810,52.2557,105.5926,537.8
NORAD-43811,28.8807,114.0700,547.7
NORAD-43812,-47.8869,120.0948,558.5
NORAD-43815,34.9286,146.6569,496.7
NORAD-43819,8.7901,-64.6813,563.2
NORAD-43820,43.3503,121.2157,504.3
NORAD-43822,-56.1874,136.9489,531.9
NORAD-43823,0.0248,128.2141,35804.3
NORAD-43824,-0.0652,74.1157,35792.0
NORAD-43825,2.1177,-87.0743,24146.8
NORAD-43831,5.2288,-42.0359,491.0
NORAD-43833,81.0314,85.8858,471.9
NORAD-43834,-53.9234,176.0710,373.4
NORAD-43864,0.0629,62.8513,35791.9
NORAD-43867,0.0514,69.9673,35794.0
NORAD-43868,-6.0366,-160.5555,37970.5
NORAD-43871,77.8415,-29.5606,1062.9
NORAD-43872,-66.2499,-59.3426,664.3
NORAD-43873,27.5942,4.9563,20284.4
NORAD-43874,0.1916,148.1627,35795.8
NORAD-43875,-26.9173,-22.2813,14328.5
NORAD-43876,81.2267,-141.9517,495.2
NORAD-43877,-50.9150,2.3594,456.7
NORAD-43879,22.4296,-164.4082,367.3
NORAD-43880,-13.5443,-176.7270,435.8
NORAD-43881,5.7710,-160.8676,337.7
NORAD-43890,-24.1322,-54.2006,587.5
NORAD-43891,55.2383,101.2106,453.9
NORAD-43900,-47.0727,115.6641,279.0
NORAD-43909,13.5629,39.9278,800.6
NORAD-43910,39.3782,-21.2027,799.1
NORAD-43911,-49.6507,93.7696,806.6
NORAD-43912,37.4443,154.8332,786.3
NORAD-43913,-49.9326,-92.2565,809.6
NORAD-43914,6.6254,-112.4925,1105.1
NORAD-43915,6.0026,-130.0119,806.3
NORAD-43917,3.4398,17.0727,36329.7
NORAD-43920,0.0107,130.0194,35795.9
NORAD-43922,2.8190,59.4957,787.5
NORAD-43923,-2.1450,-120.5128,664.4
NORAD-43924,-29.8527,61.8225,791.7
NORAD-43925,-83.6783,-155.0174,793.7
NORAD-43926,1.8658,91.1510,773.1
NORAD-43927,-52.0094,-124.9791,793.1
NORAD-43928,-29.8401,174.5585,762.7
NORAD-43929,45.9108,-116.3175,779.8
NORAD-43930,-34.7658,-122.7416,668.2
NORAD-43931,78.2660,-102.6761,776.2
NORAD-43943,34.5647,165.6480,506.8
NORAD-43946,-74.3889,-33.2373,498.8
NORAD-43950,-21.9894,-96.4058,6767.8
NORAD-43951,3.8833,25.0149,33357.1
NORAD-43952,21.1238,49.6011,29274.2
NORAD-43954,5.0030,31.2091,34326.7
NORAD-43955,18.6228,52.3009,34195.3
NORAD-43958,-10.8557,-4.6563,28304.1
NORAD-43959,0.7619,30.3819,36037.9
NORAD-43960,-6.3427,11.1542,34927.9
NORAD-43962,20.3189,106.4739,22684.3
NORAD-43963,13.3820,54.6636,33452.7
NORAD-43965,10.6322,45.3134,34364.7
NORAD-43967,-14.2239,-18.1171,25443.4
NORAD-43968,-18.6777,-91.5219,10489.4
NORAD-43970,18.9276,83.9059,24855.7
NORAD-43972,12.0035,70.1370,24611.8
NORAD-43973,14.6049,41.4099,33322.9
NORAD-43974,-9.7186,-4.6337,30119.7
NORAD-43976,-11.9494,4.3379,34488.0
NORAD-43980,2.6076,45.2840,30622.9
NORAD-43981,14.0825,72.8443,23637.5
NORAD-43982,-7.8204,59.7235,20149.5
NORAD-43983,16.2884,137.0949,14268.6
NORAD-43984,9.2647,138.5803,16762.4
NORAD-43985,-2.7700,-107.0693,14217.9
NORAD-43986,18.2591,105.7535,15557.6
NORAD-43987,-8.7559,11.2402,34947.2
NORAD-43988,12.0888,64.7106,27689.4
NORAD-43990,-18.5362,-38.8588,19003.0
NORAD-43991,-15.8590,10.9193,34824.6
NORAD-43994,-15.3971,18.3688,33391.0
NORAD-43995,-14.1341,-17.7231,23293.0
NORAD-43996,-19.1377,-56.3845,20268.6
NORAD-43998,4.8527,35.6517,36031.7
NORAD-43999,-18.3914,-72.5325,15472.3
NORAD-44002,-17.2350,-81.4782,14188.0
NORAD-44003,17.0747,-172.2066,8924.3
NORAD-44006,7.5898,177.8021,9158.4
NORAD-44007,-11.5188,-74.8239,20245.2
NORAD-44009,17.0530,51.9417,34623.5
NORAD-44015,2.3544,150.9442,15383.4
NORAD-44016,-6.3552,25.2257,34431.2
NORAD-44023,-44.9833,34.9410,784.5
NORAD-44024,2.5433,64.9611,766.8
NORAD-44034,0.0432,39.0111,35769.7
NORAD-44035,-0.0026,47.8640,35794.0
NORAD-44037,-0.7157,-82.5884,19287.2
NORAD-44038,-17.6828,13.2820,32862.7
NORAD-44039,-12.7417,-19.0584,22004.2
NORAD-44040,-1.5500,22.0903,34135.4
NORAD-44043,55.6293,-49.9459,894.6
NORAD-44047,81.9510,55.0625,652.2
NORAD-44048,0.0037,146.0600,35806.5
NORAD-44057,-43.6961,116.2252,1212.4
NORAD-44058,-16.4819,-61.1587,1209.8
NORAD-44059,76.1898,126.7657,1196.1
NORAD-44060,-32.5812,-30.0031,1215.5
NORAD-44061,-13.8150,-30.8644,1213.6
NORAD-44062,-16.3658,148.0110,1214.4
NORAD-44065,-0.9237,151.0266,36049.8
NORAD-44066,3.5408,-4.7575,36162.9
NORAD-44067,-0.0023,130.4141,35855.5
NORAD-44071,0.0293,60.3080,35792.5
NORAD-44072,8.6357,149.3464,626.4
NORAD-44076,0.5746,77.0380,35789.3
NORAD-44077,-23.0828,-2.6951,12428.3
NORAD-44078,-58.6470,148.8674,769.6
NORAD-44106,-18.3290,-30.8004,23582.7
NORAD-44107,9.7160,-128.5143,11849.3
NORAD-44112,-0.0281,100.7925,8073.0
NORAD-44113,-0.0012,52.1756,8070.3
NORAD-44114,0.0031,-92.3008,8071.1
NORAD-44115,0.0525,4.3810,8067.6
NORAD-44116,-0.0523,-137.1244,7694.0
NORAD-44186,0.0574,30.4493,35795.0
NORAD-44204,-7.2788,114.4635,35702.5
NORAD-44205,10.5250,-5.6965,11787.4
NORAD-44207,-63.1150,94.7575,530.8
NORAD-44209,-63.1211,94.7585,531.0
NORAD-44231,0.0626,144.3098,35806.8
NORAD-44232,-19.2985,7.0034,18407.4
NORAD-44233,24.2828,-167.5505,566.2
NORAD-44299,19.3359,94.2947,19144.8
NORAD-44300,-2.6429,-90.6353,19347.4
NORAD-44307,0.0368,49.0303,35787.0
NORAD-44308,-13.2501,24.0821,6753.2
NORAD-44309,42.6372,-138.2863,2349.2
NORAD-44310,44.4827,-54.9103,482.5
NORAD-44311,6.7580,-174.4316,475.6
NORAD-44312,-39.2715,110.0387,476.9
NORAD-44314,12.2706,-45.5228,456.5
NORAD-44316,44.4911,-50.5284,486.6
NORAD-44322,3.8173,-96.2446,599.5
NORAD-44323,53.8017,72.5902,591.1
NORAD-44324,-63.6303,99.2443,605.1
NORAD-44333,-0.0254,-100.8604,35790.9
NORAD-44334,-0.0386,7.0361,35780.1
NORAD-44335,3.3454,29.9591,22863.3
NORAD-44337,49.5088,105.6253,35932.1
NORAD-44339,0.6614,-94.2184,602.9
NORAD-44340,-14.6221,-133.7203,657.8
NORAD-44341,-14.9666,98.7441,715.5
NORAD-44343,7.4867,-17.3253,540.3
NORAD-44344,-29.4283,95.8508,11661.5
NORAD-44345,-29.1136,109.6970,11940.1
NORAD-44349,7.6210,-160.9798,580.9
NORAD-44350,-23.3625,139.7571,585.6
NORAD-44351,16.2005,77.1651,580.3
NORAD-44353,15.5711,-100.0338,580.6
NORAD-44358,-23.7019,-41.7996,585.3
NORAD-44387,19.3685,-113.3202,818.6
NORAD-44389,28.7056,127.9151,407.6
NORAD-44390,65.2072,92.3856,485.7
NORAD-44408,69.2103,-36.3915,368.3
NORAD-44421,78.2623,-36.5888,587.9
NORAD-44424,82.3871,61.3731,506.3
NORAD-44436,28.8797,-152.5350,17647.2
NORAD-44449,-5.3608,121.4187,563.6
NORAD-44450,31.9834,-114.5601,560.6
NORAD-44451,-29.1088,1.2894,567.0
NORAD-44453,52.0816,80.7808,31658.0
NORAD-44457,0.0377,12.0202,35790.7
NORAD-44458,6.7376,69.5058,35824.1
NORAD-44475,-0.0163,142.5383,35797.0
NORAD-44476,0.0266,61.9506,35797.8
NORAD-44477,-1.6676,123.1484,24720.7
NORAD-44478,-1.8831,85.6089,2295.7
NORAD-44479,0.0171,17.0123,35782.0
NORAD-44480,-10.3693,-27.9552,17292.8
NORAD-44481,-0.9774,92.5360,35992.9
NORAD-44483,0.5393,-151.3807,17464.4
NORAD-44493,-17.6533,118.1178,12737.2
NORAD-44495,22.1559,-114.7823,279.4
NORAD-44499,-16.9263,22.5937,380.9
NORAD-44506,-46.2033,177.4958,20225.5
NORAD-44507,42.2845,115.0941,1376.2
NORAD-44508,-64.2115,125.6821,1105.2
NORAD-44509,56.3283,-75.4877,1382.8
NORAD-44510,23.0260,169.5831,1346.9
NORAD-44511,-39.5618,-19.5481,1300.8
NORAD-44512,64.7481,-166.1686,1483.2
NORAD-44513,64.6978,-126.8598,1389.4
NORAD-44514,4.7028,-18.6286,1092.4
NORAD-44517,58.8754,-77.1243,932.3
NORAD-44518,-33.0120,-131.8273,704.6
NORAD-44520,51.0452,-81.0537,585.9
NORAD-44528,-51.0326,-53.3776,789.3
NORAD-44529,20.5193,28.6265,746.9
NORAD-44530,-80.0823,-57.7739,663.3
NORAD-44531,31.5871,-64.0921,454.8
NORAD-44536,81.7934,167.6566,407.0
NORAD-44538,-16.9234,-131.0944,428.1
NORAD-44539,72.7244,71.7815,443.8
NORAD-44542,14.1943,-115.7524,21556.6
NORAD-44543,51.3563,138.3830,21530.6
NORAD-44544,-23.3224,62.5395,22105.2
NORAD-44547,59.7981,-79.2640,779.1
NORAD-44548,80.6391,-31.4053,749.8
NORAD-44549,-24.8886,94.9008,780.7
NORAD-44552,57.9777,172.3981,34727.5
NORAD-44553,56.2951,175.3613,28088.7
NORAD-44560,-10.6291,101.0641,2933.9
NORAD-44564,10.4371,70.8691,844.8
NORAD-44565,70.8902,145.2520,1004.7
NORAD-44567,-41.7163,171.1232,976.5
NORAD-44569,23.0819,-158.9893,665.9
NORAD-44570,-8.4504,168.8901,1048.2
NORAD-44571,18.3159,-18.4729,1192.0
NORAD-44572,10.8497,-53.8756,35811.8
NORAD-44573,0.3924,34.1993,15758.3
NORAD-44574,69.5763,59.8690,744.4
NORAD-44575,-0.2725,-127.6537,1442.2
NORAD-44582,3.5505,-99.8176,35671.4
NORAD-44588,-3.3490,-15.5084,36281.6
NORAD-44589,-68.6801,113.6471,642.3
NORAD-44592,-45.6574,-41.1093,714.2
NORAD-44593,70.3245,81.9524,549.7
NORAD-44596,-8.7954,50.0290,33547.3
NORAD-44598,-16.6587,23.5044,1211.8
NORAD-44600,11.9366,-174.6627,787.7
NORAD-44603,62.4515,-138.9461,1009.8
NORAD-44605,-20.5701,-45.8360,780.4
NORAD-44606,-78.9839,-77.9826,956.7
NORAD-44607,-43.8753,-143.2300,1065.7
NORAD-44609,-3.6107,94.4120,576.1
NORAD-44610,-65.8974,84.8528,564.2
NORAD-44611,-23.4054,50.0706,606.6
NORAD-44612,69.6588,-79.5119,579.5
NORAD-44613,21.9992,106.0703,922.4
NORAD-44614,55.6893,-2.4240,1076.1
NORAD-44616,-63.1371,-34.8697,589.4
NORAD-44617,50.3379,146.5223,1177.2
NORAD-44618,52.2051,147.4377,1229.1
NORAD-44619,-0.4601,104.4554,556.0
NORAD-44621,-13.3990,-80.2060,583.1
NORAD-44622,-80.9159,147.4213,639.3
NORAD-44624,0.0728,-4.9920,35778.7
NORAD-44625,-0.0997,155.9759,35806.1
NORAD-44626,-18.4381,179.6118,48570.0
NORAD-44627,49.2179,179.0983,15188.6
NORAD-44628,-18.4287,132.3150,549.2
NORAD-44629,10.6839,-160.1417,546.6
NORAD-44631,77.6099,78.2426,517.6
NORAD-44632,-66.1083,-82.0823,533.4
NORAD-44633,29.5738,-111.6578,657.6
NORAD-44634,-62.4967,165.1256,1231.2
NORAD-44636,-3.9157,-108.8546,1097.0
NORAD-44637,0.0555,83.5852,35806.6
NORAD-44640,-49.7526,69.0322,635.0
NORAD-44641,78.3157,10.1454,475.5
NORAD-44642,4.2167,80.3347,34759.5
NORAD-44643,13.9424,1.6251,20980.1
NORAD-44644,1.7156,84.1578,32686.6
NORAD-44645,-10.3242,136.3844,24152.0
NORAD-44646,12.1931,-31.1543,12365.9
NORAD-44647,5.2130,69.4659,33568.2
NORAD-44649,1.0689,94.1656,33074.0
NORAD-44650,11.4974,41.1658,27702.8
NORAD-44651,3.4302,89.4160,32726.6
NORAD-44652,10.5297,52.9498,31973.5
NORAD-44654,0.5887,103.2688,27367.4
NORAD-44655,-8.6548,129.1356,23261.7
NORAD-44656,1.3628,92.1721,31519.0
NORAD-44658,13.7394,9.6270,24111.1
NORAD-44659,12.4434,-23.7872,13137.1
NORAD-44661,9.7269,0.6746,31358.6
NORAD-44662,3.6404,83.4995,34429.4
NORAD-44665,12.7435,57.4894,31507.0
NORAD-44666,9.3510,-33.6991,12452.3
NORAD-44668,-13.3154,168.6654,20336.2
NORAD-44670,7.5692,72.1137,34767.3
NORAD-44673,6.0596,88.2849,30069.2
NORAD-44674,6.1407,78.9281,32389.1
NORAD-44675,-11.9040,170.8492,12520.8
NORAD-44677,2.9243,-39.5649,18633.4
NORAD-44678,8.9106,64.9852,35010.4
NORAD-44679,4.2316,92.2607,29875.4
NORAD-44680,-6.5837,149.3086,13943.7
NORAD-44682,11.5534,48.3539,34088.4
NORAD-44683,11.8049,40.4982,30691.1
NORAD-44684,13.2780,20.4130,26106.7
NORAD-44685,-6.2393,-63.0668,17813.2
NORAD-44686,8.8770,8.6698,35775.0
NORAD-44687,13.1494,27.1788,29350.7
NORAD-44689,-8.5161,151.4278,27136.8
NORAD-44690,6.5702,78.0228,33318.9
NORAD-44691,11.5993,8.0825,31552.7
NORAD-44693,-5.9207,137.6159,17027.1
NORAD-44694,8.8023,-29.8538,17816.7
NORAD-44696,-11.6725,-7.8633,1505.4
NORAD-44698,-3.7674,32.6968,903.5
NORAD-44699,-17.3904,-138.7123,913.8
NORAD-44700,-42.5103,-12.0735,874.0
NORAD-44703,-28.0373,140.7759,503.4
NORAD-44712,-69.7403,96.3618,588.9
NORAD-44714,6.0584,-107.7341,418.9
NORAD-44718,35.7565,-79.3775,413.8
NORAD-44723,-39.1998,-147.6163,479.1
NORAD-44725,34.8665,-57.4737,397.5
NORAD-44741,-0.2660,-123.2625,350.2
NORAD-44744,-46.3332,168.2182,487.7
NORAD-44747,2.1053,-27.6122,408.7
NORAD-44748,48.8522,9.3093,375.8
NORAD-44751,17.5970,-74.5579,400.1
NORAD-44752,53.0153,-51.8883,460.9
NORAD-44753,52.2935,-63.5233,357.1
NORAD-44768,-46.8577,-124.4037,422.7
NORAD-44771,-25.5205,-131.5566,335.2
NORAD-44772,40.3508,3.7440,335.8
NORAD-44777,-66.3727,-37.3631,465.2
NORAD-44779,44.9311,90.2352,894.1
NORAD-44780,8.4853,175.5773,890.5
NORAD-44781,-41.3558,-115.9127,890.7
NORAD-44782,-28.8498,-29.6494,900.6
NORAD-44783,16.0563,19.8894,898.9
NORAD-44784,44.5997,154.2914,894.7
NORAD-44785,-70.0083,-63.6644,1074.5
NORAD-44786,-29.5338,-68.4394,1068.9
NORAD-44793,-53.9397,101.0963,21554.4
NORAD-44794,3.3054,9.3084,21541.9
NORAD-44795,10.3806,-152.4744,22215.9
NORAD-44796,29.1882,69.8528,9076.1
NORAD-44800,0.0641,35.5023,35785.3
NORAD-44801,0.0526,11.0442,35783.1
NORAD-44802,0.4023,-118.7562,1743.2
NORAD-44803,-0.1366,18.2770,6355.8
NORAD-44804,81.7111,74.0204,498.9
NORAD-44805,47.2111,108.3339,387.0
NORAD-44819,21.7760,-94.8770,635.1
NORAD-44836,-45.6038,-39.8189,510.4
NORAD-44845,-9.6853,-8.3540,26592.4
NORAD-44848,0.7305,11.1262,29724.6
NORAD-44849,15.3446,112.5334,25657.2
NORAD-44850,3.0225,-32.9044,19146.4
NORAD-44851,-54.7887,-71.2836,19725.2
NORAD-44857,18.8883,-59.8189,566.0
NORAD-44859,-36.3529,96.5872,540.3
NORAD-44862,-12.0852,-162.7835,413.0
NORAD-44864,11.1704,-37.7199,21522.3
NORAD-44865,54.4410,67.4599,21565.7
NORAD-44866,35.6245,-10.0064,22140.2
NORAD-44868,-0.0216,150.0015,35793.9
NORAD-44869,-0.6640,84.9976,3572.9
NORAD-44873,42.5917,-107.9374,625.5
NORAD-44874,-5.8760,83.2140,703.0
NORAD-44879,-39.1159,-26.6486,601.4
NORAD-44880,-26.7098,-23.7381,600.0
NORAD-44881,-38.1880,154.0155,620.5
NORAD-44882,-60.2342,-22.9144,565.2
NORAD-44883,22.0827,-33.2632,631.3
NORAD-44884,-22.9465,169.2384,565.6
NORAD-44885,-46.7159,178.7118,565.9
NORAD-44886,-73.3380,-168.6469,597.2
NORAD-44887,-65.2273,177.5258,606.1
NORAD-44889,2.5718,153.7348,585.2
NORAD-44890,81.0417,63.3257,500.4
NORAD-44891,-51.3800,-105.5704,470.1
NORAD-44893,-13.6672,-20.0295,22576.2
NORAD-44894,-13.8182,-117.1847,8338.4
NORAD-44895,-6.2890,-97.0639,9706.9
NORAD-44896,-13.2340,156.1005,27047.6
NORAD-44903,0.2978,76.0053,35793.8
NORAD-44904,-4.2238,-162.8113,34847.2
NORAD-44905,67.9900,-13.4228,1487.3
NORAD-44906,-61.1484,-45.6981,1520.2
NORAD-44907,-1.8269,147.2713,1496.3
NORAD-44909,17.3876,39.6455,1248.0
NORAD-44910,4.8596,44.8476,35729.8
NORAD-44912,-7.7111,-14.1473,1293.9
NORAD-44927,-28.9913,-2.4869,364.6
NORAD-44930,52.1218,125.6450,378.5
NORAD-44941,-47.0845,-27.0102,409.8
NORAD-44949,-49.2968,-92.0000,410.0
NORAD-44961,-28.6201,-41.7846,370.8
NORAD-44968,-21.8049,-1.7108,417.1
NORAD-44978,0.0075,107.4979,35828.8
NORAD-44982,19.7524,-100.8056,7818.4
NORAD-44985,7.1652,32.3362,16410.1
NORAD-44987,18.5373,153.6523,1423.5
NORAD-44992,-11.6986,29.6646,1453.5
NORAD-44996,82.0538,122.7052,1480.4
NORAD-44998,-27.8679,-10.7253,1449.8
NORAD-45016,0.2782,149.6250,546.3
NORAD-45024,39.4300,178.1609,644.6
NORAD-45026,0.0214,83.0744,35796.6
NORAD-45027,0.0467,7.1992,35796.1
NORAD-45028,3.0747,106.4889,5201.3
NORAD-45029,-5.4799,-94.5274,21937.5
NORAD-45037,-13.6912,-49.9210,897.3
NORAD-45038,-11.4900,118.4792,900.9
NORAD-45044,-39.3733,173.8138,402.2
NORAD-45047,-17.7914,-176.7724,411.8
NORAD-45048,-4.2303,120.7782,385.4
NORAD-45054,-24.8552,-22.2512,466.0
NORAD-45060,-52.8577,-125.8323,377.2
NORAD-45061,52.9276,79.0120,440.7
NORAD-45062,22.2846,-48.3077,339.7
NORAD-45064,40.8413,114.4549,453.8
NORAD-45071,-18.7432,-41.2653,456.6
NORAD-45072,-52.2094,-129.7565,468.0
NORAD-45074,-43.1386,-72.0138,456.8
NORAD-45080,51.1502,41.9547,444.1
NORAD-45081,52.4767,21.0798,290.3
NORAD-45087,47.4422,6.7069,418.7
NORAD-45088,-13.9498,-51.0473,466.3
NORAD-45096,-51.9814,-162.7227,423.0
NORAD-45098,-19.5933,172.7367,530.5
NORAD-45100,-13.7951,110.8877,369.1
NORAD-45127,48.3959,14.3063,1406.8
NORAD-45128,53.5987,43.5274,743.1
NORAD-45129,58.0814,161.6050,1283.7
NORAD-45130,22.6425,161.5045,1384.2
NORAD-45131,-43.8435,-59.8499,1239.1
NORAD-45132,87.8176,1.9094,1220.0
NORAD-45133,-53.7564,108.5917,1237.1
NORAD-45134,18.1651,105.0183,1228.8
NORAD-45135,-69.3374,-79.8849,1237.2
NORAD-45136,70.2466,99.7835,1220.9
NORAD-45137,-61.1264,109.5350,1237.3
NORAD-45138,-62.4090,109.7384,1237.7
NORAD-45139,61.2679,86.6418,1217.6
NORAD-45140,-54.5778,93.4840,1233.1
NORAD-45141,80.6429,-61.3184,1220.3
NORAD-45142,-21.8397,106.5580,1234.5
NORAD-45143,74.7956,97.8747,1220.5
NORAD-45144,-30.4115,106.9604,1235.8
NORAD-45145,69.7591,-83.7487,1218.1
NORAD-45146,-5.7997,105.9140,1233.0
NORAD-45147,-37.8530,107.3574,1236.5
NORAD-45148,-16.0360,73.9355,1076.7
NORAD-45149,-29.2054,106.8831,1235.7
NORAD-45150,73.3139,-67.2106,1220.6
NORAD-45151,84.9417,65.8683,1216.1
NORAD-45152,73.5191,98.5153,1220.7
NORAD-45153,50.2147,103.1713,1223.3
NORAD-45154,65.4895,101.0513,1221.3
NORAD-45155,77.2470,81.1182,1216.3
NORAD-45156,16.7372,-73.6676,1228.5
NORAD-45157,-45.8017,107.8961,1236.9
NORAD-45158,57.3864,-70.9860,1222.1
NORAD-45159,-14.5039,106.2410,1234.0
NORAD-45160,66.8521,100.7397,1221.4
NORAD-45161,4.6320,105.5379,1231.0
NORAD-45162,-13.1169,106.2030,1233.8
NORAD-45163,81.9479,-59.1421,1220.1
NORAD-45164,-77.5417,-83.9347,1237.6
NORAD-45172,24.6502,169.1418,1350.3
NORAD-45179,6.1808,-178.0438,278.0
NORAD-45183,-53.1073,28.9327,467.0
NORAD-45185,43.1544,160.9385,454.7
NORAD-45187,47.6589,172.1019,454.5
NORAD-45189,-6.6630,111.7906,460.7
NORAD-45190,3.4706,-173.4503,328.5
NORAD-45197,18.1572,130.8862,457.9
NORAD-45198,52.2087,142.3139,368.7
NORAD-45201,-2.0498,-77.5414,466.9
NORAD-45206,-33.7751,-4.7021,361.8
NORAD-45212,-22.1011,79.3908,488.3
NORAD-45217,-25.7428,-57.7873,467.7
NORAD-45222,-25.7567,52.0751,450.1
NORAD-45223,-52.0642,-63.8927,366.0
NORAD-45225,-37.0317,-70.2907,468.1
NORAD-45227,34.2798,125.5182,430.6
NORAD-45228,-3.2549,-135.7850,406.0
NORAD-45229,16.8171,-123.4098,434.7
NORAD-45230,47.7047,-165.7422,427.3
NORAD-45235,-4.6886,112.7403,459.7
NORAD-45237,-37.2453,7.9884,368.6
NORAD-45245,-4.9566,135.9204,35804.3
NORAD-45246,-0.0000,128.2462,35794.3
NORAD-45247,-4.4743,-7.4758,18613.9
NORAD-45248,-0.8432,103.7931,33499.8
NORAD-45254,58.4973,-102.3428,29165.9
NORAD-45255,4.7234,21.6392,10409.9
NORAD-45266,-28.7848,13.3097,1202.8
NORAD-45267,1.4117,-148.1414,1209.6
NORAD-45268,-34.4404,-149.8380,1210.5
NORAD-45269,-9.3323,-163.5170,1213.5
NORAD-45270,-14.8769,-168.8852,1212.2
NORAD-45271,1.6017,-140.1485,1270.7
NORAD-45272,55.1101,-93.0115,1076.9
NORAD-45273,-78.3521,-95.5563,1178.4
NORAD-45274,59.9555,29.7423,1178.1
NORAD-45275,36.2560,-172.8187,1197.0
NORAD-45276,4.3068,177.5358,1166.2
NORAD-45277,-18.1207,-12.2315,1167.9
NORAD-45278,-13.6341,-112.7316,974.9
NORAD-45279,-71.1444,-92.2736,1285.1
NORAD-45280,26.3794,-158.6114,1196.2
NORAD-45281,-29.6352,76.0766,911.6
NORAD-45282,-15.2415,-138.0947,1202.8
NORAD-45283,-48.5688,-31.3493,1188.1
NORAD-45284,-6.0785,139.7316,1024.4
NORAD-45285,-59.4608,-94.5930,1349.6
NORAD-45286,44.6141,50.0897,1202.6
NORAD-45287,-77.8098,-160.9921,1102.2
NORAD-45288,80.2977,-179.2083,1321.2
NORAD-45289,19.0988,116.6699,1467.9
NORAD-45290,-66.6708,-179.7053,1040.2
NORAD-45291,-72.8966,13.8833,1207.5
NORAD-45292,-7.0411,175.2805,1081.2
NORAD-45293,34.2558,-178.2280,656.8
NORAD-45294,-54.7466,7.0723,1195.7
NORAD-45295,-81.2550,-154.6827,1120.8
NORAD-45296,28.9343,74.0982,934.6
NORAD-45297,-32.1711,-120.0061,1260.0
NORAD-45298,15.3989,-82.4087,907.3
NORAD-45299,-14.0952,56.8788,1146.5
NORAD-45300,13.2487,-92.9798,1296.0
NORAD-45301,-65.3150,98.3236,1079.4
NORAD-45302,28.5850,-45.9251,1040.6
NORAD-45303,-81.3899,101.4627,898.9
NORAD-45304,17.3769,-121.3213,1143.5
NORAD-45305,-29.5570,-9.1266,1130.8
NORAD-45306,-52.5618,157.9305,1069.3
NORAD-45307,34.1031,-98.8221,1080.3
NORAD-45308,11.2186,-169.8390,1204.6
NORAD-45309,64.2673,60.7946,1185.3
NORAD-45310,-12.5086,-92.1340,1350.9
NORAD-45311,39.7896,-170.9177,1188.5
NORAD-45312,-35.5266,-166.7685,1207.6
NORAD-45313,-59.3003,149.1162,1138.9
NORAD-45314,-68.2208,-120.6194,1204.0
NORAD-45315,55.5295,-162.2057,1185.3
NORAD-45316,-74.0434,-159.4956,1091.4
NORAD-45318,-76.1768,-13.2769,1205.1
NORAD-45319,-82.5703,-121.0745,1123.6
NORAD-45320,-40.1715,-35.1652,1165.9
NORAD-45321,54.3412,26.5579,1169.8
NORAD-45323,17.7627,-173.7932,1194.3
NORAD-45324,-60.3344,-4.7214,1193.9
NORAD-45325,44.6921,178.9248,680.1
NORAD-45326,73.5724,36.8673,1161.4
NORAD-45327,43.3970,136.6283,1069.2
NORAD-45330,82.3113,42.3860,1113.6
NORAD-45331,-47.1339,130.2018,1470.6
NORAD-45332,-40.3143,26.4591,1299.6
NORAD-45334,26.4289,-1.6533,1159.8
NORAD-45336,34.4188,-2.2831,1158.1
NORAD-45337,6.4862,-140.6262,1239.7
NORAD-45338,56.4003,-84.1671,936.5
NORAD-45339,-36.7134,82.4104,1016.2
NORAD-45340,-6.7079,171.0668,1048.6
NORAD-45344,1.8649,80.1637,35794.1
NORAD-45346,-78.7467,-133.6699,1146.5
NORAD-45347,-13.9262,-107.9106,951.7
NORAD-45348,-6.3696,16.3485,1189.1
NORAD-45350,37.1658,22.4452,1192.8
NORAD-45355,10.2988,72.9904,1190.9
NORAD-45356,14.5672,-173.1620,1184.7
NORAD-45357,-29.5081,158.2128,1081.6
NORAD-45358,-30.0246,40.4548,19119.3
NORAD-45359,-41.9829,53.9124,19560.4
NORAD-45360,46.5405,-163.6669,318.5
NORAD-45361,46.8486,-87.7228,316.1
NORAD-45366,45.6327,-67.0569,459.0
NORAD-45367,52.3558,-68.4382,385.5
NORAD-45368,3.0887,76.1697,526.1
NORAD-45369,4.8948,-149.6688,366.6
NORAD-45370,50.0827,-53.9569,455.0
NORAD-45374,42.1402,-75.0894,455.3
NORAD-45375,9.3791,15.3043,364.7
NORAD-45376,20.2765,8.3403,375.2
NORAD-45377,50.3345,-63.8026,347.6
NORAD-45379,22.3436,-26.0754,330.2
NORAD-45383,-50.5529,122.7940,374.8
NORAD-45384,-48.2962,57.5990,364.2
NORAD-45386,19.5556,-37.6022,344.0
NORAD-45387,-43.4978,113.0158,376.8
NORAD-45388,-51.4200,54.0100,318.8
NORAD-45389,50.3871,-137.5464,346.0
NORAD-45390,-0.7209,1.7064,359.8
NORAD-45395,29.5525,-25.1630,346.4
NORAD-45397,1.2223,-170.4431,399.8
NORAD-45399,-51.1067,43.7702,375.6
NORAD-45404,47.6767,-30.8844,446.0
NORAD-45405,10.9251,-145.3560,461.4
NORAD-45406,-5.3913,28.5270,452.5
NORAD-45408,52.4167,-103.0736,338.5
NORAD-45412,-12.7052,-165.6054,453.8
NORAD-45414,-30.6919,19.6046,355.8
NORAD-45415,-1.9587,25.4746,449.7
NORAD-45417,44.0971,-127.5162,368.7
NORAD-45419,34.2808,-124.3476,365.1
NORAD-45424,5.2681,90.3089,1227.0
NORAD-45425,-3.9102,-89.7154,1228.0
NORAD-45426,-2.2610,-89.5813,1228.2
NORAD-45427,-41.9710,92.4078,1232.4
NORAD-45428,71.0885,-83.3282,1216.7
NORAD-45429,21.2608,89.6780,1224.3
NORAD-45430,30.0123,89.2828,1222.7
NORAD-45431,-17.5785,-90.1622,1230.2
NORAD-45432,-23.6908,-105.6155,1207.2
NORAD-45433,-9.5801,-89.8568,1229.1
NORAD-45434,-19.3805,91.2433,1230.2
NORAD-45435,-65.8670,95.2171,1233.4
NORAD-45436,-74.0027,-96.8894,1234.0
NORAD-45437,37.3146,88.8827,1221.4
NORAD-45438,-67.1587,95.5260,1233.5
NORAD-45439,-58.6006,93.9616,1233.3
NORAD-45440,70.9851,84.3282,1214.8
NORAD-45441,-72.7486,-96.3295,1233.5
NORAD-45442,-53.4635,-92.3521,1233.0
NORAD-45443,47.0688,-87.2266,1219.6
NORAD-45444,47.1755,88.2139,1222.0
NORAD-45445,13.7610,-88.9801,1225.3
NORAD-45446,36.6367,88.9261,1221.6
NORAD-45447,-2.7222,90.6034,1228.4
NORAD-45448,45.7873,-87.3244,1219.6
NORAD-45449,-43.2881,92.4802,1232.4
NORAD-45450,-72.2592,81.8264,1209.4
NORAD-45451,-0.9364,-89.5564,1227.7
NORAD-45452,15.0600,-88.9378,1225.0
NORAD-45453,8.0766,123.7668,605.4
NORAD-45454,-18.0193,91.1904,1230.3
NORAD-45455,50.4273,-86.9416,1219.7
NORAD-45456,28.6461,89.3417,1222.7
NORAD-45457,-74.4701,98.0960,1233.8
NORAD-45459,-46.5073,-82.6973,964.2
NORAD-45460,21.1680,43.5115,562.8
NORAD-45461,12.1731,171.5514,564.6
NORAD-45462,-34.4343,-70.9487,567.2
NORAD-45465,-2.1192,137.1820,35743.4
NORAD-45466,-3.4197,-125.0047,13372.8
NORAD-45468,-0.7158,129.6723,3886.1
NORAD-45469,-5.6575,132.8569,1045.7
NORAD-45471,13.2681,34.3610,34323.0
NORAD-45473,6.1248,-12.4515,30718.1
NORAD-45474,12.9471,35.3953,35680.6
NORAD-45475,8.2290,59.7643,33363.8
NORAD-45483,-62.2701,-110.2886,1097.5
NORAD-45484,63.3222,61.3980,1056.5
NORAD-45500,29.5233,114.0455,831.1
NORAD-45501,-71.0135,117.2411,759.6
NORAD-45502,8.0987,-90.0745,789.3
NORAD-45504,4.8974,178.8087,1000.2
NORAD-45505,80.9469,98.6883,966.0
NORAD-45506,-51.5578,154.2818,988.3
NORAD-45507,25.9539,-169.0458,778.7
NORAD-45509,57.7125,159.8905,742.3
NORAD-45510,58.8751,94.2351,810.9
NORAD-45511,1.4902,85.4410,825.2
NORAD-45512,-26.3666,66.2183,817.0
NORAD-45513,-56.5615,-138.5497,781.3
NORAD-45514,34.3714,113.3042,983.6
NORAD-45515,-76.8235,106.3098,747.5
NORAD-45517,78.5762,-86.8496,883.2
NORAD-45518,-37.2604,143.1250,881.5
NORAD-45521,-55.7601,-5.5210,910.3
NORAD-45522,69.7977,-52.5669,890.9
NORAD-45523,-79.4403,-112.8685,958.6
NORAD-45524,-15.1832,-135.3540,897.6
NORAD-45526,-66.8916,-47.8997,826.7
NORAD-45527,-19.5270,-36.4984,853.9
NORAD-45531,52.7545,-150.8778,339.8
NORAD-45532,-49.0600,74.2202,360.9
NORAD-45535,-8.9825,98.3605,456.6
NORAD-45538,1.4835,-4.4708,457.1
NORAD-45540,45.4348,-52.5988,449.0
NORAD-45542,52.6239,-115.4421,355.4
NORAD-45543,20.1870,-167.5956,450.9
NORAD-45544,-33.5455,-10.4369,364.3
NORAD-45555,-47.5760,61.3804,359.2
NORAD-45564,31.2459,-76.3570,371.3
NORAD-45565,7.8748,92.6919,360.0
NORAD-45567,-44.8613,-2.4982,369.5
NORAD-45570,-9.4432,-20.1105,453.7
NORAD-45572,46.5573,149.4092,283.9
NORAD-45573,-41.1227,-26.1306,367.9
NORAD-45578,52.7151,-158.8320,354.6
NORAD-45580,12.2115,164.1160,457.9
NORAD-45581,2.6414,153.1765,455.2
NORAD-45582,-35.3740,-40.2323,347.7
NORAD-45586,49.7307,141.8297,354.6
NORAD-45589,51.9651,-138.6387,352.5
NORAD-45590,-28.1281,-5.1815,377.8
NORAD-45602,59.4007,-99.0489,525.4
NORAD-45603,-40.7215,-104.7903,538.4
NORAD-45608,37.2628,-20.1421,20800.8
NORAD-45609,47.4828,-13.3821,31566.4
NORAD-45620,28.5080,-77.7750,564.7
NORAD-45625,-60.7960,-112.6784,500.6
NORAD-45635,-42.3497,117.6018,1374.2
NORAD-45638,-24.9958,-47.0073,1315.6
NORAD-45648,-37.6566,-99.1295,1433.9
NORAD-45649,-15.4469,-162.9047,778.2
NORAD-45650,-41.1827,82.3421,2313.1
NORAD-45651,4.8381,-71.0014,1376.5
NORAD-45652,43.1007,174.8290,1191.6
NORAD-45653,28.3596,-20.3679,1167.6
NORAD-45654,82.4994,92.0501,1169.9
NORAD-45655,-70.9883,-87.6088,1349.0
NORAD-45656,-57.1133,88.5537,767.3
NORAD-45660,25.1609,-56.7152,467.2
NORAD-45663,40.2736,103.6772,420.4
NORAD-45665,32.6151,131.6163,344.6
NORAD-45668,52.2035,-126.0433,519.8
NORAD-45669,43.7763,-146.4168,379.1
NORAD-45670,-52.5637,-37.3371,354.4
NORAD-45671,-39.3973,-37.4713,359.7
NORAD-45673,-37.4764,-45.4534,369.1
NORAD-45675,30.1180,141.3672,382.5
NORAD-45676,33.6097,-67.8968,458.6
NORAD-45677,-17.9009,126.0060,450.4
NORAD-45679,25.3377,-111.2008,364.7
NORAD-45685,19.5651,-113.6433,379.2
NORAD-45686,-25.2230,-38.7498,437.5
NORAD-45689,-52.9760,42.8433,465.3
NORAD-45693,36.0272,-69.0624,515.2
NORAD-45695,3.8708,75.1997,357.0
NORAD-45696,-31.8542,98.7124,460.2
NORAD-45697,-24.8681,52.8395,372.4
NORAD-45700,15.7909,87.8600,355.2
NORAD-45701,53.0657,-159.6822,457.8
NORAD-45703,-4.6557,-2.7214,345.7
NORAD-45710,1.2452,-109.1950,359.5
NORAD-45711,52.7686,167.6857,337.4
NORAD-45712,-52.5158,-4.4485,469.9
NORAD-45721,-59.4210,31.9336,794.6
NORAD-45722,7.9111,100.7189,758.0
NORAD-45726,-5.5037,-90.1599,563.6
NORAD-45727,-60.3175,73.4662,573.4
NORAD-45728,-37.9105,94.1115,523.7
NORAD-45731,51.8805,22.4679,356.1
NORAD-45735,-52.9216,106.8810,414.0
NORAD-45741,-52.9460,-175.2309,379.9
NORAD-45744,-26.6836,-118.0369,455.5
NORAD-45746,-15.1011,-174.2428,395.2
NORAD-45747,-42.6745,146.3814,489.0
NORAD-45751,6.3894,80.7271,406.6
NORAD-45754,36.9450,-24.3639,506.2
NORAD-45755,47.1428,-58.3672,349.4
NORAD-45759,-45.4561,127.8379,379.9
NORAD-45764,21.0710,65.1929,373.1
NORAD-45772,51.8979,-3.8512,452.9
NORAD-45773,-52.3919,-170.5522,460.2
NORAD-45780,52.8362,-45.1596,354.9
NORAD-45786,52.7048,9.5558,470.5
NORAD-45794,79.7817,77.4732,463.7
NORAD-45807,1.2148,110.5949,35803.5
NORAD-45808,-27.8189,113.4179,22806.1
NORAD-45814,-50.8094,-39.4502,2078.7
NORAD-45816,-50.9128,132.8572,3004.8
NORAD-45820,-40.0692,-148.7347,2090.8
NORAD-45822,27.2453,-71.2239,783.2
NORAD-45823,0.7231,-168.8587,3569.8
NORAD-45829,10.9206,48.3778,2147.7
NORAD-45831,32.0329,-81.5268,909.9
NORAD-45833,-39.2640,-57.8739,1819.1
NORAD-45835,6.8871,-9.2090,483.9
NORAD-45837,-21.4768,74.0766,2561.5
NORAD-45840,14.6167,24.0054,1866.2
NORAD-45841,-38.6916,41.2648,3689.5
NORAD-45843,21.5533,101.9294,2467.9
NORAD-45847,-20.9710,-88.4586,640.0
NORAD-45849,40.7380,75.5708,2930.2
NORAD-45851,-24.7375,-51.3670,3486.8
NORAD-45854,-44.0225,140.3311,20038.8
NORAD-45856,0.7267,135.2339,642.0
NORAD-45859,78.3250,43.0061,699.0
NORAD-45863,0.0162,134.0188,35801.9
NORAD-45864,-18.3104,-165.5164,14102.8
NORAD-45872,33.0121,25.0187,2682.6
NORAD-45877,-47.3436,2.9447,559.7
NORAD-45878,-43.5054,-165.5984,1011.0
NORAD-45888,0.1970,163.8319,3354.3
NORAD-45889,-19.8061,-19.7370,1035.1
NORAD-45891,50.9401,5.4673,1383.3
NORAD-45915,-8.6630,-101.1838,658.8
NORAD-45920,-0.0224,116.2310,35793.6
NORAD-45939,51.9139,133.8413,505.4
NORAD-45944,12.2963,-92.0537,4979.9
NORAD-45963,-46.7532,-13.7256,1100.2
NORAD-45971,-7.1378,-161.2653,1662.7
NORAD-45977,7.5871,-146.1308,1311.3
NORAD-45979,45.4966,-179.7576,704.9
NORAD-45985,-0.0071,96.5102,35794.7
NORAD-45986,0.0062,79.9569,35786.2
NORAD-45987,-6.4828,-89.2855,43542.7
NORAD-45988,45.7552,12.3032,19898.8
NORAD-45999,-25.2389,172.7055,3853.4
NORAD-46002,-22.0434,34.6411,2463.3
NORAD-46006,44.7432,-5.5195,1404.7
NORAD-46015,-29.4040,-59.0631,445.6
NORAD-46025,69.1526,125.2552,446.8
NORAD-46027,-13.3249,-150.9143,533.2
NORAD-46028,-16.9111,-167.5534,477.2
NORAD-46029,0.1214,-154.2588,478.6
NORAD-46032,51.3266,-84.8451,470.4
NORAD-46033,-0.3704,25.9286,478.7
NORAD-46034,38.5347,-10.9438,472.3
NORAD-46035,38.7806,-117.1718,472.3
NORAD-46036,20.1080,9.8095,475.4
NORAD-46039,51.1380,-42.8457,470.3
NORAD-46043,41.5176,-113.4623,471.8
NORAD-46045,-51.2103,136.7861,483.7
NORAD-46047,-34.6148,43.4195,482.4
NORAD-46048,-49.1220,72.2526,483.3
NORAD-46051,-25.1580,171.8259,481.6
NORAD-46052,-41.0452,125.1432,290.3
NORAD-46053,42.5791,-31.2892,471.6
NORAD-46054,34.5152,-136.6406,472.8
NORAD-46055,25.0532,-8.2459,474.5
NORAD-46058,49.4412,-105.3633,474.9
NORAD-46059,-4.8002,-171.4610,479.1
NORAD-46060,2.7835,11.1366,482.9
NORAD-46061,49.1087,-107.9182,470.7
NORAD-46063,-52.6330,113.0538,483.3
NORAD-46064,-15.2865,24.4393,480.7
NORAD-46066,-3.4768,-6.9878,443.6
NORAD-46070,-9.6579,7.3310,480.2
NORAD-46073,42.4562,-133.7206,471.4
NORAD-46074,-53.0322,89.6911,477.5
NORAD-46075,-44.7872,48.0268,483.3
NORAD-46076,-31.7060,151.9318,482.4
NORAD-46077,-36.3414,113.6070,453.5
NORAD-46079,-47.2617,125.1395,483.0
NORAD-46080,9.5046,-93.7956,404.5
NORAD-46082,-53.1353,88.6116,483.8
NORAD-46083,-12.1647,170.1270,480.5
NORAD-46091,-0.1665,147.3092,35020.0
NORAD-46101,-50.8467,52.0465,1439.7
NORAD-46111,49.9276,146.2028,1670.8
NORAD-46112,0.0323,109.8797,35795.3
NORAD-46113,0.0159,-0.9989,35792.5
NORAD-46114,-0.0330,-125.0246,35797.1
NORAD-46115,-5.5578,-92.3679,6255.4
NORAD-46116,-5.4379,128.7993,12045.3
NORAD-46128,-49.5021,144.6288,288.0
NORAD-46129,44.8405,-8.2868,327.1
NORAD-46141,-43.9763,-118.0173,388.7
NORAD-46142,22.2579,145.0987,329.9
NORAD-46146,28.6793,-178.3536,453.5
NORAD-46155,-9.6565,87.1139,216.9
NORAD-46156,50.6903,50.8457,272.9
NORAD-46159,42.7538,122.1097,333.8
NORAD-46160,-25.5453,173.6055,348.5
NORAD-46167,-47.9412,-142.1462,335.9
NORAD-46171,-20.9362,-76.1953,300.9
NORAD-46172,34.5774,-32.1120,249.6
NORAD-46173,-50.8361,-80.3515,349.1
NORAD-46174,42.8323,25.1286,370.9
NORAD-46232,11.5455,-62.6323,480.7
NORAD-46252,42.3975,9.1932,2744.7
NORAD-46260,-51.3998,-146.7228,3563.2
NORAD-46265,34.4936,87.0927,627.0
NORAD-46266,-77.8976,-33.9231,575.2
NORAD-46271,-51.1013,151.7695,740.8
NORAD-46275,61.9673,-26.0024,418.8
NORAD-46277,-26.1946,-45.7555,445.3
NORAD-46278,77.9356,125.3211,351.4
NORAD-46292,35.0640,133.7644,430.3
NORAD-46293,-24.5699,-43.4347,436.4
NORAD-46320,-75.9251,-178.7966,373.1
NORAD-46329,49.7012,141.5574,325.4
NORAD-46331,-20.8365,-141.0557,308.9
NORAD-46340,48.6498,132.0998,280.2
NORAD-46342,-45.6957,35.9808,454.6
NORAD-46347,34.9039,-12.7637,255.0
NORAD-46348,-35.9320,-16.3087,451.4
NORAD-46351,-49.7773,-42.9238,329.8
NORAD-46352,13.1667,176.1469,325.7
NORAD-46353,-3.1021,-127.7890,351.6
NORAD-46355,37.5399,121.2389,445.0
NORAD-46357,-38.7460,-20.3515,313.1
NORAD-46359,-42.3296,-92.0916,265.2
NORAD-46375,-50.6720,-90.7696,356.6
NORAD-46383,15.6219,10.3599,326.9
NORAD-46384,-33.8333,12.2784,387.0
NORAD-46396,68.1514,41.2730,502.7
NORAD-46406,11.1872,-81.5814,903.9
NORAD-46411,28.2102,-90.1123,657.4
NORAD-46413,1.9399,-125.5192,996.6
NORAD-46430,25.8876,37.1234,679.5
NORAD-46432,-23.1376,-127.1450,828.0
NORAD-46435,83.9950,140.6217,829.4
NORAD-46439,-41.2723,69.2717,894.2
NORAD-46440,-3.9081,102.8072,820.7
NORAD-46441,-76.1752,15.8149,796.2
NORAD-46443,-15.0482,-29.4003,812.3
NORAD-46444,-61.6749,-118.2969,766.9
NORAD-46449,-78.7508,160.0742,936.5
NORAD-46450,35.3269,-90.2115,1007.1
NORAD-46451,24.6966,81.1889,781.2
NORAD-46457,62.2191,115.0576,367.1
NORAD-46458,53.9308,-43.7331,374.1
NORAD-46459,-26.9175,-50.3729,362.5
NORAD-46460,18.8432,-47.9722,366.0
NORAD-46464,-10.0155,13.5841,35485.3
NORAD-46465,-32.5998,32.7511,1219.9
NORAD-46466,2.4769,-164.7673,1195.7
NORAD-46469,40.4191,-132.7068,956.3
NORAD-46470,60.9462,151.6537,802.7
NORAD-46471,-61.9394,-86.7758,934.0
NORAD-46472,-65.0461,-96.7519,926.0
NORAD-46478,-25.0398,-29.6962,651.0
NORAD-46479,11.3506,153.4541,648.6
NORAD-46480,-82.0951,-65.1162,365.4
NORAD-46484,-42.1391,136.5389,563.6
NORAD-46485,-10.5934,-176.9639,21016.0
NORAD-46486,67.5745,-110.9366,1487.3
NORAD-46487,-50.4473,58.7447,1518.4
NORAD-46488,-17.9432,-132.4318,1497.5
NORAD-46493,76.4398,-58.6106,455.4
NORAD-46494,-79.0288,138.7917,434.0
NORAD-46495,19.2996,77.2234,487.1
NORAD-46496,40.5088,-130.0862,476.8
NORAD-46497,8.0676,-108.4333,565.0
NORAD-46504,-19.4727,-97.3174,444.1
NORAD-46505,77.2947,-58.5049,438.5
NORAD-46506,-13.4994,79.7327,470.6
NORAD-46507,78.4445,-52.0540,427.1
NORAD-46524,-51.4754,32.1365,2902.6
NORAD-46535,37.6476,-45.9358,138.8
NORAD-46537,-2.5321,14.8042,366.2
NORAD-46538,-19.7189,-14.4735,282.6
NORAD-46553,-41.7892,59.9055,416.5
NORAD-46556,48.8072,-44.2080,333.4
NORAD-46557,40.0922,-52.6756,288.3
NORAD-46562,45.7102,-64.6555,338.8
NORAD-46563,-33.5650,29.8381,382.5
NORAD-46565,52.1805,-126.5923,248.4
NORAD-46567,-45.9513,25.0737,214.4
NORAD-46572,-39.6023,137.8783,240.9
NORAD-46582,-45.4766,43.3688,336.8
NORAD-46601,-3.4573,-87.8014,9315.2
NORAD-46602,13.4171,27.8082,31880.5
NORAD-46604,11.5790,66.1962,32154.0
NORAD-46606,12.9003,2.9223,25329.9
NORAD-46610,0.2736,118.4568,35615.9
NORAD-46619,-45.6255,-149.5849,2247.6
NORAD-46637,19.9404,46.1254,31889.2
NORAD-46638,20.0416,95.1324,30793.6
NORAD-46642,11.4144,88.6406,17263.1
NORAD-46647,-10.9736,6.1350,34230.6
NORAD-46656,7.9108,35.6135,19453.2
NORAD-46657,-6.3864,-118.3260,7627.1
NORAD-46660,13.0969,32.3193,31905.8
NORAD-46661,-9.7822,-117.7970,9173.1
NORAD-46665,-13.4283,-134.2507,9886.4
NORAD-46667,-13.4461,158.9265,20738.1
NORAD-46668,13.2529,18.7138,25085.2
NORAD-46674,45.7842,-34.7433,328.8
NORAD-46685,38.8512,-32.0496,336.2
NORAD-46687,11.6863,-125.1308,270.3
NORAD-46689,3.4457,-99.6553,285.2
NORAD-46698,-53.0180,169.0248,364.6
NORAD-46702,52.5847,33.7127,442.4
NORAD-46705,-13.9037,-76.7858,348.1
NORAD-46706,-36.4679,161.5230,479.5
NORAD-46709,31.9603,-44.6292,369.1
NORAD-46715,1.6454,-101.4694,279.7
NORAD-46718,-42.2871,154.5263,412.9
NORAD-46723,6.2993,38.3846,314.9
NORAD-46725,3.2831,-71.0832,357.6
NORAD-46727,-26.3543,-151.7195,329.7
NORAD-46734,-79.7459,7.8424,780.7
NORAD-46743,-32.1296,-44.0155,345.3
NORAD-46746,-46.6085,-92.2508,236.0
NORAD-46782,53.0140,49.1511,325.2
NORAD-46784,-44.3653,-94.5846,248.2
NORAD-46786,18.8688,-28.8495,351.2
NORAD-46794,-39.8547,-152.9764,355.6
NORAD-46796,49.5362,8.7219,237.9
NORAD-46805,56.9751,131.4634,19154.6
NORAD-46806,36.6772,108.5144,19498.7
NORAD-46807,-24.3266,-149.9928,566.5
NORAD-46808,33.9281,-35.9331,559.5
NORAD-46809,-5.7979,78.2589,561.0
NORAD-46810,33.5871,-81.5219,550.5
NORAD-46818,27.1138,-16.1054,244.9
NORAD-46826,-26.1034,-56.4523,19996.7
NORAD-46846,-8.5545,177.0310,11178.8
NORAD-46847,9.2834,70.5468,34066.0
NORAD-46848,6.5277,-28.9674,20381.7
NORAD-46852,-14.0787,174.6318,13671.9
NORAD-46857,3.5668,-18.1747,29367.5
NORAD-46865,12.7621,-2.8420,17624.4
NORAD-46869,11.7859,42.9490,31857.2
NORAD-46905,30.5915,77.7065,569.4
NORAD-46906,-24.3162,179.7211,491.5
NORAD-46907,-8.7647,57.9228,500.7
NORAD-46912,-35.5110,111.2815,498.1
NORAD-46913,34.7638,-28.3625,487.4
NORAD-46914,9.5293,33.7787,498.6
NORAD-46915,31.1281,160.4169,447.4
NORAD-46916,-0.7781,124.9365,35799.2
NORAD-46919,17.4464,-137.0317,10983.1
NORAD-46955,78.4162,134.0154,352.4
NORAD-46965,51.5966,-41.0765,697.1
NORAD-46971,-53.0438,-45.7614,542.7
NORAD-46972,6.6282,-154.6024,734.2
NORAD-46974,-26.9781,91.2090,689.9
NORAD-46979,32.4025,-152.1855,544.6
NORAD-46984,-55.0783,-144.7498,1345.6
NORAD-46986,38.2483,92.7756,725.8
NORAD-46987,-29.9713,-133.1319,761.0
NORAD-46989,-37.9421,56.6380,861.6
NORAD-46990,-67.5580,-65.6250,874.1
NORAD-46992,-76.3991,103.6039,866.2
NORAD-46993,-75.6926,-36.2921,1148.2
NORAD-46995,60.8487,-17.4650,1067.3
NORAD-46997,19.2762,114.2548,799.9
NORAD-47001,69.6280,129.7998,767.3
NORAD-47003,26.0932,-15.7307,1203.3
NORAD-47005,26.7226,179.1232,814.9
NORAD-47007,19.5708,104.8728,783.4
NORAD-47009,-67.9252,63.8846,1396.9
NORAD-47012,-63.2327,-38.5412,912.7
NORAD-47013,63.6703,-28.4331,842.4
NORAD-47015,-57.9710,-36.5739,545.7
NORAD-47025,21.9965,124.8577,716.1
NORAD-47029,-17.2803,117.4738,509.4
NORAD-47036,51.4572,108.5697,891.4
NORAD-47040,46.4051,-153.6554,865.5
NORAD-47041,54.2746,112.9436,501.2
NORAD-47042,0.8187,-17.3393,863.6
NORAD-47045,-54.7093,-126.2261,754.2
NORAD-47048,-46.2360,26.6229,807.3
NORAD-47051,69.0471,-122.0249,1260.6
NORAD-47052,-38.8586,-150.4615,751.3
NORAD-47053,-36.1533,11.8249,1314.3
NORAD-47059,18.5442,-129.6443,382.2
NORAD-47062,14.7629,2.0340,1232.2
NORAD-47068,72.1025,136.8591,721.6
NORAD-47069,56.9396,117.9621,602.9
NORAD-47073,-62.5827,69.7742,892.5
NORAD-47074,59.6869,-17.7404,861.2
NORAD-47078,79.8610,122.7950,1173.7
NORAD-47079,-48.9589,-170.6378,1183.7
NORAD-47080,0.9185,19.5665,816.3
NORAD-47081,53.4294,123.9217,1014.2
NORAD-47082,21.2085,-129.7535,1219.4
NORAD-47085,59.2125,-12.8591,1186.4
NORAD-47086,5.2568,-64.1009,827.7
NORAD-47087,-15.7214,7.9394,1132.2
NORAD-47088,3.5418,-126.2620,1144.3
NORAD-47089,-66.8945,-49.7750,1141.8
NORAD-47090,-41.1908,-11.2385,1164.2
NORAD-47091,-29.4017,20.8819,1188.0
NORAD-47092,-51.9776,150.6847,1100.5
NORAD-47096,-6.9520,-102.2314,12993.5
NORAD-47100,-55.3516,82.6284,763.4
NORAD-47101,-22.2659,144.6589,891.1
NORAD-47102,-23.3286,-173.9765,764.5
NORAD-47104,79.0556,57.4767,801.3
NORAD-47107,22.4017,-48.7246,1374.9
NORAD-47108,-29.0423,-137.4075,793.2
NORAD-47110,77.5686,160.0423,1385.9
NORAD-47111,30.3659,27.5454,1370.6
NORAD-47114,33.8805,-51.9873,1494.6
NORAD-47116,11.7008,-103.2137,544.7
NORAD-47122,48.2312,31.8901,348.0
NORAD-47126,-14.0837,-142.0113,510.5
NORAD-47135,28.7244,121.2386,344.7
NORAD-47143,-53.0214,-124.4857,363.3
NORAD-47157,42.5748,149.3465,451.0
NORAD-47158,-40.6329,-87.1493,318.8
NORAD-47161,25.6702,107.2767,242.4
NORAD-47171,-43.5396,-73.5753,359.3
NORAD-47178,-48.9447,-91.6860,338.4
NORAD-47179,-31.3452,-2.8170,468.9
NORAD-47186,76.7632,-133.5784,1139.0
NORAD-47202,-0.0467,90.8004,35798.8
NORAD-47212,53.9263,137.6112,648.9
NORAD-47226,-72.2187,176.0538,629.2
NORAD-47227,-77.0457,40.2938,1515.8
NORAD-47228,15.2950,-173.8463,1511.7
NORAD-47229,43.1464,-2.0935,1479.9
NORAD-47230,-75.9057,36.2310,1511.1
NORAD-47231,29.7645,-29.4737,493.1
NORAD-47234,19.9161,-140.1747,564.7
NORAD-47235,4.7286,176.7271,568.9
NORAD-47238,2.9688,-62.6383,37403.2
NORAD-47240,-0.0235,-85.1971,35794.7
NORAD-47241,-11.7508,-76.8239,864.2
NORAD-47242,4.8856,84.6091,37596.1
NORAD-47243,5.7917,0.9545,7956.4
NORAD-47245,9.6826,46.5287,23814.0
NORAD-47252,77.6088,-138.9443,1491.2
NORAD-47256,0.0477,82.9651,35791.8
NORAD-47257,8.1787,-136.3274,11618.5
NORAD-47258,-68.5732,-125.2665,1229.6
NORAD-47259,-71.3227,66.3400,1229.6
NORAD-47260,56.5191,56.8941,1214.4
NORAD-47261,-20.7495,-120.6992,1226.5
NORAD-47262,-15.5663,60.6834,1225.8
NORAD-47263,-55.4560,63.1484,1229.1
NORAD-47264,75.2445,-111.8859,1212.2
NORAD-47265,-44.6752,-121.9793,1228.6
NORAD-47266,-22.9125,60.9971,1226.7
NORAD-47267,-79.2466,71.2557,1229.5
NORAD-47268,-72.5229,-126.6062,1229.7
NORAD-47269,-52.6287,-122.6567,1229.0
NORAD-47270,-4.7354,-120.0677,1224.5
NORAD-47271,80.3309,47.6308,1212.3
NORAD-47272,2.5622,-119.7990,1223.4
NORAD-47273,16.4426,59.4829,1220.9
NORAD-47274,59.2617,-116.3352,1214.3
NORAD-47275,24.3978,59.1387,1218.8
NORAD-47276,27.2382,-118.8262,1219.2
NORAD-47277,43.2563,-117.9106,1216.5
NORAD-47278,-86.6797,99.4517,1229.7
NORAD-47279,-8.2119,60.3900,1224.8
NORAD-47280,-28.6890,-121.0695,1227.6
NORAD-47281,72.4249,53.4357,1212.7
NORAD-47282,19.2593,-119.1774,1220.8
NORAD-47283,-39.4952,61.8334,1228.3
NORAD-47284,-36.6927,-121.4680,1228.2
NORAD-47285,49.1332,57.6529,1215.3
NORAD-47286,-12.7353,-120.3963,1225.6
NORAD-47287,47.7936,57.7615,1215.6
NORAD-47288,-6.8630,60.3585,1224.8
NORAD-47289,40.4509,58.3082,1216.7
NORAD-47290,-84.2057,-141.1590,1229.9
NORAD-47291,51.2668,-117.2665,1215.1
NORAD-47292,67.2538,-114.8715,1213.4
NORAD-47293,-47.4599,62.3762,1228.6
NORAD-47302,-23.6328,-39.3545,710.6
NORAD-47303,-50.9466,-25.0786,693.0
NORAD-47304,-37.9523,120.6354,529.8
NORAD-47306,0.0383,30.9363,35791.7
NORAD-47307,-14.4867,-34.0733,30724.3
NORAD-47321,-0.8371,81.5663,35791.6
NORAD-47330,-50.6060,-13.6181,1378.6
NORAD-47332,49.5007,108.5808,1677.5
NORAD-47336,-3.3018,-14.3399,1815.0
NORAD-47337,28.0244,-41.9683,1569.4
NORAD-47346,24.1268,134.4476,1201.7
NORAD-47347,-82.1513,-46.7183,562.8
NORAD-47351,38.9924,129.2658,472.1
NORAD-47352,50.9776,-116.7317,470.1
NORAD-47353,3.3605,-103.6389,478.1
NORAD-47354,53.0874,-164.4071,470.0
NORAD-47355,-49.1516,29.0863,483.3
NORAD-47356,-1.6862,113.9414,479.0
NORAD-47357,45.5110,-169.1307,471.2
NORAD-47358,50.7836,-177.6105,468.9
NORAD-47361,15.5462,127.7025,476.4
NORAD-47362,-47.0506,85.6883,463.0
NORAD-47366,53.1292,-127.8078,470.0
NORAD-47367,-53.1323,52.1980,483.4
NORAD-47368,29.1563,165.4643,474.3
NORAD-47371,7.1518,149.9830,477.8
NORAD-47373,-9.5792,133.4565,479.9
NORAD-47374,-16.7006,-87.3463,201.9
NORAD-47375,-11.0263,-30.8435,480.2
NORAD-47376,9.5106,-46.4503,477.3
NORAD-47377,-14.7704,133.1186,480.3
NORAD-47378,-20.4987,-71.3161,481.4
NORAD-47379,19.7387,-103.8314,475.4
NORAD-47380,-44.6627,37.2111,324.4
NORAD-47381,42.4420,-107.6374,471.5
NORAD-47382,-7.5749,-69.5040,479.8
NORAD-47383,3.7367,94.3887,460.6
NORAD-47384,-15.6091,-52.2510,481.0
NORAD-47385,-50.5824,1.1511,483.0
NORAD-47386,-52.6446,36.4975,483.5
NORAD-47388,13.1385,-45.5635,477.1
NORAD-47389,26.9990,-87.5288,472.2
NORAD-47390,-47.8987,88.5067,483.0
NORAD-47391,48.2692,-111.6085,529.3
NORAD-47392,52.9241,143.8745,290.4
NORAD-47397,-35.9717,107.2799,468.0
NORAD-47399,51.7652,-137.1788,470.3
NORAD-47400,38.3060,-124.5579,472.0
NORAD-47401,-18.7528,-50.0597,481.2
NORAD-47404,-42.0065,-80.8066,297.0
NORAD-47405,29.1929,-64.1047,473.8
NORAD-47407,35.0509,148.7673,472.8
NORAD-47408,18.5418,129.9875,475.6
NORAD-47423,52.9838,-48.0401,456.1
NORAD-47424,-37.8259,-64.3495,477.3
NORAD-47430,-81.2385,-158.4047,115.4
NORAD-47435,72.2147,-26.7532,420.9
NORAD-47436,-15.0670,-64.2347,477.5
NORAD-47437,58.4556,-51.5419,467.6
NORAD-47448,-28.0305,-57.4283,454.0
NORAD-47486,32.7580,-58.6151,468.9
NORAD-47502,-68.3581,-78.6413,478.0
NORAD-47504,-42.6241,84.1909,450.0
NORAD-47505,-55.9293,-70.1239,476.2
NORAD-47508,-82.0501,-126.1605,479.0
NORAD-47509,75.6255,93.3880,448.1
NORAD-47532,60.1332,56.9399,1053.5
NORAD-47533,60.0746,55.7071,1052.9
NORAD-47534,-16.1132,-167.8354,1230.1
NORAD-47535,-43.7330,-143.8402,1190.6
NORAD-47536,60.5078,57.5728,1055.1
NORAD-47537,-42.8598,6.9929,1166.6
NORAD-47546,53.6254,-14.6499,908.7
NORAD-47555,-9.8949,-89.9942,449.0
NORAD-47563,-52.9945,-56.9983,260.8
NORAD-47568,-33.2446,15.5229,302.4
NORAD-47589,28.6335,71.3812,313.5
NORAD-47590,-22.6349,-96.9674,327.7
NORAD-47592,-47.2492,-20.1480,209.2
NORAD-47596,-16.4424,60.0634,351.4
NORAD-47604,-40.0007,-130.5717,184.0
NORAD-47613,0.0566,178.4937,35806.3
NORAD-47621,-28.2449,111.7640,428.2
NORAD-47625,2.8729,123.4920,370.1
NORAD-47627,-22.5821,1.7242,368.8
NORAD-47628,-44.7588,11.2563,483.2
NORAD-47630,-52.0350,21.7112,483.6
NORAD-47632,-24.4850,-109.0993,481.3
NORAD-47638,34.0825,-160.9995,457.1
NORAD-47641,27.8382,142.9355,312.1
NORAD-47648,36.5002,-85.9291,472.4
NORAD-47649,-34.3536,20.1240,287.1
NORAD-47650,42.0233,-99.6838,439.7
NORAD-47652,15.3324,-67.1576,360.4
NORAD-47655,-8.0588,-30.6252,479.6
NORAD-47656,17.7271,-66.1074,475.5
NORAD-47657,-25.1572,92.6193,326.9
NORAD-47676,-43.1157,-169.7376,321.5
NORAD-47691,-22.2849,-117.2195,1221.4
NORAD-47692,-24.7152,49.8657,991.7
NORAD-47693,-22.3691,-116.3716,1221.8
NORAD-47694,18.6647,69.2257,975.4
NORAD-47695,-23.1838,-116.8291,1220.8
NORAD-47696,61.8846,-77.1248,954.9
NORAD-47697,29.1172,100.1031,1006.3
NORAD-47699,66.0437,128.9440,755.5
NORAD-47700,46.0826,103.1146,451.5
NORAD-47713,-21.2735,129.8287,2936.0
NORAD-47719,49.3014,-16.1350,26321.4
NORAD-47720,-17.0854,128.6955,3073.7
NORAD-47722,-34.3313,120.0429,482.4
NORAD-47723,23.6520,-135.8945,475.0
NORAD-47728,23.8713,-68.9454,369.5
NORAD-47730,53.0860,21.5870,470.0
NORAD-47731,-7.8709,-110.8711,296.0
NORAD-47733,31.2666,87.8436,473.1
NORAD-47734,37.2756,67.3385,471.3
NORAD-47736,30.4532,-59.3207,431.6
NORAD-47739,16.0794,104.9628,476.2
NORAD-47742,29.7570,67.0079,473.9
NORAD-47745,20.6747,67.6345,348.8
NORAD-47746,-7.0339,-90.7267,430.6
NORAD-47747,9.8640,84.6339,476.8
NORAD-47748,-29.2594,85.9527,276.6
NORAD-47749,46.1757,18.3812,314.9
NORAD-47750,53.1352,2.7344,470.1
NORAD-47752,-10.7898,91.3563,345.1
NORAD-47753,21.8447,-60.3708,475.2
NORAD-47760,8.5748,-58.5683,477.5
NORAD-47762,-3.8368,93.3772,345.7
NORAD-47767,-30.7493,115.9835,371.6
NORAD-47770,-1.6919,103.4194,479.0
NORAD-47771,18.6291,87.4452,475.8
NORAD-47772,-12.2841,-73.8569,480.4
NORAD-47773,-31.4188,-92.2891,482.5
NORAD-47776,32.1968,-67.8788,334.4
NORAD-47778,7.6750,-82.7323,415.6
NORAD-47780,-37.4732,-113.0119,483.1
NORAD-47787,52.1303,69.3408,470.3
NORAD-47788,-37.8827,150.0158,454.3
NORAD-47789,-4.1529,140.6634,479.4
NORAD-47790,45.1222,-16.2352,471.1
NORAD-47791,-37.9325,176.9119,482.7
NORAD-47792,-41.9440,179.7313,483.0
NORAD-47793,16.1970,124.7968,476.0
NORAD-47796,8.4020,130.2105,464.2
NORAD-47797,43.3897,18.7538,471.4
NORAD-47798,41.8731,-0.3981,471.7
NORAD-47799,-29.1204,-74.3090,482.0
NORAD-47800,4.1520,-39.5911,478.0
NORAD-47802,33.7231,124.0756,473.1
NORAD-47804,47.3883,2.9938,471.1
NORAD-47805,20.9137,-21.8954,498.3
NORAD-47806,19.1743,-23.6724,475.6
NORAD-47807,28.4001,-41.1518,474.0
NORAD-47808,51.4564,31.1121,470.3
NORAD-47810,-52.8101,-124.8990,483.3
NORAD-47814,-39.5696,-77.2284,483.0
NORAD-47815,-21.2918,-56.0619,481.4
NORAD-47816,-50.0269,-87.0104,483.2
NORAD-47817,1.1257,140.5176,478.5
NORAD-47818,-49.8475,-164.4841,350.0
NORAD-47819,-19.2962,156.4922,481.3
NORAD-47821,21.2474,124.2001,475.3
NORAD-47822,-26.3018,175.2716,481.6
NORAD-47823,-36.1992,-56.9882,482.6
NORAD-47824,42.6284,20.5457,475.7
NORAD-47825,-1.1362,-39.7814,478.9
NORAD-47826,50.2677,28.0372,470.2
NORAD-47827,-51.0530,-107.2269,483.5
NORAD-47828,-6.3687,158.3374,479.7
NORAD-47830,-48.5729,-84.3155,483.5
NORAD-47831,38.2083,104.7582,472.2
NORAD-47832,40.7952,103.6233,471.9
NORAD-47833,-52.9621,-121.9785,483.4
NORAD-47834,-52.0037,-110.3980,483.4
NORAD-47836,-50.3810,-151.8543,483.4
NORAD-47837,2.5811,-40.8052,478.4
NORAD-47838,36.4521,-2.3917,472.7
NORAD-47839,-47.2135,-118.8966,483.3
NORAD-47840,-16.4105,-55.3079,481.0
NORAD-47841,52.4656,34.6781,470.1
NORAD-47843,52.8463,55.1430,469.9
NORAD-47844,30.8069,-9.4152,469.5
NORAD-47845,49.4504,95.6682,470.5
NORAD-47851,-12.2160,147.8546,35780.7
NORAD-47854,-47.5568,-35.7029,1175.6
NORAD-47855,31.5000,140.8285,991.5
NORAD-47856,-46.8788,-35.7883,1177.4
NORAD-47857,-46.6986,-36.7244,1177.6
NORAD-47858,-10.0673,107.6073,1235.8
NORAD-47859,36.4090,140.9469,995.0
NORAD-47861,15.9121,144.2085,476.1
NORAD-47862,52.6884,62.6537,350.3
NORAD-47870,20.4901,162.9474,475.3
NORAD-47873,-33.6108,-56.2314,482.4
NORAD-47874,44.8884,-19.0199,448.2
NORAD-47879,49.4060,102.8996,342.4
NORAD-47883,35.3837,-4.4155,317.0
NORAD-47884,38.7843,142.2074,471.9
NORAD-47887,38.5155,35.8440,472.3
NORAD-47894,38.9218,128.4208,460.9
NORAD-47895,44.1092,119.7688,471.4
NORAD-47896,-51.3457,-70.4156,483.5
NORAD-47898,-13.3799,176.5943,480.5
NORAD-47901,51.2146,81.6531,442.7
NORAD-47903,18.2943,96.1014,249.3
NORAD-47904,6.2814,-21.7732,477.6
NORAD-47907,-0.3676,-0.9236,478.7
NORAD-47910,-47.9518,-137.4166,483.3
NORAD-47911,20.0347,15.0838,475.4
NORAD-47916,-14.3726,-37.4204,480.8
NORAD-47919,0.1102,179.1098,478.8
NORAD-47932,-67.0591,-11.1995,518.9
NORAD-47933,-42.6625,131.6017,579.0
NORAD-47934,-68.1810,-21.9959,575.7
NORAD-47935,47.2210,148.1304,577.2
NORAD-47936,20.7543,141.7660,578.3
NORAD-47937,-18.0324,-20.8888,475.1
NORAD-47945,3.0957,161.4946,458.8
NORAD-47947,-53.1724,121.0249,559.4
NORAD-47953,23.4449,177.2714,342.5
NORAD-47971,25.2973,-151.4539,428.3
NORAD-47974,55.5682,-14.7719,730.8
NORAD-47975,-17.0765,-48.0814,781.4
NORAD-47978,-4.6375,-125.8964,479.2
NORAD-47981,-26.0391,-107.8317,481.6
NORAD-47993,-51.2020,-65.5163,368.1
NORAD-47997,26.3955,-176.8464,473.8
NORAD-48000,27.9388,111.4235,437.4
NORAD-48009,-29.2047,-127.5839,481.9
NORAD-48010,16.3786,-141.8233,475.7
NORAD-48019,48.2201,82.1470,470.4
NORAD-48022,10.5777,46.8010,402.8
NORAD-48023,8.3944,-142.4362,439.7
NORAD-48029,53.0928,124.5972,333.7
NORAD-48042,28.9632,28.4925,1214.7
NORAD-48043,86.2559,-116.1999,1208.2
NORAD-48044,-11.0908,30.0696,1221.2
NORAD-48045,-27.0404,30.7297,1222.9
NORAD-48046,22.7004,-149.4675,1216.1
NORAD-48047,44.9522,27.5441,1211.9
NORAD-48048,52.9646,26.8552,1210.6
NORAD-48049,-57.1379,-153.6010,1225.4
NORAD-48050,-31.2132,30.8444,1221.9
NORAD-48051,76.8888,20.5702,1208.2
NORAD-48052,62.7128,-146.2636,1209.6
NORAD-48053,-3.1107,29.7693,1220.1
NORAD-48054,14.8137,-149.7914,1217.6
NORAD-48055,-74.7958,37.4255,1225.9
NORAD-48056,7.3965,-150.0690,1218.6
NORAD-48057,-25.1863,-151.3356,1223.3
NORAD-48058,-50.9583,32.2542,1225.0
NORAD-48059,46.7911,-148.0946,1211.5
NORAD-48060,-33.1430,-151.7145,1223.6
NORAD-48061,38.7919,-148.6528,1213.2
NORAD-48062,78.6925,-139.7672,1208.2
NORAD-48063,12.9095,29.1734,1217.5
NORAD-48064,34.7382,-148.8759,1214.3
NORAD-48065,-72.9985,-157.2620,1225.8
NORAD-48066,-80.8144,-163.4795,1225.8
NORAD-48067,-58.9976,33.1598,1224.8
NORAD-48068,-49.0923,-152.7740,1225.0
NORAD-48069,-9.2008,-150.6846,1221.5
NORAD-48070,4.8995,29.4836,1218.8
NORAD-48071,-87.6974,143.6371,1225.9
NORAD-48072,-1.1761,-150.3899,1220.0
NORAD-48073,-35.0451,31.1151,1223.6
NORAD-48074,20.9358,28.8522,1216.1
NORAD-48075,70.0664,-144.5179,1208.9
NORAD-48076,-82.6616,46.2200,1225.7
NORAD-48077,68.9185,24.1875,1208.8
NORAD-48079,82.0008,-16.9572,627.3
NORAD-48080,-66.5872,-71.2232,532.2
NORAD-48086,-8.6275,-167.6920,1227.6
NORAD-48087,39.7737,97.2612,1066.3
NORAD-48088,-14.9982,110.0530,1524.1
NORAD-48093,-7.4573,-132.4671,479.9
NORAD-48094,51.5500,-45.2673,470.2
NORAD-48095,-1.1189,64.5356,478.8
NORAD-48096,-39.5620,102.1095,482.0
NORAD-48097,-52.5862,152.6047,483.4
NORAD-48098,44.1833,6.3915,471.2
NORAD-48099,37.1678,-79.3336,472.4
NORAD-48100,-14.6164,61.9876,480.9
NORAD-48101,47.8142,-70.9010,470.8
NORAD-48104,14.2986,-117.9664,476.5
NORAD-48105,45.9003,-129.8327,470.4
NORAD-48106,52.5541,-27.3269,470.2
NORAD-48107,-43.3844,-174.1013,482.9
NORAD-48111,52.1235,-57.0749,435.6
NORAD-48112,38.3622,-77.5883,472.4
NORAD-48113,1.0085,-115.7111,478.7
NORAD-48115,-52.9860,149.2048,483.4
NORAD-48116,50.9804,-3.6037,470.3
NORAD-48117,4.3981,47.4171,478.4
NORAD-48119,5.7948,46.2838,477.8
NORAD-48120,51.4229,-8.8529,435.9
NORAD-48121,52.9876,-30.7627,470.1
NORAD-48123,25.9609,29.4428,474.5
NORAD-48124,32.5246,-98.2441,473.3
NORAD-48125,37.8839,28.1367,471.9
NORAD-48126,35.0166,-97.6147,473.0
NORAD-48127,22.7513,-98.0486,474.9
NORAD-48128,-17.3474,18.7355,489.5
NORAD-48129,-19.4774,-131.5794,481.1
NORAD-48130,-51.4433,176.2581,483.2
NORAD-48131,-48.5417,109.1511,483.3
NORAD-48132,-50.5763,131.7779,483.3
NORAD-48133,19.2001,48.4902,475.4
NORAD-48134,-37.8129,-152.1005,482.9
NORAD-48135,-37.2247,100.9113,482.6
NORAD-48136,21.2173,-99.3062,475.5
NORAD-48137,-46.8443,106.6729,483.4
NORAD-48138,-40.1963,-153.3139,483.3
NORAD-48139,24.5740,30.9151,474.2
NORAD-48140,-51.5839,134.8700,483.2
NORAD-48142,-4.9190,-132.4207,479.4
NORAD-48143,-33.2284,25.3773,453.6
NORAD-48144,-49.3782,111.6625,483.4
NORAD-48148,-21.2385,80.8888,481.3
NORAD-48149,42.3024,8.1654,471.4
NORAD-48150,-15.8737,63.2994,480.8
NORAD-48151,-33.7159,80.9208,483.4
NORAD-48157,12.8030,-87.8702,997.2
NORAD-48158,79.6411,87.6628,860.1
NORAD-48162,81.1682,-42.4555,762.6
NORAD-48165,72.5626,-6.5406,615.4
NORAD-48166,-8.1262,92.9069,685.0
NORAD-48167,-2.5933,85.7870,659.3
NORAD-48175,-50.4417,-130.3990,701.6
NORAD-48178,-58.1393,107.7965,728.8
NORAD-48179,75.2135,86.1915,727.8
NORAD-48181,40.1669,-71.1736,390.7
NORAD-48183,-56.5005,93.4752,717.6
NORAD-48184,-26.4368,81.5987,736.0
NORAD-48210,-12.5432,-0.4014,1217.4
NORAD-48211,-40.1568,177.3563,1221.0
NORAD-48212,-85.4733,23.3814,737.8
NORAD-48213,-55.1449,176.1066,1221.7
NORAD-48214,-19.9965,-0.1066,1217.8
NORAD-48215,-72.3301,5.7662,1221.9
NORAD-48216,-33.3634,177.7543,1220.4
NORAD-48217,-86.6718,38.3018,1222.0
NORAD-48218,12.2570,179.5949,1214.0
NORAD-48219,47.4598,-3.1594,1207.6
NORAD-48220,8.5308,179.4459,1214.4
NORAD-48221,76.7549,-9.8373,1204.1
NORAD-48222,-64.8580,3.6251,1221.5
NORAD-48223,-17.6935,178.4558,1218.5
NORAD-48224,72.1982,-174.2918,1204.7
NORAD-48225,-87.5870,118.4692,1221.9
NORAD-48226,27.2669,-179.7872,1211.2
NORAD-48227,24.9156,-1.8480,1211.4
NORAD-48228,2.4646,-0.9538,1215.4
NORAD-48229,54.9830,-3.8756,1206.3
NORAD-48230,-49.9977,1.6655,1220.9
NORAD-48231,49.8027,-178.3526,1207.4
NORAD-48232,-42.5194,1.0599,1220.6
NORAD-48233,86.6091,-142.5323,1203.8
NORAD-48234,17.4471,-1.5317,1212.9
NORAD-48235,-27.6120,0.2328,1219.0
NORAD-48236,-31.9905,177.8015,1219.8
NORAD-48237,64.7410,-176.3962,1205.6
NORAD-48238,-10.2169,178.7502,1217.5
NORAD-48239,-62.6925,175.0518,1221.6
NORAD-48240,45.9996,-178.6898,1208.0
NORAD-48241,78.0118,-10.8187,1204.1
NORAD-48242,-16.3060,-0.2535,1218.1
NORAD-48243,-77.4065,169.6730,1222.0
NORAD-48244,84.6595,-24.0084,1203.9
NORAD-48245,19.7583,179.8842,1212.8
NORAD-48260,-3.7436,74.8693,4177.1
NORAD-48261,0.3047,-125.1650,4481.4
NORAD-48262,63.6755,-20.7958,36061.5
NORAD-48265,38.7650,-22.2326,15486.5
NORAD-48266,-38.8822,144.2904,26385.2
NORAD-48267,47.7743,-95.5921,973.1
NORAD-48268,20.2169,147.6219,630.9
NORAD-48269,-16.1878,-27.5108,470.0
NORAD-48270,-45.7298,138.3988,571.5
NORAD-48271,-49.5222,-54.3098,559.7
NORAD-48272,62.8761,-32.1259,553.8
NORAD-48273,-53.4176,-26.2897,370.7
NORAD-48274,-11.3760,107.9653,396.3
NORAD-48276,3.0830,131.4769,478.4
NORAD-48277,43.2264,-133.8119,467.7
NORAD-48278,-11.8221,-68.3494,480.3
NORAD-48280,53.0816,-94.3102,470.1
NORAD-48282,35.3077,-174.2560,472.9
NORAD-48283,52.4245,-103.4210,470.0
NORAD-48284,-16.2821,-13.2367,481.7
NORAD-48286,41.8136,-68.4295,470.8
NORAD-48287,-52.9423,72.9109,483.5
NORAD-48289,36.4381,-172.4740,472.5
NORAD-48291,-7.0488,150.7283,479.8
NORAD-48292,-4.0520,150.4408,479.4
NORAD-48293,-52.4419,76.4885,483.4
NORAD-48294,-24.2706,133.8339,481.7
NORAD-48295,-49.5455,35.3134,483.3
NORAD-48298,-24.8871,-7.0943,468.1
NORAD-48299,49.5850,-144.7223,470.5
NORAD-48300,2.9788,168.6290,479.0
NORAD-48301,-1.3316,-9.5929,478.9
NORAD-48303,-50.1314,102.8201,483.3
NORAD-48304,-44.5420,129.5967,483.2
NORAD-48305,12.2679,-172.8955,476.8
NORAD-48306,-53.0386,92.1934,483.4
NORAD-48309,17.7587,-26.7720,475.7
NORAD-48310,-37.2734,24.4510,482.6
NORAD-48311,-36.5505,133.1324,482.6
NORAD-48312,50.0932,-77.0503,469.9
NORAD-48314,-39.8969,27.9375,482.7
NORAD-48315,27.6248,-25.9356,474.2
NORAD-48316,7.7156,-8.6735,477.8
NORAD-48317,-17.4979,152.7417,480.8
NORAD-48318,10.9251,-8.2227,477.3
NORAD-48319,-29.7346,24.7271,482.4
NORAD-48320,44.8241,-132.1508,471.4
NORAD-48321,-46.3270,127.5612,483.3
NORAD-48323,-10.6089,171.2066,480.2
NORAD-48325,-30.2958,153.4295,482.1
NORAD-48326,8.4728,-174.2485,477.8
NORAD-48327,28.2397,-156.9147,474.1
NORAD-48328,46.2186,-52.2575,471.4
NORAD-48329,31.3639,-27.9776,473.6
NORAD-48330,-53.0705,85.6274,483.4
NORAD-48331,41.8544,-42.8709,465.9
NORAD-48333,-8.6240,5.7978,480.1
NORAD-48334,-28.4061,23.1799,482.1
NORAD-48340,38.7196,23.1668,1073.0
NORAD-48341,31.0330,46.0687,1166.0
NORAD-48343,-0.4695,37.4096,22775.4
NORAD-48347,4.2071,25.1282,14463.2
NORAD-48349,25.5654,61.1431,10587.2
NORAD-48352,3.6680,115.8132,11247.2
NORAD-48353,-2.1503,74.7550,478.9
NORAD-48354,-22.4131,58.4364,481.6
NORAD-48355,37.0101,110.7602,472.4
NORAD-48356,-51.9810,3.0994,483.4
NORAD-48357,50.4533,141.6299,470.6
NORAD-48358,51.9277,-176.8141,470.0
NORAD-48359,-40.5426,36.8133,482.7
NORAD-48360,40.3062,-143.1048,471.9
NORAD-48361,22.2211,-121.4615,475.3
NORAD-48362,18.2767,90.7025,475.9
NORAD-48364,9.9887,73.6177,478.0
NORAD-48365,53.1356,155.3579,470.0
NORAD-48367,-30.9175,-89.6898,482.4
NORAD-48368,-30.5350,40.3553,482.3
NORAD-48370,29.6497,91.2557,473.6
NORAD-48371,-10.6683,58.0102,480.6
NORAD-48373,-53.1227,-24.2657,484.0
NORAD-48374,46.3022,-165.6724,470.9
NORAD-48375,47.2159,-168.0697,470.7
NORAD-48376,-41.1111,-82.6236,371.2
NORAD-48377,30.1699,-139.7460,473.6
NORAD-48378,45.8587,116.8372,470.9
NORAD-48379,-46.6766,-63.3628,483.6
NORAD-48380,-11.2791,-107.5403,480.0
NORAD-48381,-46.5478,14.2747,483.4
NORAD-48382,-44.9757,-65.4595,482.8
NORAD-48385,9.2215,-123.3383,477.1
NORAD-48386,-44.4654,16.3836,483.6
NORAD-48388,-53.0233,-21.1558,483.7
NORAD-48390,-52.4882,-51.5010,483.6
NORAD-48391,48.8630,172.1226,470.3
NORAD-48392,4.2172,53.9520,478.2
NORAD-48395,-50.1117,-10.6271,483.7
NORAD-48396,52.5257,128.7092,469.6
NORAD-48397,24.3722,70.7275,474.7
NORAD-48398,-17.2273,-99.9190,512.6
NORAD-48399,49.4402,169.6364,470.1
NORAD-48400,-16.3580,38.3831,480.9
NORAD-48401,33.9324,-159.1709,472.8
NORAD-48404,35.1174,-160.9155,472.5
NORAD-48405,41.8845,93.3264,471.5
NORAD-48406,-40.7389,-85.6996,482.9
NORAD-48408,-35.4846,19.0760,482.5
NORAD-48410,-22.6230,-146.9904,481.7
NORAD-48411,-48.1671,-44.7946,483.5
NORAD-48412,52.0012,88.3541,470.0
NORAD-48417,53.6156,-58.9059,611.0
NORAD-48418,-4.2954,24.4846,3247.6
NORAD-48419,5.9383,140.8838,872.5
NORAD-48422,-4.4215,-164.3582,4233.1
NORAD-48423,25.6872,-125.9166,562.7
NORAD-48424,3.9881,4.3639,566.5
NORAD-48425,-32.5980,123.6918,566.6
NORAD-48426,33.5636,-128.1041,528.4
NORAD-48427,-27.3790,-89.4875,321.8
NORAD-48428,-32.1930,-131.2019,482.6
NORAD-48431,-42.3336,-172.0409,482.7
NORAD-48432,-24.8659,-149.1906,481.7
NORAD-48433,-35.0245,82.5438,482.8
NORAD-48434,-26.1478,-150.5868,481.9
NORAD-48435,52.1094,-42.0452,469.7
NORAD-48436,-29.3730,101.3397,482.0
NORAD-48437,25.3786,68.4464,475.1
NORAD-48438,-28.0098,99.9454,482.1
NORAD-48439,31.9116,48.7899,473.2
NORAD-48440,-47.4026,-158.2722,483.2
NORAD-48441,-53.0548,161.8872,483.2
NORAD-48442,-40.4160,111.9570,435.5
NORAD-48443,8.1207,-97.5351,477.5
NORAD-48444,-12.4429,-113.1114,480.5
NORAD-48445,28.0277,-80.1309,474.3
NORAD-48449,53.0611,-18.0211,470.1
NORAD-48452,47.3672,21.8289,470.7
NORAD-48453,12.2571,66.9586,476.9
NORAD-48454,-8.2936,82.5956,480.0
NORAD-48455,44.6608,-55.5764,471.3
NORAD-48458,43.4726,-57.7079,471.4
NORAD-48459,-44.7705,124.4411,483.0
NORAD-48460,24.7064,-164.0220,317.6
NORAD-48462,48.9531,-31.2684,469.2
NORAD-48464,-43.9509,-136.8614,483.6
NORAD-48465,-31.5705,-135.6386,352.9
NORAD-48466,-5.5333,-94.8208,479.6
NORAD-48467,-52.6902,-170.4533,484.4
NORAD-48468,5.4631,85.4904,477.9
NORAD-48469,-15.1162,101.0965,480.6
NORAD-48470,-42.8576,-134.8045,483.0
NORAD-48471,-25.4175,-111.5887,481.4
NORAD-48472,-52.0487,-149.5524,540.5
NORAD-48473,-48.9479,148.6515,483.3
NORAD-48474,33.8009,-59.8842,473.1
NORAD-48478,42.8510,45.2999,471.1
NORAD-48479,14.8232,-78.9328,476.3
NORAD-48481,-46.5162,143.9522,484.3
NORAD-48482,30.0578,-62.1461,473.8
NORAD-48483,-29.8829,-113.1952,482.2
NORAD-48485,45.8973,41.2924,471.2
NORAD-48487,-53.1394,-177.3286,483.9
NORAD-48518,-66.8052,-154.0393,779.3
NORAD-48531,-22.8307,170.9908,16903.4
NORAD-48532,26.8363,-34.6015,24130.4
NORAD-48535,18.0425,145.2955,7934.5
NORAD-48541,-56.2182,13.7189,4264.9
NORAD-48544,-20.1252,28.2040,12544.0
NORAD-48545,17.5331,-49.1077,12075.4
NORAD-48550,-6.0335,-99.0128,7881.6
NORAD-48551,59.7830,-68.1265,680.6
NORAD-48553,-35.9108,172.1571,482.5
NORAD-48554,-16.8980,-168.2282,481.0
NORAD-48555,-51.5694,156.2950,483.3
NORAD-48556,-33.7565,-169.3950,481.9
NORAD-48557,35.8103,-7.6560,472.9
NORAD-48558,16.8845,11.9256,476.3
NORAD-48562,-9.9726,21.3992,369.6
NORAD-48563,-41.4998,66.5062,483.2
NORAD-48564,-49.8264,142.3145,483.2
NORAD-48566,-39.4030,-170.8728,482.9
NORAD-48568,-3.3975,27.9298,479.4
NORAD-48569,-52.3275,101.1070,483.6
NORAD-48571,12.6909,28.0668,476.7
NORAD-48572,50.9330,-65.3773,470.4
NORAD-48573,52.2539,-78.8406,470.1
NORAD-48574,53.1397,-91.2002,470.0
NORAD-48575,-23.2401,5.2328,481.6
NORAD-48576,30.0928,-26.4527,473.9
NORAD-48577,3.4088,-152.2952,478.4
NORAD-48578,-23.7767,44.2606,481.7
NORAD-48580,9.9024,-173.2347,477.2
NORAD-48581,5.3242,-173.9079,478.0
NORAD-48582,-51.5119,110.6073,446.2
NORAD-48583,-0.9482,-133.4916,478.9
NORAD-48586,21.0479,30.3905,475.5
NORAD-48589,49.8225,-37.5902,470.5
NORAD-48593,-7.5296,43.8286,479.7
NORAD-48594,19.9697,-2.4787,482.7
NORAD-48595,19.4612,-117.4987,475.8
NORAD-48596,7.5278,-136.5376,477.5
NORAD-48597,-12.8711,-152.1178,480.2
NORAD-48602,15.4483,-155.9787,476.2
NORAD-48603,-20.1150,177.3907,488.0
NORAD-48604,-21.2031,-149.7504,481.2
NORAD-48606,-7.4418,33.0097,485.7
NORAD-48607,-51.8405,-135.5680,566.1
NORAD-48608,-17.9374,111.0737,528.2
NORAD-48609,27.2720,-65.1889,535.3
NORAD-48610,38.7377,-66.7512,524.3
NORAD-48611,-11.9591,71.3189,709.4
NORAD-48616,-74.4653,-150.5975,711.3
NORAD-48618,-4.0121,93.7155,35794.5
NORAD-48621,-39.0267,0.1834,958.5
NORAD-48622,31.0006,-84.0072,932.3
NORAD-48623,-65.9242,31.2947,919.1
NORAD-48624,49.4164,-100.6826,742.7
NORAD-48625,7.2299,-63.8714,908.7
NORAD-48639,52.6201,-66.8245,469.9
NORAD-48640,-42.5421,148.5761,482.7
NORAD-48641,3.4918,9.6967,478.1
NORAD-48642,4.9248,8.4636,478.0
NORAD-48643,-41.4407,150.6607,482.7
NORAD-48644,-35.8436,45.0715,482.4
NORAD-48646,-3.4121,-170.4474,479.1
NORAD-48648,-23.7181,173.0029,481.5
NORAD-48649,49.8945,-105.0647,470.3
NORAD-48650,16.9533,-154.6072,475.7
NORAD-48651,35.8879,-134.9744,472.6
NORAD-48652,-50.2503,51.0061,343.5
NORAD-48653,41.4116,-29.2942,472.6
NORAD-48655,52.3267,-63.9416,470.0
NORAD-48656,-17.0344,25.3518,480.8
NORAD-48657,23.6649,-6.9945,474.8
NORAD-48658,-52.3923,115.9903,483.2
NORAD-48659,-49.8683,74.8760,483.5
NORAD-48662,-34.6683,161.9874,488.9
NORAD-48663,-48.9420,122.7341,483.7
NORAD-48666,52.8452,-85.0687,476.8
NORAD-48667,29.3524,-141.8676,480.7
NORAD-48668,-34.3879,151.3102,482.5
NORAD-48669,-52.6944,82.0251,483.3
NORAD-48670,-25.2950,23.1839,481.9
NORAD-48671,50.1677,-102.7006,477.1
NORAD-48672,-5.2058,6.4668,479.6
NORAD-48673,42.1513,-29.5020,478.6
NORAD-48674,32.8961,-15.7276,480.1
NORAD-48676,6.2148,8.6039,484.6
NORAD-48678,-42.8825,46.1573,483.0
NORAD-48679,-53.1416,103.3319,490.3
NORAD-48681,24.2214,-45.8517,474.4
NORAD-48682,53.0463,-131.5423,469.7
NORAD-48683,31.9420,-64.4380,473.2
NORAD-48684,14.8337,167.6013,476.5
NORAD-48685,47.4167,-91.5325,471.1
NORAD-48686,22.7893,-44.7541,474.1
NORAD-48687,-12.4723,133.6645,481.0
NORAD-48688,-27.8727,-13.2223,482.1
NORAD-48690,-41.8633,111.3521,483.0
NORAD-48691,-36.6803,7.4851,482.5
NORAD-48692,40.5894,-66.6336,472.1
NORAD-48693,3.8737,-29.4358,478.6
NORAD-48694,-33.8501,6.8998,482.2
NORAD-48695,6.8770,-29.1611,478.1
NORAD-48696,-52.1309,61.4253,483.4
NORAD-48702,24.4034,64.6109,646.2
NORAD-48705,-40.9065,54.8524,787.9
NORAD-48706,73.7525,-117.1617,731.9
NORAD-48707,75.2894,110.7172,649.6
NORAD-48709,-62.1404,91.5993,723.4
NORAD-48710,-77.7422,-146.0041,772.5
NORAD-48711,54.6869,19.3576,782.5
NORAD-48713,-3.8494,37.6914,526.6
NORAD-48715,8.9390,94.1796,570.0
NORAD-48717,9.2579,-106.7855,709.0
NORAD-48718,-79.5095,-155.7416,707.0
NORAD-48719,-18.8758,-36.3891,1060.2
NORAD-48720,34.6320,79.5805,715.0
NORAD-48722,3.7427,112.6375,599.5
NORAD-48723,78.1993,-62.5459,723.0
NORAD-48724,-24.3462,124.8478,652.3
NORAD-48725,-7.5376,-152.5609,735.0
NORAD-48729,-71.0329,55.5401,677.1
NORAD-48731,-36.8894,-125.6594,732.8
NORAD-48734,36.6477,-87.2675,667.4
NORAD-48737,20.9955,-31.2261,499.8
NORAD-48738,69.3826,-28.9079,761.4
NORAD-48741,-16.0756,-102.2167,640.7
NORAD-48742,74.6039,-73.5634,710.4
NORAD-48744,43.9997,88.5904,738.2
NORAD-48745,-27.1977,4.4242,303.9
NORAD-48746,-75.4161,89.1854,695.8
NORAD-48747,50.7271,33.7728,595.8
NORAD-48748,-33.6846,-128.8890,721.9
NORAD-48749,78.8762,24.9176,652.6
NORAD-48753,0.5267,-111.7846,693.3
NORAD-48754,11.5956,-39.2353,653.3
NORAD-48755,-21.9425,127.9074,575.3
NORAD-48758,-80.8274,175.7610,716.2
NORAD-48761,-73.7374,-130.9047,670.8
NORAD-48765,-65.1185,125.6719,612.7
NORAD-48766,-78.6014,87.8548,710.8
NORAD-48767,-49.2761,-29.0471,1214.1
NORAD-48768,-2.6274,-31.2810,1211.7
NORAD-48769,-42.5864,146.7022,1216.6
NORAD-48770,9.8638,149.0024,1210.5
NORAD-48771,49.8930,-33.8721,1203.0
NORAD-48772,19.8935,-32.1395,1208.2
NORAD-48773,-40.0985,-29.5913,1216.0
NORAD-48774,69.8274,154.3850,1201.4
NORAD-48775,31.0731,-32.6479,1206.1
NORAD-48776,24.8487,149.5874,1207.8
NORAD-48777,39.8297,150.3985,1205.6
NORAD-48778,62.3576,152.6415,1201.7
NORAD-48779,84.5701,171.3185,1200.1
NORAD-48780,-73.0856,141.6904,1217.8
NORAD-48781,47.3543,150.8989,1203.7
NORAD-48782,27.3464,-32.4579,1206.8
NORAD-48783,-26.9341,147.5431,1215.8
NORAD-48784,-28.1640,147.4830,1215.8
NORAD-48785,-51.2889,-28.7607,1216.8
NORAD-48786,-77.3834,-21.9475,1217.7
NORAD-48787,17.3721,149.2750,1209.4
NORAD-48788,-23.7988,147.6878,1214.9
NORAD-48789,-57.5337,145.3184,1217.5
NORAD-48790,-5.1502,148.4365,1212.9
NORAD-48791,75.9664,-39.8180,1200.3
NORAD-48792,72.3374,-37.9958,1200.5
NORAD-48793,42.3538,-33.2917,1204.4
NORAD-48794,-50.0678,146.1464,1217.8
NORAD-48795,-71.7717,142.2686,1217.9
NORAD-48796,-12.6370,148.1575,1214.2
NORAD-48797,-84.5665,-8.6668,1218.0
NORAD-48798,-25.0935,-30.3926,1214.6
NORAD-48799,79.7850,-43.1166,1200.3
NORAD-48800,-62.4839,-27.3488,1217.0
NORAD-48801,-17.6105,-30.7046,1214.1
NORAD-48802,4.8759,-31.5463,1210.2
NORAD-48808,0.1347,104.6939,35813.6
NORAD-48810,37.9336,-65.6386,860.4
NORAD-48811,60.7737,-100.7319,934.5
NORAD-48812,-66.1226,-71.0053,1527.5
NORAD-48813,-48.7445,-52.3775,925.0
NORAD-48814,-50.3913,54.8377,924.1
NORAD-48816,6.5586,-66.9309,799.0
NORAD-48817,-43.2377,-166.0787,968.1
NORAD-48819,62.5655,23.1255,924.9
NORAD-48820,-11.2773,-17.6733,932.8
NORAD-48821,-67.8572,-129.2477,1702.7
NORAD-48822,65.1466,-29.6455,862.7
NORAD-48823,52.4284,-5.0513,725.7
NORAD-48824,42.3571,-48.6272,940.4
NORAD-48826,66.2532,-45.7520,800.9
NORAD-48827,16.7057,-120.7547,945.1
NORAD-48828,17.5842,-18.7033,929.4
NORAD-48837,-7.9251,105.5930,528.5
NORAD-48838,0.0016,-85.1631,35770.4
NORAD-48839,26.5039,-177.9588,9017.0
NORAD-48843,56.8413,140.3229,499.6
NORAD-48849,47.5644,13.0841,573.9
NORAD-48859,31.3169,-110.6399,20253.0
NORAD-48860,-6.4429,140.5607,562.9
NORAD-48861,-27.6613,-97.6129,566.7
NORAD-48862,-19.1001,-3.4733,657.8
NORAD-48863,25.5806,87.3936,563.5
NORAD-48864,18.1964,27.8777,526.5
NORAD-48865,-42.2819,148.5703,472.9
NORAD-48881,-26.3877,-155.6526,577.7
NORAD-48892,-32.8377,152.4483,631.1
NORAD-48907,-2.4260,86.6360,411.9
NORAD-48908,74.9631,120.1833,388.1
NORAD-48909,-74.0383,-55.9681,336.8
NORAD-48915,54.3926,-106.9227,422.7
NORAD-48918,-38.7533,-75.8042,56.2
NORAD-48924,-77.4325,58.5492,333.3
NORAD-48931,23.6230,97.5537,363.4
NORAD-48948,21.8394,102.9875,363.7
NORAD-48951,14.3677,92.5839,410.7
NORAD-48957,21.1722,100.0738,363.9
NORAD-48958,-27.8443,87.0854,408.8
NORAD-48963,43.1258,104.8490,218.8
NORAD-48964,9.4614,-82.9517,333.2
NORAD-48967,-5.2792,-61.5875,1208.4
NORAD-48968,-24.2665,-63.1309,1175.8
NORAD-48970,38.6676,119.8866,1201.2
NORAD-48971,87.5424,-120.1371,1195.8
NORAD-48972,46.1877,120.3967,1200.0
NORAD-48973,-46.3848,-59.5812,1212.6
NORAD-48974,77.2527,-71.0725,1196.2
NORAD-48975,-51.2069,115.6065,1213.1
NORAD-48976,-58.6882,114.7808,1213.5
NORAD-48977,-28.7708,117.0734,1211.7
NORAD-48978,12.4534,118.6864,1205.7
NORAD-48979,24.8058,-62.7433,1203.3
NORAD-48980,-68.7902,-56.3862,1213.7
NORAD-48981,80.9001,-74.9621,1196.1
NORAD-48982,-77.2406,108.9389,1213.7
NORAD-48984,-1.4477,-61.7310,1207.9
NORAD-48985,51.0479,-64.3777,1199.1
NORAD-48986,-80.9371,104.9806,1213.8
NORAD-48987,8.6955,118.5439,1206.3
NORAD-48988,-73.5821,111.1021,1213.9
NORAD-48989,-13.8085,117.6991,1210.0
NORAD-48990,-61.2695,-57.9515,1213.3
NORAD-48991,43.5395,-63.7642,1200.0
NORAD-48992,16.1925,118.8341,1205.1
NORAD-48993,68.6668,123.5841,1197.0
NORAD-48994,-87.5255,60.4858,1213.8
NORAD-48995,-31.3476,-60.5003,1211.5
NORAD-48996,-76.1959,-53.2318,1214.0
NORAD-48997,-38.9014,-60.0970,1212.0
NORAD-48998,32.3072,-63.1066,1201.8
NORAD-48999,58.5236,-65.2084,1197.9
NORAD-49000,-21.3095,117.4041,1210.9
NORAD-49001,31.2465,119.4902,1202.5
NORAD-49002,61.1769,122.0206,1197.5
NORAD-49003,-18.0301,-30.5496,554.1
NORAD-49008,44.7150,-91.9882,828.4
NORAD-49010,-61.6928,-178.4379,670.8
NORAD-49011,1.1533,16.8528,35788.7
NORAD-49018,-16.6581,32.8912,867.9
NORAD-49019,31.8407,88.9709,867.7
NORAD-49020,40.2255,171.4076,871.5
NORAD-49021,-10.8456,-118.7406,877.0
NORAD-49022,-44.7439,-47.6690,872.2
NORAD-49023,-36.8786,-156.4736,737.8
NORAD-49024,-10.2847,-84.0670,808.3
NORAD-49026,-34.9598,-19.6567,564.1
NORAD-49027,10.4416,28.7789,543.1
NORAD-49028,15.2487,94.7786,562.8
NORAD-49029,16.8810,-134.0326,563.1
NORAD-49044,-44.8832,-11.2273,426.9
NORAD-49046,77.0577,-31.4105,653.8
NORAD-49047,46.0453,-75.6170,802.6
NORAD-49048,16.6650,57.2660,33354.1
NORAD-49049,76.6794,-3.6946,494.3
NORAD-49050,-41.1025,-152.0069,822.5
NORAD-49051,-68.4312,-45.0417,855.2
NORAD-49052,36.8573,148.7257,540.4
NORAD-49055,0.0112,-70.1346,35794.1
NORAD-49056,0.0254,47.7178,35786.4
NORAD-49057,-0.3856,-79.7886,14866.0
NORAD-49058,2.3542,54.4543,31280.2
NORAD-49059,81.5003,-77.2917,911.8
NORAD-49060,42.4088,110.2221,911.5
NORAD-49061,-65.3622,-76.5851,886.3
NORAD-49062,0.0330,98.0802,35789.4
NORAD-49070,-20.5902,-32.4404,636.8
NORAD-49071,79.2181,-57.3370,514.4
NORAD-49072,79.2144,-57.3604,514.2
NORAD-49075,-80.5004,-132.5941,1229.8
NORAD-49076,3.8878,-119.7424,1223.0
NORAD-49077,64.3242,-100.3498,1193.1
NORAD-49078,64.4093,55.6907,1213.3
NORAD-49079,-61.0519,79.0969,1209.4
NORAD-49080,8.2306,-104.4067,1202.7
NORAD-49081,80.2705,-92.4274,1191.8
NORAD-49082,-39.6711,-106.4318,1208.3
NORAD-49083,83.0485,-102.3531,1211.9
NORAD-49084,-35.7093,-106.1968,1207.9
NORAD-49085,0.4568,60.0874,1223.7
NORAD-49086,35.2553,-118.3972,1217.6
NORAD-49087,-56.3445,-107.8357,1209.1
NORAD-49088,-63.5370,-108.9132,1209.4
NORAD-49089,71.2522,-113.6879,1212.9
NORAD-49090,32.4455,58.7524,1218.3
NORAD-49091,-31.5418,61.3969,1227.6
NORAD-49092,56.3160,-101.5592,1194.2
NORAD-49093,87.3856,-51.7669,1191.8
NORAD-49094,-63.4233,64.3105,1229.4
NORAD-49095,72.2357,-98.1683,1192.4
NORAD-49096,8.4448,59.8035,1222.3
NORAD-49097,40.3375,-102.9276,1196.4
NORAD-49098,-31.6738,-105.9801,1207.6
NORAD-49099,-54.9793,-107.6682,1209.0
NORAD-49100,75.4373,67.2259,1192.2
NORAD-49101,-60.6044,-123.6605,1229.1
NORAD-49102,21.0347,44.0904,1196.1
NORAD-49103,-76.4599,-128.6762,1229.9
NORAD-49104,5.0380,44.7101,1199.0
NORAD-49105,32.2943,-103.3764,1197.8
NORAD-49106,11.2441,-119.4946,1221.5
NORAD-49107,-7.7253,-104.9791,1204.8
NORAD-49108,-46.7886,-106.9057,1203.0
NORAD-49109,-18.3503,-165.3555,1393.8
NORAD-49112,-32.6716,-132.8598,1124.4
NORAD-49113,-39.0989,152.3019,868.8
NORAD-49114,-81.4056,-110.6486,1121.3
NORAD-49115,0.3015,-99.4637,35779.0
NORAD-49122,73.9387,0.5073,700.5
NORAD-49123,-35.6712,114.5413,610.8
NORAD-49125,0.0040,101.4041,35794.3
NORAD-49132,-63.5900,-149.8792,583.9
NORAD-49133,-16.3494,83.5502,583.0
NORAD-49134,-37.3358,93.5503,583.6
NORAD-49135,18.7592,-135.4960,579.7
NORAD-49137,69.9509,-35.0372,576.4
NORAD-49138,-56.5548,110.8870,583.8
NORAD-49139,-49.2805,-169.0816,520.7
NORAD-49141,-69.4022,153.1403,584.0
NORAD-49143,61.6576,16.1005,577.0
NORAD-49144,-46.0158,-124.7634,583.8
NORAD-49145,-39.5540,54.9064,583.4
NORAD-49146,43.3295,38.4797,578.7
NORAD-49147,23.2521,28.4147,579.0
NORAD-49148,1.7520,57.9145,583.9
NORAD-49151,-69.8480,120.3772,583.6
NORAD-49153,-43.8126,-163.0350,584.1
NORAD-49154,-19.3848,65.9197,585.6
NORAD-49155,-23.3847,-151.6535,583.3
NORAD-49156,69.8493,-59.6004,573.9
NORAD-49157,43.7970,-107.9641,551.3
NORAD-49158,68.2842,168.2209,332.6
NORAD-49159,16.3875,-96.4342,579.9
NORAD-49160,69.4102,-26.7852,573.9
NORAD-49161,56.4793,-69.2487,574.9
NORAD-49163,-69.8935,142.7694,586.4
NORAD-49164,-62.8057,-167.7289,583.8
NORAD-49165,63.5971,30.2400,574.3
NORAD-49166,-61.6046,-163.7841,586.4
NORAD-49167,25.5796,67.3698,578.7
NORAD-49169,-44.9532,-143.8966,583.7
NORAD-49171,34.0376,49.9226,523.9
NORAD-49173,17.5729,-115.9687,579.8
NORAD-49175,46.7196,35.9504,578.5
NORAD-49176,-52.3599,-171.5706,519.6
NORAD-49177,2.1860,36.6250,581.3
NORAD-49178,37.1638,-86.5693,577.3
NORAD-49179,-58.4771,73.8340,583.9
NORAD-49181,45.9528,55.2984,576.1
NORAD-49186,-19.0606,30.3994,1222.3
NORAD-49187,-10.9989,45.2972,1201.4
NORAD-49188,-58.9206,48.3394,1205.1
NORAD-49189,-46.9963,31.9273,1224.7
NORAD-49190,37.0110,43.3254,1193.3
NORAD-49191,73.1933,170.7780,1180.6
NORAD-49192,-66.8703,34.6046,1225.2
NORAD-49193,-87.7647,156.2018,1205.9
NORAD-49194,-74.7256,52.5491,1205.6
NORAD-49195,-2.2545,44.9742,1200.2
NORAD-49196,-3.5822,45.0257,1200.5
NORAD-49197,-65.0624,-154.8872,1225.6
NORAD-49198,-34.9943,46.3450,1204.0
NORAD-49199,-41.1585,-152.1719,1224.5
NORAD-49200,5.2723,164.0679,1191.7
NORAD-49201,-17.1641,-150.9845,1222.2
NORAD-49202,60.9813,25.8630,1209.7
NORAD-49203,71.3978,-144.0648,1208.7
NORAD-49204,66.4415,-20.9051,1181.1
NORAD-49205,30.7982,-149.0851,1214.8
NORAD-49206,-80.9754,-148.3442,1205.8
NORAD-49207,-66.7941,49.7613,1205.8
NORAD-49208,81.0437,177.2023,1180.1
NORAD-49209,-26.9110,45.9508,1202.8
NORAD-49210,54.8037,-147.3401,1210.5
NORAD-49211,84.6384,6.6163,1207.8
NORAD-49212,-42.8701,46.8282,1204.8
NORAD-49213,50.5618,-18.6606,1183.0
NORAD-49214,6.8182,-150.0870,1219.3
NORAD-49215,17.7938,-16.7975,1188.1
NORAD-49216,36.9185,28.0847,1213.0
NORAD-49217,33.2255,165.2330,1186.2
NORAD-49218,6.1110,-150.1075,1219.1
NORAD-49219,49.2700,166.2831,1183.5
NORAD-49249,11.0520,-71.2260,1137.3
NORAD-49256,-39.9386,-154.8213,563.7
NORAD-49258,60.6035,175.0489,36404.0
NORAD-49260,48.5959,136.5520,704.6
NORAD-49261,-50.4751,148.3181,473.6
NORAD-49262,-35.6488,147.1090,467.0
NORAD-49263,-19.5404,-5.7948,281.7
NORAD-49264,-81.0573,-167.4536,503.5
NORAD-49271,51.3342,-53.6008,2002.2
NORAD-49279,4.7463,179.3144,1215.3
NORAD-49280,82.3859,-31.9057,1180.2
NORAD-49281,-54.6484,160.9352,1197.4
NORAD-49282,42.2574,-178.9518,1208.8
NORAD-49283,-46.6438,161.6592,1196.3
NORAD-49284,37.9456,-17.7511,1185.1
NORAD-49285,-5.6048,-15.9300,1192.6
NORAD-49286,-53.3642,-13.3270,1197.1
NORAD-49287,-38.7383,162.1989,1196.4
NORAD-49288,51.1143,11.8254,1186.7
NORAD-49289,-69.2755,-10.6168,1197.6
NORAD-49290,65.2144,168.3933,1181.3
NORAD-49291,83.4082,-147.2623,1184.1
NORAD-49292,57.2480,-177.5893,1206.3
NORAD-49293,-73.2259,-9.2023,1197.7
NORAD-49294,17.1695,164.5243,1189.2
NORAD-49295,73.5874,7.3118,1184.6
NORAD-49296,-29.4272,-14.9540,1195.4
NORAD-49297,68.6671,-160.2580,1185.0
NORAD-49298,-77.8806,-6.3825,1197.8
NORAD-49299,42.5347,-18.0385,1184.2
NORAD-49300,62.4635,-4.9114,1205.8
NORAD-49301,-13.4468,-15.6371,1194.0
NORAD-49302,76.0990,-157.1521,1184.6
NORAD-49303,-76.5027,-7.4252,1198.0
NORAD-49304,19.2195,-16.8552,1188.5
NORAD-49305,39.9669,-2.6251,1208.8
NORAD-49306,87.5739,-44.7465,1183.9
NORAD-49307,-86.0461,132.1454,1197.8
NORAD-49308,-22.7927,162.9904,1194.8
NORAD-49309,9.9784,-1.2392,1214.1
NORAD-49310,35.2031,165.3701,1184.6
NORAD-49311,9.2651,164.2108,1190.4
NORAD-49312,-70.5984,157.9391,1197.6
NORAD-49313,1.2533,163.9282,1191.6
NORAD-49314,66.1191,9.6906,1185.2
NORAD-49316,-40.6380,76.9016,530.1
NORAD-49318,34.0219,-68.9853,904.3
NORAD-49319,24.5927,120.9753,377.8
NORAD-49321,72.9619,-83.6462,339.1
NORAD-49330,0.5042,127.8894,35587.1
NORAD-49331,10.5647,25.3407,23900.3
NORAD-49332,0.0058,-67.1109,35791.2
NORAD-49333,0.0454,45.5229,35790.3
NORAD-49334,-0.7298,159.3118,414.5
NORAD-49335,4.1716,154.8712,25802.5
NORAD-49336,15.9263,130.0643,37128.6
NORAD-49337,31.5516,118.0338,2581.4
NORAD-49338,62.3845,37.1019,536.2
NORAD-49340,13.6459,26.9556,32881.7
NORAD-49341,-6.8019,148.0569,13575.5
NORAD-49342,8.3918,58.1377,32891.5
NORAD-49343,9.5815,-0.9487,29601.0
NORAD-49348,4.4993,51.8824,21030.1
NORAD-49349,10.4091,-23.0750,16096.2
NORAD-49351,12.5027,19.9878,35654.0
NORAD-49352,-0.4463,-31.3663,26596.9
NORAD-49356,-13.2938,-158.9764,9741.8
NORAD-49358,-12.7027,168.2062,14878.2
NORAD-49359,-7.1295,125.0196,26411.3
NORAD-49360,-1.8115,121.8823,23694.0
NORAD-49366,12.9972,-3.1754,28587.8
NORAD-49382,-4.9416,-93.4529,36103.4
NORAD-49383,-39.2998,23.0155,693.2
NORAD-49384,-39.8782,22.8824,693.4
NORAD-49385,-35.4451,-132.1998,655.2
NORAD-49387,40.0004,116.2260,518.1
NORAD-49390,-34.6302,-9.4956,496.0
NORAD-49393,-6.4573,-109.7660,498.9
NORAD-49396,70.4606,-53.7283,542.4
NORAD-49397,57.4253,97.0020,507.3
NORAD-49398,-31.1506,-66.4455,483.8
NORAD-49399,7.9629,-68.1052,509.2
NORAD-49400,2.8404,-57.8991,472.5
NORAD-49401,-69.3650,-87.3054,516.2
NORAD-49402,-55.7137,-72.9980,498.6
NORAD-49403,-50.3434,152.4181,289.5
NORAD-49404,30.6129,112.4604,512.4
NORAD-49409,-49.1146,-154.5726,511.3
NORAD-49410,-33.9645,-64.9476,503.6
NORAD-49411,47.7026,11.4147,539.7
NORAD-49413,52.4814,33.4578,539.0
NORAD-49414,53.0989,52.7106,528.3
NORAD-49415,49.6693,73.9212,539.4
NORAD-49416,53.0565,60.4385,538.8
NORAD-49417,-33.7226,-74.4586,546.6
NORAD-49418,47.5502,90.8911,539.5
NORAD-49419,5.7883,141.5728,546.8
NORAD-49420,-47.6025,-89.5714,520.3
NORAD-49421,33.6568,115.4396,504.1
NORAD-49422,-3.8528,-36.6555,545.4
NORAD-49424,-10.2262,153.7039,548.4
NORAD-49425,30.6289,119.1408,498.2
NORAD-49426,-40.3038,-174.5875,551.4
NORAD-49427,14.3906,134.3990,500.7
NORAD-49428,33.9940,-3.8146,538.6
NORAD-49430,4.8443,142.5534,544.6
NORAD-49431,49.7573,28.4589,539.3
NORAD-49432,5.5491,131.6968,531.3
NORAD-49433,28.9655,101.4143,543.0
NORAD-49434,-28.2749,-57.5911,548.3
NORAD-49435,45.2589,76.7745,540.5
NORAD-49436,42.3236,82.8739,540.6
NORAD-49437,39.3190,-18.0888,478.3
NORAD-49438,-29.2534,150.6949,551.2
NORAD-49440,-18.0399,140.0658,550.2
NORAD-49441,35.9822,91.1867,486.8
NORAD-49442,-52.2121,-131.5136,477.9
NORAD-49443,-28.0469,-78.0744,544.3
NORAD-49444,-42.4656,169.2664,552.1
NORAD-49445,-29.2944,-68.5476,551.3
NORAD-49446,-52.5263,-156.1294,552.7
NORAD-49447,-45.7784,-173.7512,536.5
NORAD-49449,-47.7018,-142.9274,423.9
NORAD-49450,9.7658,128.5571,546.1
NORAD-49451,-50.7268,-157.6123,547.5
NORAD-49452,-11.0770,-52.5551,536.1
NORAD-49453,-33.5266,-76.0118,482.7
NORAD-49454,-53.0805,-137.8959,552.7
NORAD-49455,-9.9361,-51.6148,549.2
NORAD-49456,-51.3875,-113.8511,552.6
NORAD-49457,27.2768,-21.3793,528.7
NORAD-49458,-25.3946,-64.9158,550.9
NORAD-49459,21.7386,-26.6757,544.1
NORAD-49460,36.1989,-10.7927,541.6
NORAD-49467,-73.9538,-166.3028,423.4
NORAD-49469,-35.0045,-36.4985,425.6
NORAD-49478,54.1270,99.3504,667.4
NORAD-49479,-42.0248,129.0705,706.9
NORAD-49485,-79.6971,-170.1854,663.2
NORAD-49487,53.7064,104.5666,675.1
NORAD-49489,21.7775,-28.3518,457.9
NORAD-49492,-10.4882,-61.7908,511.0
NORAD-49495,-4.4325,84.5405,760.6
NORAD-49496,-64.8910,167.0219,737.4
NORAD-49503,57.8191,153.2575,32836.9
NORAD-49504,31.7733,-99.8176,17100.3
NORAD-49505,0.0254,130.1840,35793.1
NORAD-49724,51.4463,-5.5554,470.1
NORAD-49725,-53.0637,160.3415,552.5
NORAD-49727,-52.9931,159.7867,526.5
NORAD-49728,28.1489,-80.9199,498.4
NORAD-49729,-15.9669,88.1604,537.9
NORAD-49730,3.8851,72.8215,512.8
NORAD-49732,3.8034,-101.1873,525.4
NORAD-49733,53.0109,-19.6770,525.2
NORAD-49734,-53.0293,149.4790,490.0
NORAD-49735,-50.3658,-169.3928,514.5
NORAD-49736,-21.5709,-131.4261,550.6
NORAD-49737,-47.6063,-169.2763,552.4
NORAD-49738,4.3723,62.2914,538.0
NORAD-49739,0.9058,74.8997,527.2
NORAD-49740,20.5960,48.2459,477.7
NORAD-49741,-23.2677,83.3854,488.5
NORAD-49742,0.6340,65.4043,537.0
NORAD-49743,35.6021,32.2219,479.8
NORAD-49744,49.1809,4.3127,477.6
NORAD-49745,50.8104,-48.4096,477.2
NORAD-49746,49.7927,-51.5860,539.5
NORAD-49747,35.9790,32.9558,541.7
NORAD-49748,-49.9335,128.5480,552.8
NORAD-49749,40.3758,-75.7863,479.0
NORAD-49750,-42.1758,-158.1497,489.5
NORAD-49751,53.0675,-19.8999,538.9
NORAD-49752,-32.4384,83.7790,505.3
NORAD-49753,18.5874,-99.4881,540.7
NORAD-49754,-25.8147,76.6717,510.8
NORAD-49755,-39.4934,-152.1827,552.0
NORAD-49756,47.0288,-70.9048,499.1
NORAD-49757,3.0278,53.1000,504.8
NORAD-49758,52.0023,-50.9272,496.1
NORAD-49759,21.9934,37.7550,504.0
NORAD-49760,-6.9444,-129.7411,507.9
NORAD-49761,36.6035,21.5011,499.9
NORAD-49762,21.4872,-107.4866,496.7
NORAD-49763,25.3867,35.0926,543.6
NORAD-49765,-3.1821,-128.3401,486.2
NORAD-49766,-51.9986,129.1174,520.1
NORAD-49767,-34.1748,-155.1487,510.0
NORAD-49768,-47.0584,109.0977,511.0
NORAD-49769,-14.0723,-134.8565,549.8
NORAD-49770,-42.5175,-167.4441,552.1
NORAD-49771,-44.3234,102.4342,515.0
NORAD-49772,44.8993,-88.4927,402.8
NORAD-49773,52.9641,-28.6980,425.5
NORAD-49809,8.7536,48.0215,23223.2
NORAD-49810,-55.2001,165.4264,23237.0
NORAD-49811,15.4096,44.9546,23545.2
NORAD-49817,-0.3699,-111.7128,35789.7
NORAD-49818,3.5225,-6.8073,36152.9
NORAD-49819,-1.4068,-47.2346,38262.8
NORAD-49924,50.4899,132.8197,1459.0
NORAD-49925,-29.9680,99.9902,1442.2
NORAD-49926,80.3997,167.1234,1463.6
NORAD-49927,47.6830,-67.3588,1339.4
NORAD-49929,54.8240,147.7881,1464.5
NORAD-49931,61.5142,149.5905,1469.5
NORAD-49932,-32.7307,115.4136,1353.6
NORAD-49933,-2.2818,-43.9434,1228.0
NORAD-49936,3.7872,116.9512,1430.9
NORAD-49938,81.3106,176.2607,1239.0
NORAD-49939,-32.9072,131.9071,1149.3
NORAD-49940,-82.4714,17.4429,1210.1
NORAD-49941,82.4502,-122.0516,1456.5
NORAD-49942,-27.3427,133.6106,1186.5
NORAD-49943,-15.6431,119.7480,1408.4
NORAD-49944,-23.6736,-36.2046,1467.8
NORAD-49949,-26.4399,176.8103,409.2
NORAD-49950,32.6804,-11.0956,422.6
NORAD-49954,0.1104,123.1820,537.8
NORAD-49955,-5.7887,-142.4646,31270.3
NORAD-49957,7.6186,55.1529,8410.0
NORAD-49961,-64.7582,-152.2115,585.2
NORAD-49962,-73.3108,81.7293,545.4
NORAD-50000,2.7976,-35.2277,104791.6
NORAD-50001,-0.0196,144.9988,35794.8
NORAD-50002,-0.0229,102.8680,35795.4
NORAD-50003,-4.5864,-73.1370,30819.5
NORAD-50004,22.0000,-59.8959,1711.6
NORAD-50005,-0.2068,170.9891,35789.6
NORAD-50032,-11.4576,-74.6759,424.7
NORAD-50058,0.4558,-72.2664,332.5
NORAD-50140,-44.9788,151.6654,750.0
NORAD-50159,13.8784,165.2671,545.5
NORAD-50161,47.0005,122.4140,537.7
NORAD-50163,-53.1747,-124.1136,400.9
NORAD-50165,-6.2330,-179.3725,548.6
NORAD-50166,34.5990,134.6518,531.1
NORAD-50167,-34.1733,-153.4671,550.8
NORAD-50169,-41.2174,-56.6346,491.5
NORAD-50170,11.5462,157.0388,529.2
NORAD-50171,50.7701,97.0349,476.8
NORAD-50172,13.7000,155.4000,545.4
NORAD-50173,50.2219,89.1532,521.9
NORAD-50174,46.2411,31.5194,473.9
NORAD-50175,51.3123,96.5088,538.9
NORAD-50176,-25.0166,-173.6130,549.6
NORAD-50177,-48.9489,-75.1651,485.5
NORAD-50179,-41.5073,-152.6069,533.2
NORAD-50180,-48.3499,-71.5758,537.5
NORAD-50181,-25.2906,-34.8620,536.7
NORAD-50182,48.8106,42.6047,474.1
NORAD-50183,-24.1236,-33.6966,550.0
NORAD-50185,-34.1668,-44.7199,532.8
NORAD-50186,44.4754,128.0047,493.8
NORAD-50187,13.8280,-14.5877,534.4
NORAD-50189,40.5450,20.2685,514.8
NORAD-50190,36.5385,120.0592,464.9
NORAD-50191,48.6493,54.3343,538.6
NORAD-50192,32.5318,127.3665,542.1
NORAD-50193,51.3987,45.8283,539.1
NORAD-50195,52.4630,78.5987,538.8
NORAD-50197,1.7616,154.6093,547.3
NORAD-50198,-51.4231,-134.0401,552.5
NORAD-50199,-1.9590,-25.5404,548.1
NORAD-50200,-42.5568,-160.6092,552.2
NORAD-50202,13.9778,-13.3171,545.3
NORAD-50203,-9.9790,163.5974,549.1
NORAD-50204,-21.7930,-41.5015,550.2
NORAD-50205,-45.2610,-103.2261,552.5
NORAD-50212,0.0288,42.0086,35802.5
NORAD-50214,3.2090,16.6625,36006.5
NORAD-50319,-0.0091,83.7548,35793.9
NORAD-50321,3.6106,47.4558,35865.9
NORAD-50322,2.8993,100.9158,35728.8
NORAD-50465,-4.2498,-27.8640,784.6
NORAD-50466,-77.8739,-147.5835,771.4
NORAD-50467,31.2370,88.4448,747.3
NORAD-50469,-86.8319,-145.8987,1209.8
NORAD-50470,-84.0376,95.7359,1209.9
NORAD-50471,-76.2694,83.8935,1210.1
NORAD-50472,67.4854,70.2407,1193.1
NORAD-50473,-48.5053,77.6615,1208.9
NORAD-50474,86.2610,-101.3037,1188.1
NORAD-50475,78.3601,-79.1800,1216.0
NORAD-50476,61.0606,41.1201,1189.9
NORAD-50477,46.6926,-132.8970,1191.9
NORAD-50478,-50.5972,93.0660,1233.0
NORAD-50479,-65.4625,-94.1320,1233.1
NORAD-50480,29.0502,43.7235,1194.6
NORAD-50481,-65.1720,-139.6290,1205.4
NORAD-50482,69.0476,39.4174,1189.3
NORAD-50483,-9.3216,-135.4503,1201.1
NORAD-50484,22.4522,-88.6259,1223.6
NORAD-50485,-73.0201,-141.9625,1206.0
NORAD-50486,-33.2744,-136.4752,1203.6
NORAD-50487,-1.3154,-135.1629,1200.2
NORAD-50488,30.4256,-88.2693,1222.2
NORAD-50489,54.6948,-132.1629,1190.8
NORAD-50490,30.6533,-133.8737,1194.8
NORAD-50491,76.9992,35.8121,1188.5
NORAD-50492,62.6963,-131.0664,1189.5
NORAD-50493,15.3705,-134.5341,1197.1
NORAD-50494,-73.7651,-142.2815,1205.9
NORAD-50495,84.7036,21.7897,1188.1
NORAD-50496,53.0859,42.1167,1191.1
NORAD-50497,-49.2420,-137.5274,1205.2
NORAD-50498,33.0376,43.5272,1194.5
NORAD-50499,-41.2737,-136.9576,1204.4
NORAD-50500,22.6991,-134.2332,1196.1
NORAD-50501,78.5825,-124.7289,1188.3
NORAD-50502,20.1005,44.1229,1197.7
NORAD-50503,-17.2872,-135.7578,1202.2
NORAD-50504,14.0232,-134.5853,1197.7
NORAD-50572,55.1051,31.5506,429.3
NORAD-50573,57.1767,31.4103,428.3
NORAD-50574,-0.0101,137.2196,35809.7
NORAD-50621,50.3848,-74.6537,345.6
NORAD-50777,13.7981,9.5389,766.1
NORAD-50787,7.4627,-155.8880,773.5
NORAD-50792,45.3579,-179.3422,776.0
NORAD-50794,-3.3582,-145.0130,781.0
NORAD-50802,57.5620,114.7079,1130.7
NORAD-50804,-14.1230,86.8041,549.7
NORAD-50805,-29.3089,100.8189,551.3
NORAD-50806,-42.5602,119.4349,552.1
NORAD-50808,-39.1982,-141.8158,537.5
NORAD-50809,-43.2254,-148.9497,534.7
NORAD-50812,45.0769,27.2973,540.3
NORAD-50813,-48.9825,73.1119,435.3
NORAD-50814,51.3192,16.4761,539.4
NORAD-50815,32.7536,-65.2368,542.4
NORAD-50816,-44.5971,-148.6194,523.9
NORAD-50817,45.2650,-44.9037,540.0
NORAD-50818,13.7010,75.3996,545.4
NORAD-50819,42.3097,42.9044,540.7
NORAD-50820,-32.9025,114.9450,551.5
NORAD-50821,2.0820,-92.6234,547.5
NORAD-50822,-52.5232,163.8321,552.5
NORAD-50823,52.5143,-16.2489,539.0
NORAD-50825,-45.3257,135.2401,552.3
NORAD-50827,-2.2360,87.6080,548.1
NORAD-50828,-51.3890,155.6571,552.5
NORAD-50829,20.9255,69.2535,540.1
NORAD-50830,-18.1973,-98.8965,502.4
NORAD-50831,-13.9309,-104.7179,549.8
NORAD-50832,48.4287,-26.3829,537.9
NORAD-50834,33.0971,-55.3415,505.6
NORAD-50835,19.2301,-69.1758,538.2
NORAD-50836,51.2941,25.2209,477.0
NORAD-50837,-29.1034,-118.7366,551.3
NORAD-50839,-27.2537,117.2769,489.0
NORAD-50840,34.1579,64.8776,503.3
NORAD-50841,49.2380,34.9667,497.7
NORAD-50842,-44.7338,142.5534,490.3
NORAD-50844,-44.1034,142.0077,511.4
NORAD-50845,-42.4594,138.2585,495.9
NORAD-50846,-22.5524,-103.5760,488.6
NORAD-50848,48.8844,36.5391,517.4
NORAD-50849,-52.8036,176.3827,513.1
NORAD-50850,35.6901,22.9484,511.3
NORAD-50851,-47.0583,-138.2548,510.2
NORAD-50993,-76.0060,164.2480,484.9
NORAD-51053,-80.0480,-155.5560,362.5
NORAD-51060,-82.0760,-150.8971,455.5
NORAD-51061,58.2091,137.8826,426.1
NORAD-51092,0.5038,-179.5618,790.1
NORAD-51102,5.4575,-84.0618,440.6
NORAD-51103,-46.1878,177.1617,368.2
NORAD-51104,-25.5621,4.9466,548.2
NORAD-51105,45.1784,74.9018,540.1
NORAD-51106,-2.2337,-152.3989,548.2
NORAD-51108,52.5156,103.7735,538.9
NORAD-51109,-13.8612,15.2184,549.6
NORAD-51110,28.9578,-178.6035,542.7
NORAD-51111,-52.5239,-76.1377,552.7
NORAD-51112,17.7562,-167.9915,544.9
NORAD-51113,-18.0358,-139.9438,550.2
NORAD-51114,51.3279,136.4180,539.1
NORAD-51115,-45.3230,-104.7658,552.3
NORAD-51116,1.9074,-155.5306,547.5
NORAD-51117,17.9189,39.8455,544.8
NORAD-51118,-32.9047,-125.0536,551.7
NORAD-51120,13.7979,36.5485,545.3
NORAD-51121,-45.2552,-23.2127,552.3
NORAD-51123,32.7750,54.7905,542.2
NORAD-51124,9.8008,-151.5157,546.1
NORAD-51125,-20.8271,19.1530,523.2
NORAD-51126,51.9126,141.6552,477.0
NORAD-51127,-4.1957,-142.2696,486.3
NORAD-51128,-39.2840,-1.9022,551.6
NORAD-51129,13.8890,-154.7579,545.7
NORAD-51130,-47.6784,-88.6551,552.1
NORAD-51131,-40.7288,-105.1678,487.0
NORAD-51132,-53.0745,-58.0244,552.6
NORAD-51133,-42.4171,-101.3589,506.9
NORAD-51135,-22.2399,-126.6439,520.6
NORAD-51136,-52.9899,-60.6044,516.9
NORAD-51137,-50.1995,-28.6713,510.4
NORAD-51138,28.9399,60.3814,540.5
NORAD-51139,-37.1206,0.9259,510.3
NORAD-51140,12.5967,44.1991,483.9
NORAD-51141,7.7698,41.3311,503.7
NORAD-51142,-27.0824,-149.6468,497.2
NORAD-51143,17.1880,57.6109,468.1
NORAD-51144,49.6104,152.7436,477.2
NORAD-51146,-6.7491,30.2878,502.1
NORAD-51147,46.5138,69.4551,467.3
NORAD-51148,-24.6052,-115.8522,535.7
NORAD-51149,-28.0647,20.1711,473.9
NORAD-51150,52.6056,114.0922,515.2
NORAD-51152,-46.8349,-7.8328,516.3
NORAD-51280,0.8341,74.6836,35783.2
NORAD-51282,3.7029,95.4522,37756.5
NORAD-51284,55.3279,71.7620,603.8
NORAD-51287,2.8217,107.4966,35509.6
NORAD-51444,-42.8264,71.9971,637.2
NORAD-51448,8.2033,22.7079,768.8
NORAD-51450,10.7312,-155.9096,708.4
NORAD-51461,45.1073,147.1177,540.1
NORAD-51462,-2.9088,-164.0801,479.4
NORAD-51463,7.5803,-171.6840,484.6
NORAD-51464,1.7840,-165.4093,547.4
NORAD-51465,-14.0962,-153.2213,549.6
NORAD-51467,-45.1549,-32.9919,552.3
NORAD-51468,-51.4195,-94.0965,552.7
NORAD-51469,17.6291,-177.8542,544.8
NORAD-51472,-47.6948,-39.6004,552.5
NORAD-51477,15.7495,106.9114,28753.7
NORAD-51511,66.9572,-26.4066,1999.5
NORAD-51622,-4.5269,75.4593,1205.5
NORAD-51623,25.3804,-73.2952,1227.6
NORAD-51624,41.3892,-72.4337,1224.5
NORAD-51625,-14.5592,-74.8359,1233.8
NORAD-51626,43.4970,73.3134,1196.3
NORAD-51627,11.3961,74.8785,1202.0
NORAD-51628,-62.4444,-78.3678,1237.2
NORAD-51629,33.3882,-72.8967,1225.9
NORAD-51630,1.5249,105.6415,1231.2
NORAD-51631,-78.8447,-85.0894,1237.5
NORAD-51632,-69.7050,111.4513,1237.4
NORAD-51633,-28.5237,76.4170,1207.2
NORAD-51634,-38.4638,-75.9722,1235.9
NORAD-51635,-54.4185,-77.2652,1236.9
NORAD-51636,-64.2950,79.6566,1209.7
NORAD-51637,27.4269,74.2307,1199.3
NORAD-51638,-6.5449,-74.5448,1232.5
NORAD-51639,-77.6055,115.3753,1237.9
NORAD-51640,1.6306,-74.2242,1231.3
NORAD-51641,-22.5353,-75.1683,1234.6
NORAD-51642,-46.3677,-76.5264,1236.4
NORAD-51643,-44.4386,77.3275,1208.7
NORAD-51644,-52.4667,78.0349,1209.0
NORAD-51645,32.2298,162.0549,811.9
NORAD-51646,-85.6573,-103.4622,1237.6
NORAD-51647,18.0484,-73.6060,1228.4
NORAD-51648,-82.0397,-89.6517,1237.5
NORAD-51649,51.4869,72.6693,1195.0
NORAD-51650,-36.4590,76.8583,1208.1
NORAD-51651,-70.4824,-80.2731,1237.1
NORAD-51652,-85.3026,132.4723,1237.5
NORAD-51653,-30.4640,-75.5424,1235.4
NORAD-51654,9.4731,-73.9527,1230.1
NORAD-51655,19.4412,74.5709,1200.6
NORAD-51656,42.3594,75.5118,530.7
NORAD-51659,33.2368,-38.8669,339.9
NORAD-51714,-51.3628,-44.3960,552.5
NORAD-51715,-33.3711,-85.7231,489.3
NORAD-51716,-52.5182,-36.1994,552.3
NORAD-51717,-51.9055,-42.4080,490.4
NORAD-51718,50.2346,172.0647,505.4
NORAD-51719,-51.3444,-3.5987,552.5
NORAD-51720,-49.9197,1.7217,490.3
NORAD-51721,-3.1136,62.1688,486.3
NORAD-51722,45.2650,115.0981,540.2
NORAD-51724,51.3166,176.4737,539.3
NORAD-51725,32.7814,94.7954,542.2
NORAD-51726,21.8198,-142.5470,534.9
NORAD-51727,52.5125,143.7472,539.0
NORAD-51729,49.4007,116.5218,503.4
NORAD-51731,45.1451,-173.3893,504.7
NORAD-51732,18.4149,-138.8684,512.3
NORAD-51733,18.8772,-139.3472,503.3
NORAD-51734,-52.8711,-42.5179,511.9
NORAD-51735,-16.3219,-111.7822,510.0
NORAD-51736,-16.0018,43.0041,499.8
NORAD-51737,-53.0126,-40.0806,509.6
NORAD-51738,25.2377,76.0898,496.7
NORAD-51739,-52.3717,-21.0382,516.3
NORAD-51740,17.8434,69.4575,505.1
NORAD-51741,-4.3256,52.1778,502.6
NORAD-51742,-25.8176,34.3702,507.6
NORAD-51743,-51.2712,-23.7494,512.4
NORAD-51744,52.7752,154.7914,496.7
NORAD-51745,-2.9295,53.3048,510.0
NORAD-51746,53.0174,130.4721,522.6
NORAD-51747,52.7025,155.6271,491.7
NORAD-51748,2.9257,47.5990,501.8
NORAD-51749,-52.4185,-21.4944,500.8
NORAD-51750,24.6813,-154.2544,531.8
NORAD-51751,3.9789,48.3508,499.6
NORAD-51752,-53.0056,-40.7435,483.3
NORAD-51753,19.0391,60.3961,499.8
NORAD-51754,38.0853,-170.6408,504.7
NORAD-51755,40.7804,85.7514,497.8
NORAD-51756,-26.3298,-112.7601,508.0
NORAD-51757,-44.6573,-86.7586,508.6
NORAD-51758,-51.1169,-66.1749,514.9
NORAD-51759,-50.7463,-21.1529,507.8
NORAD-51768,-21.9009,-86.5314,550.6
NORAD-51769,43.1286,120.2814,536.5
NORAD-51770,-36.3934,-70.5281,551.7
NORAD-51771,-53.0775,-17.9509,552.4
NORAD-51772,-39.3596,37.9770,551.8
NORAD-51773,-38.9436,38.6690,550.4
NORAD-51774,-9.9664,68.3560,549.0
NORAD-51775,-11.6170,50.2380,374.6
NORAD-51776,6.0115,80.4537,546.9
NORAD-51777,-14.0667,65.0682,549.5
NORAD-51778,-29.1364,41.0962,551.2
NORAD-51779,1.8230,77.3414,547.5
NORAD-51780,53.0758,162.0010,538.9
NORAD-51781,47.7170,131.4210,539.8
NORAD-51782,0.3958,84.7325,473.0
NORAD-51783,-52.6611,-5.2042,490.6
NORAD-51784,-8.8365,77.7997,477.7
NORAD-51785,-50.5713,-40.0424,490.2
NORAD-51786,-47.7082,29.8810,508.6
NORAD-51787,-18.3324,69.3568,473.1
NORAD-51788,-9.3891,78.2739,505.7
NORAD-51789,52.9824,169.6094,514.0
NORAD-51790,28.8520,-118.3403,541.8
NORAD-51791,-53.0536,0.0063,511.2
NORAD-51792,26.5996,107.4718,503.0
NORAD-51794,-39.2025,-80.5505,281.6
NORAD-51795,3.2152,87.9376,499.1
NORAD-51798,-39.3563,-57.4878,483.8
NORAD-51799,-43.5540,-50.1122,483.7
NORAD-51801,39.3121,-132.4771,495.7
NORAD-51803,-19.7139,68.8235,477.3
NORAD-51804,-18.0215,-99.9543,550.4
NORAD-51805,-2.1614,-112.3735,548.8
NORAD-51807,49.6567,-166.0417,539.6
NORAD-51808,-6.2229,-99.3845,548.8
NORAD-51809,25.3052,-124.8752,543.6
NORAD-51810,-42.4753,22.8008,552.0
NORAD-51811,-42.4594,32.3510,522.9
NORAD-51812,42.3209,-157.1285,540.6
NORAD-51813,-32.8581,-85.0802,551.5
NORAD-51814,13.7219,-124.6209,545.6
NORAD-51815,-46.5880,-62.5492,490.7
NORAD-51822,-55.3951,-108.2702,618.0
NORAD-51825,-63.8230,-175.6843,346.4
NORAD-51827,-35.6141,174.6717,363.5
NORAD-51828,-69.3828,-26.3726,406.2
NORAD-51832,-63.0387,-56.2654,517.6
NORAD-51843,-78.5653,-55.9233,415.8
NORAD-51850,-0.0057,-137.0057,35795.6
NORAD-51851,-1.1482,55.6384,26312.6
NORAD-51852,-42.6145,71.7893,511.6
NORAD-51854,-33.3876,-42.3558,520.2
NORAD-51855,-26.8910,93.1231,516.5
NORAD-51856,-52.3133,39.4749,512.7
NORAD-51857,11.5753,124.2818,501.0
NORAD-51858,-49.6192,-2.5248,524.3
NORAD-51859,45.9330,156.6098,522.9
NORAD-51860,-13.9056,95.2295,549.5
NORAD-51861,45.2722,155.1159,540.2
NORAD-51862,2.0263,107.4468,547.4
NORAD-51863,51.3024,-143.4637,539.1
NORAD-51864,52.5070,-176.3791,539.1
NORAD-51865,28.9628,-98.5913,543.0
NORAD-51866,17.6941,-88.0576,545.0
NORAD-51867,13.8258,-84.7065,545.6
NORAD-51868,42.3366,-117.1641,540.7
NORAD-51869,-32.8860,-45.0763,551.5
NORAD-51870,-2.2169,-72.4104,548.2
NORAD-51871,-45.3039,-24.8077,552.1
NORAD-51872,-18.0242,-59.9516,550.2
NORAD-51873,-24.4275,-67.1424,506.0
NORAD-51874,-52.5149,3.7765,552.4
NORAD-51875,17.9299,119.8786,545.1
NORAD-51876,-51.3369,36.3576,552.5
NORAD-51877,12.4480,103.3566,465.4
NORAD-51878,-29.1701,81.1867,551.2
NORAD-51879,-35.6850,62.8553,506.9
NORAD-51880,-42.3472,62.5423,552.1
NORAD-51881,16.9776,108.6095,497.9
NORAD-51882,35.0381,126.2282,479.6
NORAD-51883,-31.0034,68.7848,506.5
NORAD-51884,3.7707,-87.0915,523.3
NORAD-51885,36.0870,128.5670,500.6
NORAD-51886,19.9316,-99.8653,543.1
NORAD-51887,-10.0468,-78.5692,469.0
NORAD-51888,7.1177,100.8524,508.9
NORAD-51889,-41.7440,52.4101,481.7
NORAD-51891,-45.7088,-35.9239,472.3
NORAD-51892,-47.5649,-30.4387,483.7
NORAD-51893,15.3947,107.8468,540.9
NORAD-51894,-10.4442,86.4514,477.1
NORAD-51895,11.9624,103.5573,473.2
NORAD-51896,25.9042,-105.8039,495.4
NORAD-51897,-0.3625,93.5086,470.6
NORAD-51898,10.1065,101.4777,466.0
NORAD-51946,13.6494,117.8265,455.3
NORAD-51947,28.7086,126.1200,465.9
NORAD-51948,-2.6983,110.3441,449.1
NORAD-51949,-60.0645,-7.6267,538.8
NORAD-51950,-56.1997,34.1929,1081.7
NORAD-51951,36.1197,-87.5628,598.8
NORAD-51953,7.7662,35.4662,552.9
NORAD-51956,20.6481,108.2924,475.3
NORAD-51957,37.4010,150.0821,472.2
NORAD-51958,51.4219,161.8320,470.4
NORAD-51959,49.1241,175.7019,470.6
NORAD-51960,21.7344,-82.4768,475.2
NORAD-51962,8.7149,-84.0703,477.4
NORAD-51963,51.0885,-156.4629,470.3
NORAD-51964,-47.0275,-23.8937,483.3
NORAD-51965,-37.2444,-29.7877,482.7
NORAD-51966,-51.8592,42.5063,483.3
NORAD-51968,-45.2349,53.4082,483.3
NORAD-51969,-31.2768,-50.3495,482.4
NORAD-51970,52.6298,-143.3038,470.2
NORAD-51971,28.6401,-101.4505,474.1
NORAD-51972,4.8607,-68.0083,478.0
NORAD-51973,-22.0261,97.5362,481.4
NORAD-51974,-40.1479,76.1960,482.9
NORAD-51975,-53.0882,15.5783,483.6
NORAD-51977,39.6090,-102.9248,495.1
NORAD-51980,-32.6659,107.1974,551.3
NORAD-51981,-42.5443,-0.5970,552.0
NORAD-51983,-51.4057,25.8821,552.3
NORAD-51984,39.3030,173.8690,541.1
NORAD-51985,-17.3866,122.2702,532.3
NORAD-51986,-29.3733,-19.2668,551.1
NORAD-51987,-46.3826,82.1739,480.2
NORAD-51988,-6.7767,-39.0204,535.0
NORAD-51989,-17.9158,119.9962,473.2
NORAD-51990,-47.7516,-8.4399,552.1
NORAD-51991,-52.8613,36.1095,490.6
NORAD-51992,53.1095,-157.0412,510.3
NORAD-51993,1.8099,-45.4319,547.6
NORAD-51994,-25.4137,95.0553,550.8
NORAD-51995,40.4216,-104.1803,501.4
NORAD-51996,-44.7521,-16.5534,511.6
NORAD-51997,33.8033,-94.6044,507.7
NORAD-51998,-48.4934,-6.3583,528.1
NORAD-52000,-36.3385,-30.6891,551.6
NORAD-52001,13.9085,-74.7622,545.6
NORAD-52002,9.8140,-71.4861,546.2
NORAD-52037,-25.4898,47.0618,561.9
NORAD-52044,10.8420,-12.6918,17239.3
NORAD-52084,5.2011,-128.4115,1137.0
NORAD-52085,-57.2122,141.6755,1143.6
NORAD-52090,-45.3351,55.2594,552.1
NORAD-52092,-32.8851,34.9180,551.4
NORAD-52093,-30.7346,30.4240,481.1
NORAD-52094,-52.5306,83.9122,552.5
NORAD-52095,23.7236,-15.0695,484.1
NORAD-52096,32.1635,-156.5705,507.9
NORAD-52098,-42.3461,142.8260,552.1
NORAD-52100,23.1017,-14.4457,479.5
NORAD-52101,-51.3612,116.4227,552.5
NORAD-52102,-50.7326,61.8752,513.8
NORAD-52103,42.8371,-140.6154,502.6
NORAD-52105,31.8155,-32.4594,507.9
NORAD-52106,-47.9488,127.8253,475.0
NORAD-52107,27.3769,-27.5496,507.7
NORAD-52108,46.0325,-55.7338,500.8
NORAD-52110,41.5610,-46.3624,504.2
NORAD-52111,-3.8050,-1.8096,512.3
NORAD-52112,-12.4161,148.7740,391.4
NORAD-52113,45.6139,-135.0556,496.8
NORAD-52114,-48.4251,52.8578,512.3
NORAD-52115,-37.0064,28.4109,482.6
NORAD-52116,-27.9800,151.6290,508.1
NORAD-52117,29.9292,-159.2766,503.7
NORAD-52118,-52.9143,77.9738,512.9
NORAD-52119,-38.6930,31.0594,489.4
NORAD-52120,-41.3411,132.6228,475.1
NORAD-52121,36.0132,-47.0940,541.7
NORAD-52122,4.1668,178.3881,508.1
NORAD-52123,-53.0708,71.7277,552.4
NORAD-52125,-10.1834,-6.3375,549.3
NORAD-52126,21.4513,-31.2073,544.3
NORAD-52127,-25.6618,7.0363,550.7
NORAD-52129,-49.8103,48.4845,552.5
NORAD-52131,53.1698,-114.3149,508.2
NORAD-52132,-39.5549,24.1844,551.9
NORAD-52133,-36.0771,132.8142,551.4
NORAD-52134,-47.5717,110.8214,552.3
NORAD-52136,-21.6168,148.6408,550.4
NORAD-52137,25.3381,-173.2816,544.0
NORAD-52138,-5.9449,161.4486,548.6
NORAD-52139,17.7640,-170.7265,506.6
NORAD-52140,39.4716,-155.9486,541.1
NORAD-52145,53.6265,76.1411,29434.5
NORAD-52146,52.7143,163.0587,32371.7
NORAD-52150,78.9436,-132.4398,544.2
NORAD-52151,61.6176,-113.2526,584.6
NORAD-52152,56.5643,-89.8697,545.3
NORAD-52153,8.7129,112.0973,587.7
NORAD-52155,11.8090,-57.4954,560.6
NORAD-52156,32.9122,123.2873,535.2
NORAD-52157,61.7875,-10.2337,622.4
NORAD-52158,-68.2815,172.2315,621.3
NORAD-52159,60.6520,-7.5156,645.9
NORAD-52161,10.4041,167.1654,416.0
NORAD-52184,1.6963,-24.8122,443.7
NORAD-52196,50.3087,141.2217,426.4
NORAD-52200,41.8006,-88.0402,754.1
NORAD-52201,-35.5684,-41.7998,597.5
NORAD-52202,-21.7072,74.2533,916.0
NORAD-52255,0.0038,125.0727,35791.9
NORAD-52256,26.2610,135.9406,16849.1
NORAD-52257,-10.5623,16.0716,714.0
NORAD-52258,-29.7884,-64.0273,646.3
NORAD-52262,49.8080,-91.5710,539.6
NORAD-52263,39.4966,-115.9093,541.4
NORAD-52264,-14.4374,35.4517,475.6
NORAD-52265,-49.9757,142.3767,524.1
NORAD-52266,-15.6474,38.0783,546.9
NORAD-52267,-53.1360,114.7009,529.3
NORAD-52268,26.6343,3.2778,507.0
NORAD-52269,5.7805,21.5739,546.9
NORAD-52270,-25.6425,47.0489,550.8
NORAD-52271,-10.1795,33.6626,549.2
NORAD-52272,44.2267,-21.3823,494.8
NORAD-52273,46.9391,-37.2088,514.3
NORAD-52274,52.3109,-78.3815,502.3
NORAD-52275,-39.5450,64.1689,551.8
NORAD-52276,-47.6335,150.6454,552.4
NORAD-52278,-36.1043,172.7817,551.7
NORAD-52280,-15.0096,37.1641,513.5
NORAD-52281,-49.7858,143.4626,552.5
NORAD-52282,42.0833,-121.4807,537.5
NORAD-52283,-21.5501,-171.2980,550.5
NORAD-52284,45.8291,-34.6348,532.2
NORAD-52286,39.2619,-21.8652,541.4
NORAD-52287,44.3201,-21.3051,515.3
NORAD-52288,25.2517,-4.7808,543.6
NORAD-52289,50.2618,-48.5428,523.3
NORAD-52290,-17.8630,29.9082,550.1
NORAD-52292,-36.3386,49.3951,551.6
NORAD-52293,13.9028,5.2386,545.3
NORAD-52294,-47.7659,71.5959,552.3
NORAD-52295,-12.6068,25.5623,547.0
NORAD-52296,-39.3517,157.9911,551.9
NORAD-52297,-21.8894,33.4577,550.6
NORAD-52298,9.5282,8.3077,545.9
NORAD-52300,15.5332,-152.0670,539.0
NORAD-52301,-53.0883,109.4270,550.9
NORAD-52302,14.7845,-163.9697,483.4
NORAD-52303,-9.9374,-171.6198,549.3
NORAD-52304,52.9205,-91.3290,537.7
NORAD-52305,-22.1885,178.2190,549.1
NORAD-52306,51.3157,-63.5176,539.2
NORAD-52307,25.8828,-142.7516,541.3
NORAD-52309,52.4501,-72.6454,477.2
NORAD-52310,29.4277,-20.4188,481.0
NORAD-52311,13.6804,-4.5883,545.7
NORAD-52312,17.9379,-160.0767,544.8
NORAD-52313,2.0895,-172.5083,547.5
NORAD-52320,9.7690,147.0236,525.7
NORAD-52322,-12.5801,-33.3406,527.8
NORAD-52331,45.2658,-4.8988,540.1
NORAD-52332,-2.1582,-55.6763,548.2
NORAD-52333,-52.9774,-151.4457,490.6
NORAD-52334,52.5157,23.7751,538.8
NORAD-52335,51.3165,56.4875,538.9
NORAD-52336,53.1412,33.7681,468.8
NORAD-52337,32.7895,-25.1949,542.6
NORAD-52339,2.2362,-52.7479,547.5
NORAD-52340,-48.8626,174.6055,516.1
NORAD-52341,-2.2388,127.5642,548.1
NORAD-52342,-2.0531,-65.4943,548.0
NORAD-52343,-13.8685,-64.7341,549.8
NORAD-52344,42.4587,-20.6906,540.6
NORAD-52345,-53.0763,-149.9661,552.6
NORAD-52346,53.0713,29.9998,538.6
NORAD-52347,-44.4796,-111.9833,514.5
NORAD-52348,-14.8661,-75.9400,525.6
NORAD-52349,-4.1280,-67.7047,516.4
NORAD-52350,43.0457,-20.1252,505.1
NORAD-52352,-29.3550,140.8704,551.1
NORAD-52353,51.6417,44.0696,502.6
NORAD-52355,-14.1700,126.8433,549.7
NORAD-52356,-23.6332,134.5070,511.4
NORAD-52357,53.1349,24.3080,504.7
NORAD-52358,-17.9292,-78.1067,549.8
NORAD-52359,-49.7374,178.2125,552.4
NORAD-52361,-40.1982,154.6702,516.4
NORAD-52362,21.5538,87.0747,482.2
NORAD-52363,48.9303,-4.9328,516.4
NORAD-52364,47.5409,50.8318,539.7
NORAD-52365,-5.9542,-78.5543,548.8
NORAD-52366,53.0583,20.3739,538.9
NORAD-52367,39.4675,-35.9525,541.2
NORAD-52368,21.4617,88.7901,544.2
NORAD-52369,49.7850,-11.6113,539.4
NORAD-52370,49.7466,43.6329,539.5
NORAD-52371,6.5948,100.8836,533.0
NORAD-52372,-50.8789,-141.4710,526.5
NORAD-52373,50.6587,37.9740,468.6
NORAD-52374,40.2804,65.9553,505.7
NORAD-52375,-4.8748,-78.0456,520.8
NORAD-52377,36.2390,72.8237,542.3
NORAD-52378,-47.5795,-129.1910,552.6
NORAD-52379,-53.0558,-159.5678,553.0
NORAD-52380,-47.6912,-140.0056,514.0
NORAD-52382,27.8759,-59.7707,462.0
NORAD-52383,44.4440,48.1058,497.9
NORAD-52422,28.7720,-8.5759,419.5
NORAD-52443,-70.1731,-48.6085,541.0
NORAD-52444,55.5097,-179.7916,336.0
NORAD-52445,-68.0322,-7.6440,333.9
NORAD-52446,46.1529,19.6980,335.9
NORAD-52448,-82.3416,-68.6025,322.1
NORAD-52452,10.0914,173.4652,546.1
NORAD-52453,47.5929,-69.2426,539.8
NORAD-52454,53.0585,-99.6429,539.1
NORAD-52455,39.4050,-52.0919,541.0
NORAD-52456,25.4266,-34.9529,543.6
NORAD-52457,5.7850,-18.4410,546.7
NORAD-52458,-6.0419,-9.5265,548.6
NORAD-52459,-53.0762,62.0126,552.4
NORAD-52461,-51.3202,76.4460,552.3
NORAD-52462,-42.4995,112.5430,552.0
NORAD-52463,-42.3609,102.7930,551.9
NORAD-52464,-49.6862,93.8421,552.3
NORAD-52465,-29.0829,121.2790,551.1
NORAD-52467,-25.4032,135.0680,550.7
NORAD-52468,36.2369,-170.7460,541.9
NORAD-52469,6.0322,160.4769,546.8
NORAD-52470,53.0768,-117.9255,539.3
NORAD-52471,-4.3941,151.2910,486.6
NORAD-52472,49.6714,-86.1022,539.6
NORAD-52473,47.7418,-148.4754,539.7
NORAD-52475,-10.0487,148.5136,549.0
NORAD-52476,-51.3135,35.5998,552.6
NORAD-52477,-13.8777,135.2513,549.6
NORAD-52478,25.2904,-44.8230,543.6
NORAD-52479,45.2584,-164.9179,540.1
NORAD-52480,9.7546,-31.4831,546.3
NORAD-52482,51.3169,-103.5208,539.1
NORAD-52483,32.7885,174.8063,542.3
NORAD-52484,-6.2340,-19.3792,548.7
NORAD-52485,52.5132,-136.2473,539.1
NORAD-52486,-36.2806,9.3117,551.7
NORAD-52487,17.8369,159.9910,544.9
NORAD-52488,-47.7440,31.5357,552.3
NORAD-52489,-21.8854,-6.5497,550.5
NORAD-52490,13.7137,-44.6164,545.6
NORAD-52491,42.3215,-77.1291,540.8
NORAD-52492,-18.0698,-19.9188,550.1
NORAD-52493,28.9762,-58.6058,542.9
NORAD-52494,-53.0575,58.9811,501.4
NORAD-52496,48.8029,-160.1487,539.5
NORAD-52497,-32.9073,-5.0512,551.4
NORAD-52498,-2.0355,134.3986,548.0
NORAD-52499,53.1280,-138.1188,258.2
NORAD-52500,13.9691,146.6727,545.7
NORAD-52501,2.1705,147.3508,547.4
NORAD-52502,29.2085,160.7351,543.0
NORAD-52503,52.4546,-121.4794,539.2
NORAD-52535,53.1423,-44.1574,535.2
NORAD-52536,48.9110,-13.3712,536.8
NORAD-52537,-33.0061,74.8746,551.5
NORAD-52538,20.3993,27.6532,467.4
NORAD-52539,26.1610,24.3108,541.0
NORAD-52540,-27.5698,68.9854,544.3
NORAD-52541,16.7864,37.6188,520.9
NORAD-52542,34.2465,-105.0905,475.6
NORAD-52543,-12.6088,55.5554,542.5
NORAD-52544,50.6121,-63.1259,539.2
NORAD-52546,41.4509,2.6662,478.5
NORAD-52548,41.0835,-93.3575,526.4
NORAD-52549,-53.1420,136.1270,550.1
NORAD-52550,-28.3230,-157.9032,550.6
NORAD-52551,-51.1132,157.5650,552.3
NORAD-52552,-3.4919,-136.6395,528.7
NORAD-52553,17.6170,-150.3850,121.2
NORAD-52554,52.8263,-30.4089,539.0
NORAD-52557,32.8052,-105.1754,542.3
NORAD-52559,-17.8701,-157.8803,550.1
NORAD-52560,42.5082,-100.6653,540.7
NORAD-52561,-37.9748,86.6035,533.1
NORAD-52562,-44.7342,166.1693,474.2
NORAD-52563,-34.4231,81.6732,530.5
NORAD-52564,7.9560,44.9231,546.6
NORAD-52565,51.4009,-74.1656,539.0
NORAD-52566,1.5382,-128.0452,529.8
NORAD-52567,-51.6133,143.0643,486.2
NORAD-52568,-30.9554,-172.4700,476.5
NORAD-52569,-46.9323,88.3511,489.3
NORAD-52574,-40.0935,175.1048,477.3
NORAD-52576,-49.7528,98.2538,552.4
NORAD-52577,-44.3527,96.8501,482.5
NORAD-52578,-20.4297,-146.0200,503.5
NORAD-52579,52.7531,-55.6013,413.7
NORAD-52580,-8.0938,-135.1819,548.8
NORAD-52581,-52.4644,138.5726,552.5
NORAD-52583,-45.1395,167.0458,552.1
NORAD-52584,-51.4254,105.9676,552.5
NORAD-52585,-2.0213,-145.6288,548.3
NORAD-52586,-32.6402,-172.7673,551.5
NORAD-52587,-51.1223,146.2847,490.2
NORAD-52588,13.9276,-133.3582,545.7
NORAD-52598,-39.3638,-121.2396,534.4
NORAD-52599,41.5664,152.4959,478.5
NORAD-52600,31.3786,43.0503,525.1
NORAD-52601,-32.6756,-12.8154,551.5
NORAD-52602,-17.7808,2.0156,550.1
NORAD-52603,36.2454,160.3421,472.6
NORAD-52604,13.9692,26.6737,545.6
NORAD-52605,-22.9123,2.1822,537.8
NORAD-52606,29.1266,40.6195,542.8
NORAD-52607,-34.4701,-128.0854,551.6
NORAD-52608,51.4056,85.8660,539.1
NORAD-52609,32.5051,167.3422,542.2
NORAD-52610,-52.0345,-85.2756,537.8
NORAD-52611,-19.0938,5.7222,529.3
NORAD-52612,52.4637,118.5645,538.9
NORAD-52614,0.9180,-66.9748,409.4
NORAD-52615,-10.5466,12.7567,529.7
NORAD-52617,-49.7815,-111.6244,552.6
NORAD-52618,-40.7707,-133.7996,551.2
NORAD-52619,51.7103,113.8240,505.9
NORAD-52620,-14.4478,9.6916,533.4
NORAD-52621,-22.5561,-12.2513,542.4
NORAD-52622,-18.9167,-144.3258,530.3
NORAD-52623,-21.6344,-11.3698,550.6
NORAD-52625,2.8981,8.0841,541.5
NORAD-52626,-47.3696,-48.6021,552.0
NORAD-52627,39.4425,44.0078,541.2
NORAD-52628,-29.4905,-134.1141,531.5
NORAD-52629,53.0579,100.3611,538.8
NORAD-52630,11.9564,13.6658,484.0
NORAD-52631,-14.5433,-163.0606,525.4
NORAD-52632,25.5065,26.8881,543.5
NORAD-52633,21.4714,168.7771,544.1
NORAD-52634,49.7967,68.4594,539.4
NORAD-52635,37.4326,30.6358,504.3
NORAD-52636,47.5530,130.8774,539.3
NORAD-52637,49.6230,113.7037,501.8
NORAD-52638,51.3052,115.9130,499.0
NORAD-52639,-25.4451,-24.9708,550.9
NORAD-52640,-42.2758,-141.0934,548.8
NORAD-52641,-14.7397,-173.1024,498.3
NORAD-52642,-48.9820,-63.6008,551.9
NORAD-52643,-44.9099,-136.0843,513.3
NORAD-52644,-34.7171,-35.3760,549.0
NORAD-52645,31.3889,22.4958,499.0
NORAD-52646,-1.6486,-5.2910,544.2
NORAD-52648,24.7235,16.1147,542.1
NORAD-52649,0.9909,-3.8497,507.6
NORAD-52650,-13.9582,-24.7029,549.7
NORAD-52655,48.7428,132.0401,16667.3
NORAD-52656,-0.0733,70.9917,547.7
NORAD-52657,-15.9653,-121.8324,496.3
NORAD-52658,11.7156,61.9845,545.8
NORAD-52659,-4.2582,74.0787,548.3
NORAD-52660,53.0387,-14.5942,493.3
NORAD-52662,-52.8706,152.9030,552.7
NORAD-52663,-50.5704,-174.8026,552.5
NORAD-52664,-46.5618,123.2727,552.3
NORAD-52665,-11.9290,-118.1824,549.5
NORAD-52666,27.0054,48.0832,543.1
NORAD-52667,4.0340,-106.0402,547.2
NORAD-52668,-52.6929,150.0570,505.1
NORAD-52669,46.5608,-56.7286,539.8
NORAD-52670,-40.9279,-149.5449,552.0
NORAD-52671,52.8740,-27.0621,538.8
NORAD-52672,19.8106,-93.4032,544.6
NORAD-52673,40.8081,30.5937,540.8
NORAD-52674,-53.1927,145.5677,394.6
NORAD-52675,30.7734,34.4158,542.6
NORAD-52676,50.5403,5.3204,539.1
NORAD-52678,52.0444,-45.0076,539.1
NORAD-52679,-44.0098,107.3277,552.2
NORAD-52680,-51.9171,167.6313,552.8
NORAD-52681,-52.0388,134.8548,552.4
NORAD-52682,-16.0905,73.4182,549.8
NORAD-52684,-31.1358,87.8567,551.4
NORAD-52685,-15.8800,-131.3825,549.8
NORAD-52686,34.5608,30.1179,541.8
NORAD-52687,0.0423,-119.0393,547.8
NORAD-52688,15.9732,-106.7955,545.3
NORAD-52689,0.6168,135.7560,334.0
NORAD-52690,-30.8801,-145.7062,551.4
NORAD-52692,15.4837,48.6730,545.2
NORAD-52693,43.7377,15.0941,540.3
NORAD-52694,16.2895,-107.0719,504.8
NORAD-52695,-10.2746,73.5371,549.2
NORAD-52697,36.0700,-80.9728,541.7
NORAD-52698,-5.8687,-118.4975,548.6
NORAD-52699,39.8571,-85.8833,500.9
NORAD-52700,-25.8448,86.8629,550.8
NORAD-52702,39.4672,-75.9254,541.0
NORAD-52703,-3.7132,-132.0014,529.5
NORAD-52704,-20.0763,66.8139,544.9
NORAD-52705,-45.9513,-179.9558,538.1
NORAD-52706,-44.7690,-177.2382,534.9
NORAD-52707,-43.9276,-175.6988,545.0
NORAD-52708,-11.2299,59.3256,529.3
NORAD-52713,82.3506,-67.5746,485.3
NORAD-52716,-85.9265,-169.6619,889.7
NORAD-52717,-3.1904,165.7144,1192.7
NORAD-52718,-65.8163,98.3439,894.0
NORAD-52737,65.2264,59.1983,459.3
NORAD-52744,-75.2406,13.0614,482.1
NORAD-52746,-0.5183,-138.8762,470.1
NORAD-52751,61.0991,59.0699,450.2
NORAD-52754,-12.9498,-121.5588,420.9
NORAD-52756,-11.9706,-123.3460,420.2
NORAD-52757,-10.8870,-122.6667,420.2
NORAD-52760,-27.5182,32.3661,501.0
NORAD-52761,50.0349,-143.8157,420.1
NORAD-52763,82.2458,127.6851,452.2
NORAD-52771,-19.3663,139.9767,635.7
NORAD-52785,49.1332,128.0512,637.0
NORAD-52786,14.7913,37.2561,624.5
NORAD-52787,-28.4720,-129.8400,632.1
NORAD-52788,0.2952,-155.5099,626.6
NORAD-52789,-40.9999,-46.7313,577.2
NORAD-52790,-16.7692,9.9324,649.8
NORAD-52791,-48.8930,-82.5328,638.5
NORAD-52792,29.6547,174.6617,640.5
NORAD-52793,31.5935,150.1853,568.1
NORAD-52794,-34.8183,-59.3018,369.9
NORAD-52817,0.0695,-6.9454,35777.1
NORAD-52818,18.4632,-61.9229,43065.6
NORAD-52828,4.9331,75.5607,18968.9
NORAD-52830,34.4759,162.0781,543.5
NORAD-52831,52.8555,-147.2933,539.3
NORAD-52832,50.5429,-114.7052,539.4
NORAD-52833,40.8125,-89.4246,541.0
NORAD-52834,11.7545,-58.0509,545.9
NORAD-52835,-4.1952,-45.9214,548.4
NORAD-52836,4.8689,-69.3328,404.4
NORAD-52837,-46.5838,3.3350,552.2
NORAD-52838,-34.6052,-17.9313,551.3
NORAD-52839,-50.5763,65.1460,552.4
NORAD-52840,52.6931,-148.1219,369.3
NORAD-52841,-11.9932,121.7611,549.4
NORAD-52842,-52.8751,32.9207,552.4
NORAD-52843,19.8226,146.6029,544.8
NORAD-52844,-40.8929,90.4395,551.7
NORAD-52845,3.9889,133.9899,547.1
NORAD-52846,-0.2447,130.7566,547.9
NORAD-52847,46.5598,-176.7298,539.9
NORAD-52848,-27.2843,108.1759,551.0
NORAD-52849,51.9591,-132.4456,539.3
NORAD-52850,-30.7851,-22.1869,551.3
NORAD-52851,-27.6404,-36.8354,496.4
NORAD-52852,52.0240,-165.2446,539.1
NORAD-52853,-34.9526,-34.5113,398.5
NORAD-52854,30.8438,-85.6714,542.7
NORAD-52855,-44.3437,-12.0396,540.7
NORAD-52856,19.7552,-74.6451,544.6
NORAD-52857,-43.9627,-12.7644,552.1
NORAD-52858,-0.1527,-58.9321,547.8
NORAD-52859,-52.0373,14.8514,552.4
NORAD-52860,-31.1722,-32.1047,551.4
NORAD-52861,53.0930,-147.9413,474.1
NORAD-52862,49.7777,-177.6419,486.0
NORAD-52863,46.6265,173.2524,534.8
NORAD-52864,-43.8063,74.9423,552.1
NORAD-52865,15.9112,133.2668,545.2
NORAD-52866,-15.9427,108.5587,549.8
NORAD-52867,-39.5808,-21.8017,495.6
NORAD-52868,0.0075,120.9597,547.7
NORAD-52869,38.2012,-105.2950,530.5
NORAD-52871,-9.9410,-62.2886,496.4
NORAD-52872,-52.9046,12.4654,491.2
NORAD-52873,30.4256,135.9605,483.5
NORAD-52875,47.5911,-125.4282,475.3
NORAD-52876,44.0425,-116.8323,478.3
NORAD-52877,-0.3152,110.6881,546.1
NORAD-52878,13.5690,-80.7509,483.0
NORAD-52879,-47.0343,56.1616,489.8
NORAD-52880,-47.9723,-13.8929,486.1
NORAD-52882,39.7226,148.8069,532.2
NORAD-52888,-17.1695,-105.7151,1423.4
NORAD-52893,-13.3706,139.0662,466.6
NORAD-52894,-6.6093,34.3164,711.0
NORAD-52895,-68.9075,13.6719,713.5
NORAD-52896,-46.9817,-115.1524,701.9
NORAD-52897,-9.3622,-138.7733,687.9
NORAD-52898,6.1989,-140.6809,685.4
NORAD-52899,-59.9879,26.3138,694.6
NORAD-52900,10.4276,-143.1140,691.1
NORAD-52903,-0.0031,83.0058,35799.2
NORAD-52904,-0.0269,91.5248,35795.2
NORAD-52905,5.3187,10.2467,24299.4
NORAD-52906,-2.2910,-110.6772,20547.8
NORAD-52907,-17.3812,-92.1778,502.9
NORAD-52908,26.9860,-104.9905,379.7
NORAD-52912,-79.7528,13.0281,645.3
NORAD-52913,-81.9793,145.9492,499.9
NORAD-52933,-0.0341,-139.0206,35796.2
NORAD-52934,15.9957,-176.0989,8141.8
NORAD-52935,3.8111,119.3172,526.0
NORAD-52939,-6.7102,164.5065,502.5
NORAD-52940,1.9542,119.3382,35792.0
NORAD-52942,-2.7775,-164.9172,39853.8
NORAD-52943,-0.3590,-34.5009,36228.4
NORAD-52967,9.6344,-25.0256,15539.1
NORAD-52969,-3.4680,112.6519,31434.4
NORAD-52971,-9.5254,154.3855,16747.8
NORAD-52972,-0.0143,88.2581,32928.6
NORAD-52973,12.7444,58.2079,31730.4
NORAD-52983,19.6688,-145.9246,694.2
NORAD-52984,-49.6425,171.9196,19119.2
NORAD-52985,-5.3429,31.2340,19409.4
NORAD-52986,-33.7462,159.7077,496.9
NORAD-52987,-49.3158,81.5749,542.9
NORAD-52988,39.4470,-132.3020,482.2
NORAD-52989,-44.1061,53.5791,424.9
NORAD-52990,-14.0048,30.4345,494.3
NORAD-52991,15.6801,7.6207,489.3
NORAD-52992,-46.5391,148.6510,552.2
NORAD-52994,52.8560,-88.5995,475.5
NORAD-52995,35.9364,-137.3032,493.2
NORAD-52996,-38.4985,46.6914,505.3
NORAD-52998,-50.8397,76.3852,489.3
NORAD-52999,-43.1683,54.2922,495.3
NORAD-53000,51.0679,-58.4275,482.9
NORAD-53001,49.5086,-51.5201,488.8
NORAD-53002,43.2143,-35.0658,487.7
NORAD-53003,-45.0817,140.8521,495.0
NORAD-53004,-50.6802,77.1737,552.5
NORAD-53005,-29.4736,34.8702,500.3
NORAD-53006,-48.7037,131.6901,514.9
NORAD-53007,39.1856,-132.1276,503.2
NORAD-53008,37.4737,-25.0826,497.2
NORAD-53009,48.6637,-57.5369,539.8
NORAD-53010,-53.1049,102.6786,502.8
NORAD-53011,37.6456,-34.4089,541.3
NORAD-53012,40.9870,-128.4258,540.8
NORAD-53013,-49.0245,59.7557,515.7
NORAD-53014,53.1395,-88.8483,539.1
NORAD-53015,-23.7783,20.2139,550.5
NORAD-53016,-9.0398,7.6968,532.4
NORAD-53017,52.9982,-100.1463,365.9
NORAD-53018,-21.7098,1.4834,390.6
NORAD-53019,11.1551,-7.3487,548.5
NORAD-53020,-8.2405,7.1567,549.0
NORAD-53022,-48.8005,59.8389,552.1
NORAD-53023,-7.9293,174.9243,549.1
NORAD-53024,-23.5277,161.8740,550.8
NORAD-53025,8.0834,-172.9617,546.4
NORAD-53026,-10.1084,6.6994,486.9
NORAD-53027,-41.3821,41.2521,503.9
NORAD-53029,27.1350,-31.6706,543.2
NORAD-53030,-51.0303,67.7339,491.1
NORAD-53031,-19.9919,6.7530,550.2
NORAD-53032,-19.5945,15.4103,494.9
NORAD-53033,-4.2174,-5.9091,548.2
NORAD-53034,30.9460,-35.7362,542.3
NORAD-53035,-34.6599,22.1470,551.3
NORAD-53036,-46.6345,43.4672,551.9
NORAD-53037,-52.8757,72.9804,552.6
NORAD-53038,-50.5637,105.2095,552.5
NORAD-53043,-8.3320,73.0853,560.9
NORAD-53045,74.3116,-131.7921,548.6
NORAD-53046,-58.4255,-92.5654,564.6
NORAD-53047,8.2469,-106.8444,559.3
NORAD-53048,28.7254,79.3691,554.6
NORAD-53049,-51.2342,-96.6460,564.1
NORAD-53050,30.5872,-109.0494,554.4
NORAD-53051,-52.7002,64.4704,564.7
NORAD-53052,-65.7446,-89.3170,564.8
NORAD-53053,-67.1786,56.4299,565.2
NORAD-53054,-45.5345,67.8740,564.1
NORAD-53055,60.1537,-117.6158,550.2
NORAD-53056,43.3864,82.2700,552.1
NORAD-53057,0.7661,-104.7011,558.9
NORAD-53058,-23.1710,71.1316,562.3
NORAD-53059,37.8183,-111.5187,553.5
NORAD-53060,-80.1417,26.6967,565.4
NORAD-53061,67.1663,-123.5127,548.6
NORAD-53062,-37.9836,68.5306,563.9
NORAD-53063,-82.6455,-22.1323,564.8
NORAD-53064,-30.7422,70.9574,563.5
NORAD-53065,-79.0385,-64.3563,564.8
NORAD-53066,21.4136,77.1030,555.9
NORAD-53068,-60.1556,62.4321,564.7
NORAD-53069,52.7448,-115.5266,550.5
NORAD-53070,82.6496,158.2379,548.4
NORAD-53071,72.4919,99.3630,548.3
NORAD-53072,-1.0648,75.1517,559.5
NORAD-53073,-38.4503,-88.0839,513.8
NORAD-53074,-16.7288,-99.9491,433.7
NORAD-53075,22.9683,-108.8306,555.5
NORAD-53076,65.4292,90.4400,549.5
NORAD-53078,-6.8597,-104.8442,560.8
NORAD-53079,15.7048,-106.7285,556.9
NORAD-53080,-72.6284,-80.4766,564.8
NORAD-53081,6.5757,75.0207,558.8
NORAD-53082,80.0743,-152.8658,548.1
NORAD-53083,-43.7523,-97.6830,564.1
NORAD-53084,-29.0128,-100.6206,563.0
NORAD-53085,-74.2347,48.3040,565.0
NORAD-53086,79.0044,115.5427,548.4
NORAD-53088,50.9088,83.2085,550.6
NORAD-53093,-26.7287,171.3257,746.5
NORAD-53100,0.4880,10.5685,35790.4
NORAD-53104,1.5825,-153.7682,573.0
NORAD-53105,24.7281,-157.8840,5890.4
NORAD-53109,-10.4340,9.2136,5853.9
NORAD-53128,-45.9115,93.4664,507.0
NORAD-53130,-6.0309,-94.9673,503.4
NORAD-53134,-50.6173,-155.0469,550.1
NORAD-53135,49.8151,27.2024,478.9
NORAD-53136,-50.2183,-153.3433,540.8
NORAD-53137,-13.9054,-99.8560,534.0
NORAD-53138,-42.4521,-137.1859,552.1
NORAD-53139,-3.9484,-92.0346,548.5
NORAD-53140,-18.4008,-103.5143,549.6
NORAD-53141,-49.6717,-152.1836,498.2
NORAD-53142,-19.7262,105.4615,496.3
NORAD-53143,5.6276,-85.3582,530.4
NORAD-53144,-39.7148,128.3757,493.0
NORAD-53145,20.0353,75.0288,533.3
NORAD-53147,21.0382,-73.4551,485.5
NORAD-53149,48.4930,23.0200,512.7
NORAD-53151,3.6494,-96.4320,532.5
NORAD-53152,36.9930,31.6364,399.5
NORAD-53153,-23.5195,-118.1114,550.7
NORAD-53154,-48.6992,-157.6387,552.5
NORAD-53155,8.0334,-92.9947,546.4
NORAD-53156,48.8353,-40.1715,539.6
NORAD-53158,23.3003,-80.3077,529.7
NORAD-53159,53.1431,-8.8504,538.8
NORAD-53160,23.6479,-79.9065,543.8
NORAD-53161,9.4351,73.7430,536.6
NORAD-53162,46.4418,-47.0272,540.1
NORAD-53163,48.7229,22.4224,539.6
NORAD-53164,37.6821,45.5462,541.4
NORAD-53165,-23.7540,100.1895,550.9
NORAD-53166,42.4470,18.3115,384.1
NORAD-53167,47.5526,10.8627,539.6
NORAD-53168,-8.2104,87.1416,548.9
NORAD-53169,-39.4500,104.2783,551.7
NORAD-53170,29.2286,-79.3173,542.9
NORAD-53171,-5.5067,54.8102,544.1
NORAD-53172,47.9251,19.6311,525.1
NORAD-53173,-2.5941,-126.0837,535.5
NORAD-53174,-14.0171,99.5762,480.6
NORAD-53175,-12.1274,100.2031,549.5
NORAD-53176,5.6836,61.5636,546.9
NORAD-53177,20.5603,-107.7850,535.1
NORAD-53178,-37.9718,116.7432,551.7
NORAD-53179,-53.1393,131.2355,552.6
NORAD-53180,37.5387,5.6294,541.4
NORAD-53182,-28.1545,-148.3064,507.5
NORAD-53183,-1.4692,-135.2889,539.8
NORAD-53184,-48.5847,162.3086,552.4
NORAD-53189,-58.6634,147.4284,564.9
NORAD-53190,-45.5855,-52.1746,563.6
NORAD-53191,18.9584,135.1535,453.8
NORAD-53192,59.9542,122.5432,550.1
NORAD-53193,-67.2124,-63.5315,564.1
NORAD-53194,-29.0014,139.3681,563.0
NORAD-53197,-79.1955,176.3608,565.2
NORAD-53198,65.7112,-29.2390,548.9
NORAD-53199,72.5154,-20.7002,548.8
NORAD-53200,0.8019,135.1926,559.7
NORAD-53201,79.5899,5.6257,424.0
NORAD-53202,13.8408,-42.8329,557.1
NORAD-53203,-1.0641,-44.7900,558.8
NORAD-53204,-80.9789,-165.2130,466.2
NORAD-53205,-30.5139,-48.9741,562.3
NORAD-53206,43.5414,-37.6861,552.2
NORAD-53207,-21.6854,137.0952,561.9
NORAD-53208,-6.8099,135.1105,561.2
NORAD-53209,-80.0471,-92.5356,565.5
NORAD-53210,8.1967,133.1465,558.4
NORAD-53212,-15.8225,-46.7441,561.2
NORAD-53213,36.3067,-40.3776,552.6
NORAD-53214,37.6900,128.5232,554.3
NORAD-53215,-72.5705,159.4048,565.1
NORAD-53216,78.9967,-4.6028,548.3
NORAD-53218,0.6655,135.3682,562.1
NORAD-53219,-73.8633,-70.9351,564.1
NORAD-53220,80.0962,87.0397,547.9
NORAD-53221,-66.0619,151.0199,565.1
NORAD-53224,66.8038,116.7989,550.0
NORAD-53225,-60.2018,-57.6174,563.3
NORAD-53226,21.4513,-42.9137,555.3
NORAD-53227,-14.4687,137.2146,562.7
NORAD-53228,22.9214,131.1904,556.3
NORAD-53229,-43.2771,142.3515,564.0
NORAD-53230,74.0766,108.7177,548.5
NORAD-53231,15.4807,133.3040,558.2
NORAD-53232,6.4901,-44.9770,557.1
NORAD-53233,-38.0117,-51.5417,563.5
NORAD-53234,-73.6261,-68.8141,430.5
NORAD-53239,-11.3760,107.9653,396.3
NORAD-53242,45.0790,67.1789,540.1
NORAD-53243,-52.4084,-136.2398,549.6
NORAD-53244,4.0024,117.9159,530.5
NORAD-53246,-3.9421,123.8270,534.1
NORAD-53247,29.0907,-39.2331,542.9
NORAD-53248,52.4631,38.6701,538.9
NORAD-53249,-34.2888,-100.9560,489.6
NORAD-53250,44.1192,64.1941,523.5
NORAD-53251,-53.0448,-164.9074,499.2
NORAD-53252,-22.9782,128.5186,490.1
NORAD-53253,-34.9370,141.6613,503.4
NORAD-53254,52.0061,37.2529,539.0
NORAD-53255,-4.2506,114.1258,548.3
NORAD-53256,11.7206,101.9836,545.9
NORAD-53257,-46.6036,163.3866,552.2
NORAD-53258,-20.0063,126.7719,550.3
NORAD-53259,52.8917,12.8559,538.9
NORAD-53261,-5.9258,-73.6213,534.4
NORAD-53262,-34.8203,-100.5928,534.4
NORAD-53263,-33.7483,139.7927,490.4
NORAD-53264,-50.5531,-134.7369,552.5
NORAD-53265,41.3825,-27.8219,525.3
NORAD-53266,37.3498,-34.2879,524.7
NORAD-53267,50.4795,45.4771,521.9
NORAD-53268,-38.7174,146.7791,505.3
NORAD-53272,-45.4455,-129.8215,490.5
NORAD-53273,-31.4054,-107.3153,498.1
NORAD-53274,-47.8401,-136.0327,493.1
NORAD-53275,18.5515,85.7103,506.8
NORAD-53276,36.8633,-46.0818,489.8
NORAD-53277,-11.8050,-88.9903,517.3
NORAD-53278,39.2561,-41.6971,499.0
NORAD-53280,4.0095,-121.5713,526.3
NORAD-53282,53.1109,12.5519,474.1
NORAD-53283,43.8904,53.7339,485.9
NORAD-53285,-42.1768,142.5617,501.7
NORAD-53286,-51.9718,173.8168,518.2
NORAD-53287,-34.8374,131.3280,494.7
NORAD-53288,5.0233,96.0817,497.9
NORAD-53289,52.7883,-3.6138,494.0
NORAD-53290,48.2976,-21.8715,537.2
NORAD-53291,-19.1453,110.3898,515.9
NORAD-53292,-10.6466,108.0599,489.5
NORAD-53293,-53.0629,-174.9076,534.1
NORAD-53294,37.5551,55.5379,532.1
NORAD-53318,34.7382,101.9756,489.0
NORAD-53320,-15.5920,148.1786,435.6
NORAD-53323,79.0910,139.5602,336.0
NORAD-53346,-18.4227,-38.7705,512.3
NORAD-53354,-64.2369,-152.3556,603.5
NORAD-53355,-3.0769,139.0430,35801.6
NORAD-53356,3.0582,7.5687,34249.6
NORAD-53364,-49.8760,-91.3921,534.9
NORAD-53370,62.9373,-34.6640,487.8
NORAD-53388,8.0580,-132.9808,546.5
NORAD-53389,37.6899,-103.6746,541.7
NORAD-53390,23.5639,-119.9884,543.6
NORAD-53391,48.8188,-80.1000,539.6
NORAD-53392,48.6784,-17.5754,539.5
NORAD-53393,53.1416,-48.7836,538.9
NORAD-53394,34.6178,-118.3345,531.9
NORAD-53395,40.9537,0.3488,540.8
NORAD-53396,-23.7910,60.2290,550.6
NORAD-53397,23.3920,22.0056,543.8
NORAD-53398,-48.8433,99.9866,552.0
NORAD-53399,-8.2200,47.1448,549.0
NORAD-53400,-37.7364,-174.5326,551.8
NORAD-53401,-37.8930,76.6228,551.3
NORAD-53402,-23.5052,-158.1008,550.8
NORAD-53403,52.8263,-57.3728,538.9
NORAD-53404,51.7411,-77.2381,528.2
NORAD-53405,-7.9317,-145.0677,548.9
NORAD-53406,-25.5131,51.7274,530.0
NORAD-53408,46.5350,-96.7934,540.0
NORAD-53409,-18.5069,34.7567,505.4
NORAD-53410,52.8697,-67.1059,539.0
NORAD-53411,34.5256,-118.0274,542.0
NORAD-53412,27.1672,8.3004,543.3
NORAD-53413,50.5594,-34.7660,539.3
NORAD-53414,11.7361,21.9666,545.9
NORAD-53415,-27.3467,53.6823,537.0
NORAD-53416,-52.8751,112.9013,552.6
NORAD-53417,-20.0055,46.7668,550.4
NORAD-53418,47.1233,-106.3680,496.8
NORAD-53419,-34.5878,62.0548,551.4
NORAD-53420,-3.5764,-151.8943,527.5
NORAD-53421,-42.0295,168.3066,533.3
NORAD-53422,26.8230,-126.9279,524.6
NORAD-53423,17.1387,-138.0344,476.1
NORAD-53424,33.7020,-119.1481,530.5
NORAD-53425,43.1096,-106.1179,478.6
NORAD-53426,-40.6382,60.2101,502.6
NORAD-53429,-42.5540,156.5351,510.1
NORAD-53430,12.8925,-150.2295,499.5
NORAD-53431,20.7110,-143.6597,501.9
NORAD-53432,50.1012,-44.0118,492.4
NORAD-53433,32.9230,-8.6884,522.1
NORAD-53434,38.8444,-58.7309,149.8
NORAD-53435,43.8944,-26.4768,487.3
NORAD-53436,16.2728,-147.4826,503.3
NORAD-53438,49.2287,-40.6844,496.3
NORAD-53439,35.2567,-128.1707,493.3
NORAD-53444,-80.5552,-98.9133,357.5
NORAD-53445,-71.8058,-129.3101,376.1
NORAD-53446,-82.4284,-63.2734,373.9
NORAD-53448,-76.8786,-6.7960,366.2
NORAD-53449,-73.5298,3.0800,327.9
NORAD-53452,-53.6935,18.1568,347.6
NORAD-53453,21.8724,32.1020,349.7
NORAD-53465,-51.0788,-155.5550,564.4
NORAD-53466,82.3906,110.6852,371.9
NORAD-53467,-82.2271,-80.0869,372.5
NORAD-53468,-58.5686,-153.6789,564.8
NORAD-53469,37.9437,-170.3758,554.3
NORAD-53470,-30.5849,9.8657,562.7
NORAD-53471,-65.5631,-148.3554,564.6
NORAD-53472,-0.8653,14.0727,559.2
NORAD-53473,30.4351,-165.3291,430.0
NORAD-53474,30.2263,-170.0333,556.0
NORAD-53475,41.4883,27.3173,388.3
NORAD-53476,59.1391,-178.1008,553.4
NORAD-53477,79.1212,64.5385,370.1
NORAD-53478,28.8772,18.2086,554.5
NORAD-53479,-52.8409,5.6715,564.0
NORAD-53480,28.2382,24.7637,405.1
NORAD-53481,2.9018,-160.0737,382.4
NORAD-53482,82.6663,98.5281,548.6
NORAD-53484,23.0247,-167.8197,557.6
NORAD-53485,73.9290,167.8625,549.5
NORAD-53486,-29.8913,-154.8324,378.8
NORAD-53487,50.9564,24.4038,551.4
NORAD-53488,-67.2824,-2.4113,564.5
NORAD-53489,-41.0273,-159.3963,563.4
NORAD-53490,47.3694,28.0117,459.3
NORAD-53491,27.2053,-162.8900,400.2
NORAD-53492,-63.0720,-146.4326,436.1
NORAD-53494,-80.1978,-32.4450,564.9
NORAD-53495,45.1042,-173.1876,553.8
NORAD-53497,0.5438,-165.9013,561.2
NORAD-53498,67.2028,177.5489,549.1
NORAD-53499,-80.8340,-36.2074,466.0
NORAD-53500,-57.1092,9.9833,335.4
NORAD-53501,-21.8600,17.4142,388.0
NORAD-53502,-53.6961,11.2343,394.2
NORAD-53504,-43.1143,-152.3027,412.5
NORAD-53505,14.4273,-153.4078,337.6
NORAD-53506,-56.6373,-146.4089,366.8
NORAD-53508,-36.3417,-159.2389,563.5
NORAD-53509,39.3925,-166.0911,384.3
NORAD-53516,-19.7035,-44.7373,23587.6
NORAD-53520,8.2043,70.4129,34782.2
NORAD-53522,-19.3708,177.7235,503.9
NORAD-53524,-34.8318,97.2523,468.6
NORAD-53526,-23.8095,91.3154,503.0
NORAD-53528,46.5358,-136.7930,540.0
NORAD-53529,30.1557,-38.1904,523.9
NORAD-53530,19.6898,-173.2925,544.5
NORAD-53531,40.8340,-49.4585,541.1
NORAD-53532,-40.9004,130.4252,552.1
NORAD-53533,-27.2651,148.1842,551.0
NORAD-53535,-11.8672,161.8604,549.2
NORAD-53536,9.4577,167.5358,500.3
NORAD-53537,-15.9824,158.4973,549.8
NORAD-53539,4.0549,173.9724,547.2
NORAD-53540,-46.6352,108.7467,552.3
NORAD-53541,34.5080,-158.0494,541.9
NORAD-53542,-41.6724,118.0934,510.8
NORAD-53543,15.0054,171.3115,483.9
NORAD-53544,-49.5031,98.6670,504.9
NORAD-53545,6.3573,-24.6242,500.7
NORAD-53546,-14.2919,-19.3883,507.9
NORAD-53547,-53.1334,71.2682,502.2
NORAD-53548,-52.0274,54.7744,552.5
NORAD-53551,-43.9657,27.2371,552.2
NORAD-53552,-30.8848,134.2844,551.1
NORAD-53553,0.1133,160.8844,547.7
NORAD-53554,-4.1143,157.8433,548.3
NORAD-53555,-43.8447,114.8667,552.4
NORAD-53556,31.0186,-172.2800,542.6
NORAD-53557,-15.8338,148.6486,549.9
NORAD-53558,21.8722,173.1629,544.2
NORAD-53560,19.6515,-44.4209,544.5
NORAD-53561,43.9335,-152.8304,540.4
NORAD-53562,47.8924,-86.2521,492.0
NORAD-53563,-24.3414,130.2508,496.3
NORAD-53564,-36.5571,116.3349,503.8
NORAD-53565,-48.4679,92.3210,500.2
NORAD-53566,52.2934,-106.0645,493.7
NORAD-53567,-12.1400,-19.6894,549.4
NORAD-53568,9.6653,157.3260,500.3
NORAD-53569,-32.7533,121.2629,507.9
NORAD-53570,26.5630,-52.2806,488.5
NORAD-53571,26.2885,171.6879,503.3
NORAD-53572,42.2033,-73.0588,497.5
NORAD-53574,43.2875,-75.1476,488.0
NORAD-53575,-0.8432,-29.7056,493.4
NORAD-53576,-7.9951,144.6800,548.9
NORAD-53577,52.0692,-104.3359,491.8
NORAD-53578,10.8032,-38.5331,507.7
NORAD-53579,45.6694,-80.3400,498.8
NORAD-53586,27.9247,-135.0010,548.4
NORAD-53587,18.9402,-24.1508,629.6
NORAD-53588,48.7265,102.5176,539.4
NORAD-53589,46.4534,31.9400,486.5
NORAD-53590,-21.2048,-56.4165,353.5
NORAD-53591,-41.4586,-157.5890,534.6
NORAD-53592,42.4017,23.0926,488.8
NORAD-53594,6.8014,-56.2192,176.6
NORAD-53595,24.3303,140.5918,495.8
NORAD-53598,17.2751,146.9037,534.9
NORAD-53600,51.7880,53.4577,524.9
NORAD-53601,-1.7200,-21.2948,505.9
NORAD-53602,-52.4561,-101.4171,552.6
NORAD-53603,17.7039,142.2599,544.7
NORAD-53604,-32.6220,-52.8939,551.1
NORAD-53605,15.4197,107.1863,206.6
NORAD-53606,-4.0958,154.1223,548.3
NORAD-53607,-42.7778,-70.2081,477.5
NORAD-53608,27.2059,128.4590,542.9
NORAD-53609,-39.3809,-168.1610,486.0
NORAD-53610,0.0196,151.0410,547.7
NORAD-53612,-19.8793,166.7349,550.4
NORAD-53613,11.7887,142.0851,545.7
NORAD-53616,-31.2047,167.8129,551.4
NORAD-53619,-46.5911,-156.6564,552.2
NORAD-53620,-27.1781,-51.8689,551.1
NORAD-53621,-52.8778,-127.0547,552.7
NORAD-53622,52.8980,52.9131,538.8
NORAD-53623,0.8195,-30.7910,485.6
NORAD-53624,-29.6714,-56.6148,482.2
NORAD-53626,46.6640,23.1829,539.8
NORAD-53627,19.9675,-13.5451,544.5
NORAD-53628,50.4406,85.3252,539.3
NORAD-53629,34.6785,1.8537,541.7
NORAD-53630,-27.3404,163.8102,551.0
NORAD-53631,40.6035,110.4654,540.9
NORAD-53632,-52.0480,-145.0963,552.7
NORAD-53633,-43.9823,-172.6999,552.6
NORAD-53634,-43.7557,-85.0350,552.3
NORAD-53636,-15.7473,-51.4443,550.0
NORAD-53637,19.7958,125.4592,544.3
NORAD-53638,52.0810,34.7828,539.0
NORAD-53639,-47.4307,-176.9787,405.3
NORAD-53640,16.0525,-26.8645,545.2
NORAD-53641,-30.9737,-65.9474,551.8
NORAD-53648,82.6707,-141.0700,547.8
NORAD-53649,-24.8708,137.0960,420.1
NORAD-53650,74.0086,-72.2732,548.0
NORAD-53651,37.1653,-44.2961,375.0
NORAD-53652,-14.2755,-43.9198,561.7
NORAD-53653,58.5921,152.4822,410.1
NORAD-53654,37.9951,-50.4480,552.9
NORAD-53655,-82.3855,49.0967,413.0
NORAD-53656,58.3519,146.2369,549.8
NORAD-53658,-80.1981,87.5547,565.8
NORAD-53660,13.9735,136.0807,557.5
NORAD-53661,0.5749,-45.8805,559.6
NORAD-53662,-7.5893,140.0393,401.9
NORAD-53663,-78.8082,-4.3017,565.3
NORAD-53664,65.4499,151.5648,548.9
NORAD-53665,36.4834,146.8741,390.4
NORAD-53667,53.9021,150.6417,460.8
NORAD-53668,-28.6272,-34.2659,388.6
NORAD-53669,81.3812,-158.4442,399.4
NORAD-53670,-21.5892,-41.7319,561.9
NORAD-53671,45.3306,-53.2585,551.3
NORAD-53672,-30.6018,129.8926,563.6
NORAD-53673,10.2064,-42.5249,432.6
NORAD-53674,-0.9040,134.1028,560.0
NORAD-53675,80.1650,-92.2200,547.6
NORAD-53676,-72.7172,-21.4438,565.6
NORAD-53677,-50.9921,-35.5580,564.5
NORAD-53679,50.9860,144.5046,551.5
NORAD-53680,-35.9395,-39.3503,563.6
NORAD-53681,-82.1688,37.1043,369.6
NORAD-53682,-38.2230,129.4873,564.6
NORAD-53683,-29.1578,-41.6373,563.3
NORAD-53684,-43.9145,-38.7025,564.2
NORAD-53685,72.7389,158.4915,548.6
NORAD-53686,29.0666,138.2659,555.0
NORAD-53687,-52.9394,125.5194,565.4
NORAD-53688,-60.0226,121.3780,565.2
NORAD-53690,-58.5523,-33.6923,565.5
NORAD-53691,8.1813,-45.7382,558.3
NORAD-53692,10.3128,146.1284,490.3
NORAD-53693,-67.3310,117.5654,565.5
NORAD-53698,36.5908,-90.2312,700.1
NORAD-53699,48.1801,-11.1776,494.4
NORAD-53700,23.8008,-0.1324,543.7
NORAD-53701,38.0263,16.4123,541.3
NORAD-53702,-53.0591,-119.7009,552.7
NORAD-53703,-23.4187,-38.2722,550.6
NORAD-53704,47.6462,35.8191,485.9
NORAD-53705,53.1425,71.1858,538.7
NORAD-53706,7.7558,155.1316,546.6
NORAD-53707,-27.8943,169.3192,549.5
NORAD-53708,-47.5863,-89.3425,552.5
NORAD-53709,2.1948,-12.7278,547.5
NORAD-53711,-44.3560,-62.7952,483.5
NORAD-53712,52.5691,63.8342,538.9
NORAD-53715,-45.8639,-60.5649,512.9
NORAD-53716,8.9450,-2.6485,537.2
NORAD-53718,37.6092,26.4709,541.3
NORAD-53719,31.1826,-12.4626,542.5
NORAD-53720,24.3082,9.6357,490.1
NORAD-53721,-16.5606,-22.2364,533.7
NORAD-53722,-24.1933,-29.0211,530.4
NORAD-53723,49.4209,51.5493,525.0
NORAD-53724,-38.5087,-153.2209,516.2
NORAD-53726,-20.2155,-25.3714,531.3
NORAD-53727,-46.9688,-62.6903,531.5
NORAD-53728,50.1676,105.7050,479.1
NORAD-53729,-11.3570,179.5884,545.9
NORAD-53730,-49.0589,-69.7516,495.1
NORAD-53731,-28.1213,-37.6136,527.9
NORAD-53732,-46.6276,-62.4868,501.2
NORAD-53733,52.2540,94.1669,466.7
NORAD-53734,1.3335,169.9589,538.2
NORAD-53735,47.9195,55.8871,485.8
NORAD-53736,-25.9793,-168.3764,504.3
NORAD-53738,3.6234,2.6023,493.1
NORAD-53740,31.9904,27.7363,502.5
NORAD-53742,-19.4104,-15.3769,501.5
NORAD-53743,-21.4328,-17.1640,488.5
NORAD-53744,16.1386,13.0809,545.5
NORAD-53745,-5.8463,-4.4901,488.3
NORAD-53746,-1.8410,-1.4811,491.2
NORAD-53750,40.1087,38.9541,479.8
NORAD-53754,11.8099,-141.0892,724.5
NORAD-53757,-39.1460,-152.6674,700.2
NORAD-53758,48.6298,-61.0923,682.8
NORAD-53760,-29.6062,80.7182,507.2
NORAD-53761,-22.8852,65.7143,453.0
NORAD-53763,34.5341,-106.7166,494.6
NORAD-53765,0.0346,2.7346,35782.3
NORAD-53766,-3.8698,1.4939,45200.9
NORAD-53773,-42.2750,-22.1112,555.4
NORAD-53774,-23.4654,1.8181,550.6
NORAD-53775,51.3170,121.1470,492.7
NORAD-53777,-19.8707,-153.1985,550.5
NORAD-53778,53.1405,106.2200,529.2
NORAD-53779,-1.4436,-168.4832,497.5
NORAD-53780,-4.0384,-165.8436,548.4
NORAD-53781,-50.5658,-54.7975,552.6
NORAD-53782,44.7330,99.8600,99.6
NORAD-53783,-27.2185,-11.8314,551.2
NORAD-53784,-42.4431,-126.3939,502.2
NORAD-53787,41.8158,148.4246,511.9
NORAD-53789,46.6652,63.2682,539.7
NORAD-53790,9.5373,-176.7800,511.1
NORAD-53792,-3.7788,7.9472,503.5
NORAD-53793,6.7796,-174.6705,511.4
NORAD-53794,-11.1511,-161.0993,512.6
NORAD-53795,47.9414,134.3657,527.3
NORAD-53797,-52.7231,-89.6812,522.1
NORAD-53798,-52.4204,-66.7307,520.2
NORAD-53799,47.2942,125.5586,477.9
NORAD-53800,-8.4310,123.9473,389.3
NORAD-53801,49.8809,117.0519,485.7
NORAD-53802,-0.4317,-179.9267,485.7
NORAD-53803,-51.3408,-83.5999,553.0
NORAD-53804,32.7386,24.5292,542.1
NORAD-53805,-53.1112,-101.4100,537.3
NORAD-53806,17.9503,-0.1715,544.8
NORAD-53807,30.7129,-119.1608,457.6
NORAD-53813,0.0254,81.4164,35792.9
NORAD-53815,8.3330,137.2104,456.8
NORAD-53817,36.3742,-16.3236,329.4
NORAD-53819,23.9395,59.8338,502.3
NORAD-53820,-0.0881,41.0810,547.7
NORAD-53823,23.1589,157.2059,542.2
NORAD-53824,44.1549,87.0449,540.1
NORAD-53825,30.9444,67.7780,542.5
NORAD-53826,30.7945,-165.6662,542.9
NORAD-53827,52.0238,114.8160,539.0
NORAD-53828,15.6395,-151.2831,545.3
NORAD-53829,51.9614,147.5573,539.1
NORAD-53830,-16.2233,-126.6454,549.9
NORAD-53831,43.7458,175.0536,540.3
NORAD-53832,-44.0636,-92.8046,552.3
NORAD-53833,3.8823,-142.1119,547.2
NORAD-53834,-51.9177,-32.4858,552.3
NORAD-53835,-31.2234,-112.2530,551.4
NORAD-53836,-25.8547,-1.0860,416.4
NORAD-53837,-52.0875,-65.0791,552.6
NORAD-53838,27.2866,53.8466,543.3
NORAD-53839,-4.0984,28.0952,548.2
NORAD-53840,32.6762,-179.9488,472.9
NORAD-53841,40.9532,71.6453,540.8
NORAD-53842,34.2703,-179.8241,541.9
NORAD-53843,50.6308,97.0375,539.0
NORAD-53844,46.0360,159.9524,542.7
NORAD-53845,46.3759,159.0844,539.9
NORAD-53846,-27.5797,-126.2049,551.1
NORAD-53847,19.5168,-164.5544,544.6
NORAD-53848,-50.7091,-82.9500,552.3
NORAD-53849,37.0222,174.3769,479.5
NORAD-53850,-34.2397,-0.1395,551.4
NORAD-53851,-41.1304,-108.4009,551.7
NORAD-53852,13.6725,-164.6507,545.5
NORAD-53853,-52.8115,-50.5356,552.7
NORAD-53854,7.8928,27.1262,546.6
NORAD-53855,-7.2706,-145.8225,479.5
NORAD-53856,-16.6910,-16.3663,322.3
NORAD-53857,28.7627,53.2922,480.2
NORAD-53858,-0.4236,164.2660,250.3
NORAD-53859,-42.2485,-17.3352,552.1
NORAD-53860,48.7441,79.7711,539.4
NORAD-53861,20.4652,-175.3578,527.1
NORAD-53863,48.6928,142.4108,539.5
NORAD-53864,-7.7185,14.6607,548.9
NORAD-53866,-46.5874,-127.5434,492.8
NORAD-53867,23.4035,19.0390,450.6
NORAD-53868,-13.3129,-169.6321,505.5
NORAD-53869,36.4961,44.0859,513.6
NORAD-53870,-30.3111,-26.1009,491.2
NORAD-53871,-17.7805,-14.0520,504.6
NORAD-53876,6.6522,-10.4361,431.0
NORAD-53877,-13.5797,-108.1259,797.9
NORAD-53878,16.0689,149.7646,581.7
NORAD-53881,53.1232,-135.0501,969.7
NORAD-53886,48.7281,-177.5189,539.5
NORAD-53887,7.8452,-124.8920,546.6
NORAD-53888,-25.1730,-7.7037,133.9
NORAD-53889,23.4768,-137.9278,543.9
NORAD-53890,2.1543,27.3270,547.4
NORAD-53891,51.3753,157.1737,403.4
NORAD-53892,-48.6742,2.3063,552.4
NORAD-53893,-34.4577,-88.1090,551.7
NORAD-53894,-29.6499,25.1892,460.4
NORAD-53895,-8.5927,-149.3750,252.7
NORAD-53896,-37.6903,25.3696,551.8
NORAD-53897,-26.1845,-119.8986,336.3
NORAD-53898,8.1639,66.8199,546.5
NORAD-53899,-51.5443,-46.5646,237.4
NORAD-53900,37.9858,96.4012,541.1
NORAD-53902,48.6504,69.0487,530.5
NORAD-53903,-27.3108,37.9561,550.9
NORAD-53904,51.5644,131.3595,536.2
NORAD-53905,40.9081,-169.3650,540.9
NORAD-53906,19.9812,66.4618,544.8
NORAD-53908,11.8146,-137.9533,545.9
NORAD-53909,33.5583,81.1577,544.5
NORAD-53911,27.2258,-151.5796,543.2
NORAD-53912,46.5776,102.9579,539.8
NORAD-53913,-46.6147,-76.6078,552.9
NORAD-53914,-52.8611,-47.2767,552.5
NORAD-53916,-12.9534,18.7768,487.4
NORAD-53917,53.1799,122.3137,369.5
NORAD-53918,-50.5824,-14.9729,552.4
NORAD-53919,37.6247,83.2200,506.5
NORAD-53920,-15.9271,-116.6524,550.0
NORAD-53922,4.0870,53.7448,546.8
NORAD-53923,-27.1951,28.0948,551.0
NORAD-53924,27.6238,-167.2607,422.1
NORAD-53925,52.8937,132.8813,539.0
NORAD-53926,-46.8464,-102.8475,399.7
NORAD-53928,-43.7345,-5.0065,552.3
NORAD-53929,30.6541,77.6819,542.6
NORAD-53930,-49.7582,-109.3813,345.7
NORAD-53932,-21.8226,-126.5118,550.5
NORAD-53933,-30.8388,14.1997,551.5
NORAD-53934,-36.2845,-110.6283,551.9
NORAD-53935,24.9829,8.5029,249.3
NORAD-53936,-24.7907,-125.1342,488.6
NORAD-53943,-34.5951,-18.8527,504.7
NORAD-53947,-18.3286,-119.7509,457.7
NORAD-53960,-0.0261,-103.1399,35793.8
NORAD-53961,-0.0493,-130.9438,35795.9
NORAD-53962,3.5065,118.8730,35063.1
NORAD-53964,43.8366,7.1276,540.3
NORAD-53966,51.9729,67.5633,539.0
NORAD-53967,43.7550,95.0961,540.3
NORAD-53968,-0.2773,141.0571,547.8
NORAD-53969,30.7617,114.4280,542.6
NORAD-53970,39.2922,98.1311,541.2
NORAD-53973,-16.1814,153.3747,549.9
NORAD-53974,8.1990,-53.2648,546.5
NORAD-53975,6.1720,-39.8414,547.0
NORAD-53976,42.4439,77.7401,532.8
NORAD-53977,53.0243,51.3000,537.0
NORAD-53978,-6.2788,140.5763,548.6
NORAD-53979,25.2826,115.1864,543.5
NORAD-53980,-49.6067,-106.1215,552.5
NORAD-53981,-48.6538,-117.7257,552.4
NORAD-53982,34.3260,100.1797,541.8
NORAD-53984,50.6121,17.0178,539.2
NORAD-53985,27.2302,-26.1415,543.3
NORAD-53986,33.7288,-30.8892,480.1
NORAD-53988,52.8458,49.4314,538.9
NORAD-53991,0.2295,120.6738,545.4
NORAD-53992,19.5613,115.4814,544.4
NORAD-53993,-51.2783,-123.5456,552.5
NORAD-53994,-27.5881,153.8721,551.0
NORAD-53995,3.7692,128.0631,547.2
NORAD-53996,-41.1729,171.7377,552.0
NORAD-53997,48.9956,0.6955,529.5
NORAD-53998,-52.8083,-130.4063,552.6
NORAD-53999,-12.2157,140.1923,549.4
NORAD-54000,32.3094,92.6856,525.1
NORAD-54002,-38.5513,-98.1217,490.9
NORAD-54003,-50.7298,-162.7914,552.2
NORAD-54004,-34.2608,-80.0935,551.8
NORAD-54005,-46.3157,-101.0556,552.2
NORAD-54006,3.6757,-47.4145,532.9
NORAD-54007,-19.5232,-64.8416,550.4
NORAD-54008,-7.7656,-65.2926,548.9
NORAD-54009,-3.7462,-52.2781,548.1
NORAD-54010,23.8157,-40.1739,543.9
NORAD-54011,31.3126,93.8534,527.8
NORAD-54012,50.0319,2.4616,477.6
NORAD-54013,-37.0493,155.2820,539.1
NORAD-54015,15.6167,-47.2320,519.0
NORAD-54020,-22.2401,27.4390,700.4
NORAD-54021,-25.5850,26.4232,704.6
NORAD-54023,-35.0328,73.4186,772.9
NORAD-54024,-28.7684,138.9790,545.2
NORAD-54026,-0.0313,-133.0054,35797.7
NORAD-54027,-0.0394,-128.9902,35797.7
NORAD-54028,-4.1937,44.7546,7272.0
NORAD-54029,-12.8964,-101.0436,739.3
NORAD-54030,-6.7508,-102.1227,703.7
NORAD-54031,62.6967,-84.5267,19135.3
NORAD-54032,10.2355,-147.5410,19370.2
NORAD-54033,0.0294,22.9994,35791.6
NORAD-54034,1.0115,-11.8357,36205.5
NORAD-54035,-76.1516,111.8248,502.5
NORAD-54039,10.6764,-94.8842,363.9
NORAD-54042,-5.4658,-92.0035,485.5
NORAD-54043,-34.3312,162.3664,474.0
NORAD-54045,7.5525,-123.3514,415.3
NORAD-54048,0.0133,13.0734,35796.9
NORAD-54049,27.3076,17.2560,55445.0
NORAD-54051,-15.4857,69.5579,552.3
NORAD-54052,-15.7482,28.5339,549.8
NORAD-54053,5.3067,-104.3992,485.0
NORAD-54054,-28.3695,56.8774,519.3
NORAD-54055,43.8090,-144.8948,540.6
NORAD-54056,44.2308,127.3875,540.1
NORAD-54058,-16.0952,-86.5727,550.0
NORAD-54059,-0.1929,-98.8801,547.9
NORAD-54060,34.6489,81.7915,542.0
NORAD-54061,39.6705,83.9833,539.1
NORAD-54062,-31.1365,-72.1753,551.3
NORAD-54064,13.6739,-155.8246,483.3
NORAD-54065,-51.9438,7.5162,552.4
NORAD-54066,30.9039,-125.4094,545.2
NORAD-54067,-30.8159,54.1358,551.2
NORAD-54068,-43.7460,34.8822,552.0
NORAD-54070,0.1781,80.7545,547.5
NORAD-54071,16.0924,93.0737,545.3
NORAD-54073,21.8705,93.1014,544.2
NORAD-54074,31.1717,107.5131,542.4
NORAD-54075,-34.4042,-75.3064,489.5
NORAD-54076,52.8693,179.1484,539.1
NORAD-54077,-22.1122,38.8269,550.5
NORAD-54079,52.8518,169.4218,539.1
NORAD-54082,46.4705,-161.0033,539.7
NORAD-54083,3.8140,-111.8725,547.4
NORAD-54084,34.2959,-139.6846,542.1
NORAD-54085,-8.0045,-102.9842,549.2
NORAD-54086,1.7994,-125.3190,547.8
NORAD-54087,27.5399,93.5775,543.1
NORAD-54088,19.6242,-124.4730,544.8
NORAD-54089,-52.8321,-10.6471,552.2
NORAD-54090,-50.6953,-42.8421,552.4
NORAD-54091,41.1548,111.4658,540.8
NORAD-54092,-21.9090,52.9015,319.7
NORAD-54093,-19.5963,55.1961,550.2
NORAD-54095,12.1469,79.8840,545.8
NORAD-54096,-34.3361,39.9099,551.4
NORAD-54097,-53.0534,-39.5868,552.6
NORAD-54098,23.3157,90.1127,544.1
NORAD-54099,50.7481,137.0503,539.3
NORAD-54100,-3.7577,67.8150,548.2
NORAD-54101,-9.5994,-117.4126,508.7
NORAD-54102,-12.1643,-99.7567,549.5
NORAD-54103,-11.7934,41.7061,549.3
NORAD-54104,52.3589,111.2574,486.5
NORAD-54109,60.1255,122.2334,411.2
NORAD-54113,-28.8444,-166.7473,1199.7
NORAD-54114,-31.3948,15.6719,1199.4
NORAD-54115,-43.8037,-167.5960,1200.8
NORAD-54116,-76.1357,22.8673,1201.7
NORAD-54117,-24.9908,-166.5669,1199.2
NORAD-54118,-36.3311,-167.1333,1200.5
NORAD-54119,-1.3502,14.4478,1195.6
NORAD-54120,-68.7169,19.7430,1201.3
NORAD-54121,-58.7531,-169.0408,1201.3
NORAD-54122,1.1162,-165.5604,1195.9
NORAD-54123,16.1662,-164.9964,1193.6
NORAD-54124,43.6406,12.4104,1188.1
NORAD-54125,38.6259,-163.9267,1189.4
NORAD-54126,53.6242,-162.7630,1187.1
NORAD-54127,5.9954,14.1794,1194.5
NORAD-54128,41.2783,165.6956,1184.4
NORAD-54129,-8.9519,14.7284,1197.0
NORAD-54130,-46.3488,16.5892,1200.4
NORAD-54131,-49.6082,16.7958,1198.1
NORAD-54132,28.5912,13.2643,1190.7
NORAD-54133,74.5256,-23.6802,1179.7
NORAD-54134,-87.5268,137.0445,1201.9
NORAD-54135,8.6268,-165.2857,1194.4
NORAD-54136,-80.9075,-178.7287,1201.9
NORAD-54137,21.0419,13.5977,1192.2
NORAD-54138,-6.3812,-165.8334,1197.1
NORAD-54139,-16.4224,15.0015,1198.1
NORAD-54140,-66.2161,-170.3407,1201.6
NORAD-54141,10.5007,-16.5144,1190.2
NORAD-54142,-37.4334,-14.5372,1196.2
NORAD-54143,-23.9346,15.3222,1198.4
NORAD-54144,46.2151,-163.4277,1188.0
NORAD-54145,31.1225,-164.3352,1190.8
NORAD-54146,-78.4947,153.5781,1198.4
NORAD-54147,-53.8508,17.2446,1201.2
NORAD-54148,-14.7781,163.3372,1194.2
NORAD-54149,17.3220,-160.4958,577.0
NORAD-54150,-10.7305,52.6799,1488.6
NORAD-54151,-48.2599,-138.1896,1513.9
NORAD-54152,11.6559,-127.4492,1518.7
NORAD-54153,48.3276,169.1101,8057.0
NORAD-54154,-69.5191,169.2082,8135.2
NORAD-54157,-8.3669,104.5429,549.0
NORAD-54158,-50.6345,-2.8965,552.4
NORAD-54159,-52.8480,29.3645,552.5
NORAD-54160,17.8898,79.9003,544.9
NORAD-54161,-53.1397,20.8280,552.5
NORAD-54162,-34.4809,79.9485,551.5
NORAD-54163,52.5528,178.2441,473.7
NORAD-54164,-16.1456,87.6897,489.6
NORAD-54165,-19.7149,95.3174,550.3
NORAD-54166,-33.9345,69.9742,500.7
NORAD-54167,50.7001,177.0582,539.4
NORAD-54168,-45.5816,50.3938,501.4
NORAD-54169,46.1467,151.3543,502.6
NORAD-54170,43.1169,144.6605,486.0
NORAD-54172,17.2464,-93.5803,483.5
NORAD-54173,52.0054,-153.7152,495.0
NORAD-54174,21.3615,-151.3842,544.5
NORAD-54175,32.4588,128.5843,488.0
NORAD-54176,-40.5590,-40.3566,488.9
NORAD-54177,53.0081,-175.5872,480.7
NORAD-54178,38.1707,-116.2012,488.9
NORAD-54179,16.7691,-93.1808,486.8
NORAD-54181,49.7738,162.4619,488.0
NORAD-54182,-27.6970,-86.2631,551.2
NORAD-54183,49.9741,-143.2386,492.3
NORAD-54184,1.9727,102.3466,508.1
NORAD-54185,53.1340,-171.1662,487.6
NORAD-54187,33.1321,129.4044,492.3
NORAD-54188,-52.8582,-7.0955,552.5
NORAD-54190,-50.5953,25.1779,552.4
NORAD-54191,-34.5103,-57.8067,551.6
NORAD-54192,40.7730,-129.6297,541.2
NORAD-54193,-27.2931,68.2074,550.9
NORAD-54194,4.0590,93.9376,547.1
NORAD-54195,-40.9210,50.4704,551.9
NORAD-54196,34.5536,121.8957,541.9
NORAD-54198,46.5846,143.1817,540.0
NORAD-54199,19.8530,106.5541,544.5
NORAD-54200,50.5007,-154.7495,539.4
NORAD-54201,-11.9208,81.8146,549.4
NORAD-54202,27.0127,-111.8596,543.4
NORAD-54203,52.8789,172.8565,539.6
NORAD-54204,-20.1815,-73.5091,550.5
NORAD-54205,11.5921,-98.2737,546.1
NORAD-54206,52.4401,158.6170,539.0
NORAD-54207,-4.4172,-86.1451,548.5
NORAD-54208,-13.8856,55.2923,549.5
NORAD-54209,15.4838,-111.4006,545.4
NORAD-54214,24.3394,-52.9862,806.9
NORAD-54215,-3.3332,91.9099,780.8
NORAD-54216,-11.3760,107.9653,396.3
NORAD-54219,-5.6015,-142.9145,35728.1
NORAD-54221,-4.0009,-85.9445,36459.1
NORAD-54222,-3.5455,-82.4418,36195.3
NORAD-54223,47.7515,-42.6285,25713.1
NORAD-54224,56.2031,-57.0536,29813.9
NORAD-54225,-0.0332,12.9860,35788.1
NORAD-54226,26.7988,23.8727,53762.4
NORAD-54227,-82.1145,-179.5318,570.3
NORAD-54228,30.8151,-79.8257,469.0
NORAD-54230,-0.0191,163.2330,35804.2
NORAD-54234,-68.5665,171.5624,842.3
NORAD-54235,81.1687,-4.1824,845.9
NORAD-54236,-61.2995,93.3050,843.9
NORAD-54243,-0.0306,-121.0237,35795.6
NORAD-54244,-0.0034,-91.0055,35786.1
NORAD-54249,-18.0887,-55.2847,1152.7
NORAD-54250,-51.8762,-167.4211,1150.8
NORAD-54251,69.7265,-158.6110,372.4
NORAD-54252,-49.1722,-129.0713,389.0
NORAD-54253,3.3636,37.8715,417.8
NORAD-54254,-64.1364,35.3603,231.7
NORAD-54255,38.0338,46.2938,391.3
NORAD-54256,14.3300,69.9346,470.0
NORAD-54259,0.0436,10.0234,35783.2
NORAD-54260,-21.4234,126.4048,14438.3
NORAD-54262,63.2322,-161.1170,1107.5
NORAD-54263,26.3779,-3.8946,1185.8
NORAD-54264,25.8182,-86.6942,1109.5
NORAD-54265,-80.0732,74.9842,1152.2
NORAD-54266,-51.3915,-44.3110,1061.5
NORAD-54267,53.6809,-15.2159,750.1
NORAD-54268,45.0686,32.7534,828.6
NORAD-54269,-23.7134,131.8312,714.1
NORAD-54270,-61.3196,79.8075,865.8
NORAD-54272,13.2740,108.2467,836.2
NORAD-54273,15.7172,-86.4543,810.5
NORAD-54275,-80.0854,-118.3000,629.2
NORAD-54276,14.8661,-1.3727,1053.1
NORAD-54277,-12.5304,-81.0593,815.1
NORAD-54278,-73.0772,102.3997,872.7
NORAD-54279,24.5930,86.3605,693.1
NORAD-54280,-3.0876,-79.6245,827.5
NORAD-54281,35.4470,-74.1007,849.7
NORAD-54282,76.7808,-7.3334,655.8
NORAD-54283,77.2140,27.2814,886.4
NORAD-54284,-40.1009,-105.5351,832.9
NORAD-54285,31.5038,65.4405,838.9
NORAD-54286,8.7025,-12.8273,575.0
NORAD-54288,-42.5518,-23.5513,628.8
NORAD-54289,-66.3813,-129.4227,862.8
NORAD-54290,42.7534,75.2460,713.9
NORAD-54291,63.3538,-94.8677,928.4
NORAD-54292,9.6954,68.4791,851.6
NORAD-54293,26.7665,-74.6964,806.1
NORAD-54294,-31.2805,-170.8614,740.5
NORAD-54295,-70.5372,116.3670,905.2
NORAD-54296,-34.7876,-65.9486,808.5
NORAD-54297,-57.5194,109.1924,799.3
NORAD-54298,-77.4204,107.8731,850.2
NORAD-54299,67.8891,48.8912,888.5
NORAD-54300,-80.8840,-171.1448,830.2
NORAD-54301,-2.3419,86.7732,860.0
NORAD-54302,-53.7020,3.5053,664.0
NORAD-54303,-77.7111,-148.5341,853.6
NORAD-54304,-72.7439,-125.9051,823.4
NORAD-54305,38.9038,95.2891,815.8
NORAD-54306,79.0980,24.6589,879.3
NORAD-54307,62.9074,130.8513,561.1
NORAD-54308,-76.8377,-157.7918,555.9
NORAD-54309,-47.1437,89.5385,843.2
NORAD-54311,-10.0600,154.2270,669.4
NORAD-54312,68.5373,103.3138,773.6
NORAD-54315,69.1291,55.1715,875.8
NORAD-54316,13.2157,74.3892,861.6
NORAD-54318,-45.3805,-113.0998,855.1
NORAD-54320,-1.6223,-132.7535,1021.2
NORAD-54321,-16.5457,-68.2212,793.8
NORAD-54323,-7.1866,74.1145,854.1
NORAD-54325,-13.1547,79.7673,847.9
NORAD-54327,63.3295,-88.9032,888.6
NORAD-54328,53.2131,27.1909,421.8
NORAD-54329,-81.3593,-92.6297,669.6
NORAD-54330,22.0910,96.5067,808.4
NORAD-54331,34.6159,-128.1667,941.1
NORAD-54332,41.0375,-77.2531,835.5
NORAD-54334,-38.9586,-175.9043,516.7
NORAD-54335,68.7271,52.9578,869.9
NORAD-54336,-81.1324,158.3123,849.4
NORAD-54337,58.8669,60.2826,878.0
NORAD-54338,33.4213,-91.5886,868.8
NORAD-54339,-79.9358,-164.6951,844.5
NORAD-54340,-18.5836,171.0619,693.3
NORAD-54341,-71.2587,122.5688,795.7
NORAD-54342,-12.3872,-110.0820,891.9
NORAD-54343,15.4803,-100.6210,884.0
NORAD-54344,-63.0563,-125.7176,870.8
NORAD-54345,-77.1107,-114.7568,768.6
NORAD-54346,-10.7023,-176.0440,490.4
NORAD-54347,-30.7451,-87.8856,881.0
NORAD-54348,-27.1092,-79.8239,844.4
NORAD-54349,67.7314,72.6124,720.5
NORAD-54350,59.8203,-43.4961,824.0
NORAD-54352,51.5580,-124.4720,479.3
NORAD-54353,-24.9985,22.5582,699.5
NORAD-54354,75.7221,129.6377,696.9
NORAD-54356,13.2795,-43.3100,787.5
NORAD-54358,-56.7114,-40.8042,663.5
NORAD-54360,35.3058,66.2009,825.6
NORAD-54361,28.8609,169.3508,740.9
NORAD-54362,70.1907,-179.8207,410.5
NORAD-54372,-33.9209,11.2741,470.9
NORAD-54374,-20.1988,130.4572,505.2
NORAD-54376,-1.0191,-42.9268,498.1
NORAD-54377,-18.7718,-86.0680,19111.4
NORAD-54378,62.6322,-159.5281,19328.6
NORAD-54381,-33.1136,158.4423,915.0
NORAD-54383,-55.5025,175.1114,916.9
NORAD-54384,-80.9911,-164.5432,847.5
NORAD-54385,17.0434,64.1381,843.5
NORAD-54386,36.7868,48.8083,811.9
NORAD-54388,-80.9257,142.1846,872.2
NORAD-54389,30.8376,-129.5624,943.5
NORAD-54390,3.3359,-127.2654,997.0
NORAD-54391,20.8451,-60.3243,657.4
NORAD-54392,-10.3029,-83.6375,832.2
NORAD-54393,75.4651,-106.0713,1237.4
NORAD-54394,28.2306,-67.7585,817.2
NORAD-54395,-11.8056,108.1702,743.7
NORAD-54397,-45.7438,-167.1809,401.8
NORAD-54400,40.9673,137.1755,767.7
NORAD-54401,-13.0017,77.0845,822.3
NORAD-54402,-78.6646,175.9036,792.6
NORAD-54403,78.8917,19.3464,737.0
NORAD-54404,-80.0497,-146.3160,796.8
NORAD-54405,-57.6403,-172.8983,763.9
NORAD-54406,-74.7137,-116.0605,787.8
NORAD-54407,6.2714,82.6248,823.0
NORAD-54409,-36.8420,-109.4254,785.7
NORAD-54410,-30.3452,130.0135,799.5
NORAD-54411,-27.4568,-83.7624,723.7
NORAD-54412,-74.6128,-140.3568,657.6
NORAD-54413,51.9299,-132.4611,478.0
NORAD-54414,-70.7785,-153.0420,978.5
NORAD-54415,79.8107,-116.5207,896.7
NORAD-54416,81.0140,-73.6728,827.7
NORAD-54417,28.7058,-136.6533,894.2
NORAD-54418,33.5264,179.6399,825.1
NORAD-54420,-15.1155,152.1493,808.3
NORAD-54422,-56.3770,104.8492,821.7
NORAD-54424,25.9557,-104.4956,974.4
NORAD-54425,-35.8025,-165.8395,778.8
NORAD-54427,65.2287,-115.7066,817.1
NORAD-54428,-40.1417,-46.0407,1193.0
NORAD-54429,-65.5955,-153.9601,1078.9
NORAD-54431,-48.2556,90.4238,812.1
NORAD-54432,69.2561,-74.8256,979.5
NORAD-54433,5.1706,-149.6796,902.5
NORAD-54436,-20.0343,-99.2972,877.5
NORAD-54437,61.8860,-24.0735,719.7
NORAD-54439,8.0552,-153.7390,858.3
NORAD-54440,29.4236,88.4798,749.0
NORAD-54442,-27.0962,55.2680,848.9
NORAD-54443,73.4822,-50.4448,828.5
NORAD-54444,19.2993,138.0799,808.9
NORAD-54445,80.8179,48.0746,809.3
NORAD-54446,75.8011,-138.1262,819.7
NORAD-54447,19.6918,-144.8773,885.2
NORAD-54448,58.3514,-80.0667,847.1
NORAD-54449,71.9140,-99.9706,886.7
NORAD-54450,14.0326,131.7419,722.4
NORAD-54451,80.7578,32.0820,725.3
NORAD-54452,-28.8675,-140.5501,1051.3
NORAD-54453,66.1231,66.9107,905.9
NORAD-54454,-65.4177,12.9910,1094.8
NORAD-54455,53.6452,-122.6385,842.8
NORAD-54456,39.8779,-20.7567,733.4
NORAD-54457,38.3359,-39.4016,745.8
NORAD-54458,39.8695,140.1987,793.7
NORAD-54459,-44.7367,172.8319,760.8
NORAD-54460,78.2008,62.2556,722.1
NORAD-54461,43.3300,62.2470,832.0
NORAD-54462,27.2312,32.6388,925.3
NORAD-54463,-46.8649,177.9616,747.5
NORAD-54466,-41.2935,-100.1191,832.3
NORAD-54467,-17.9353,117.7684,689.3
NORAD-54468,6.1389,-90.0202,852.2
NORAD-54470,-80.9263,-116.9685,638.8
NORAD-54471,62.1942,125.1821,706.1
NORAD-54472,15.0495,93.9068,830.3
NORAD-54473,75.7111,64.5406,829.0
NORAD-54474,-73.3752,70.1316,1012.1
NORAD-54475,14.9366,-26.4554,609.8
NORAD-54476,-80.2460,-125.6327,697.0
NORAD-54479,-32.9404,140.5744,661.6
NORAD-54480,38.8796,104.5963,738.8
NORAD-54482,36.7513,-25.5107,630.5
NORAD-54484,-12.6507,-31.2227,594.1
NORAD-54486,69.9684,71.0298,826.3
NORAD-54487,-29.8472,-26.9397,568.0
NORAD-54489,81.0467,30.5183,720.2
NORAD-54491,-77.0595,-139.0133,804.7
NORAD-54492,-45.2504,-137.5643,1020.8
NORAD-54493,21.2772,36.8202,829.4
NORAD-54496,-40.0897,-170.9401,784.9
NORAD-54497,45.8666,67.9188,872.1
NORAD-54498,56.8590,-35.3849,747.0
NORAD-54499,-7.4252,129.9880,771.6
NORAD-54500,49.3723,111.4892,772.0
NORAD-54501,-58.7650,-110.3704,925.3
NORAD-54503,-15.3310,-119.5854,872.2
NORAD-54504,77.7178,38.2418,870.6
NORAD-54505,-62.1087,167.1029,785.0
NORAD-54506,19.8657,-70.3896,757.8
NORAD-54509,56.1843,28.8836,836.5
NORAD-54510,-3.4322,124.6713,767.4
NORAD-54511,40.9028,-127.0101,909.8
NORAD-54512,-56.9058,-57.1428,622.0
NORAD-54513,7.8627,88.3632,733.9
NORAD-54514,57.0152,108.8651,814.7
NORAD-54515,17.0775,97.9147,732.4
NORAD-54516,-81.4490,-161.4824,677.2
NORAD-54517,35.6695,142.2080,689.1
NORAD-54518,57.3351,-50.2215,733.6
NORAD-54519,-57.0592,116.2688,668.5
NORAD-54521,-27.1159,-138.3232,1011.9
NORAD-54522,73.3180,25.3675,835.5
NORAD-54523,-34.8205,-167.2766,614.1
NORAD-54524,-15.8644,112.4443,731.5
NORAD-54525,-60.9464,81.6169,849.1
NORAD-54526,0.7005,74.3659,839.7
NORAD-54527,-69.1296,126.1176,773.0
NORAD-54528,4.1500,-70.4457,748.1
NORAD-54529,80.8388,-1.2211,891.2
NORAD-54530,73.3476,48.8215,873.3
NORAD-54532,-62.6363,150.3394,685.3
NORAD-54533,-24.0228,-114.8040,913.1
NORAD-54538,-74.0703,-173.5061,987.0
NORAD-54539,-50.0777,-116.5879,856.9
NORAD-54540,-39.7529,91.1597,809.0
NORAD-54541,-8.2891,72.7213,840.9
NORAD-54542,-49.6385,-109.9687,845.2
NORAD-54543,43.7105,-19.3357,779.1
NORAD-54544,-48.2029,98.6760,816.5
NORAD-54545,14.9359,75.8092,888.0
NORAD-54546,-29.0393,-101.8130,850.2
NORAD-54547,-21.8457,-95.6754,819.4
NORAD-54548,15.4493,-43.2066,627.1
NORAD-54549,-76.4252,148.1525,684.5
NORAD-54550,-48.5342,-75.6569,744.5
NORAD-54551,30.0695,-125.1402,954.4
NORAD-54552,52.5949,70.2798,871.0
NORAD-54553,-29.5744,-23.3057,545.9
NORAD-54554,74.9057,-66.0699,889.4
NORAD-54555,79.2740,48.5831,821.4
NORAD-54557,-13.5948,-53.3909,691.3
NORAD-54558,-73.8910,-122.6563,817.7
NORAD-54560,12.9062,-107.1257,912.5
NORAD-54561,-35.4708,-66.5691,878.1
NORAD-54562,75.9429,67.8712,826.2
NORAD-54563,70.3153,57.1102,865.5
NORAD-54564,77.1886,-21.7626,763.9
NORAD-54565,-76.1528,-75.2732,619.1
NORAD-54566,-70.1857,96.3423,844.7
NORAD-54567,35.9823,-100.0168,909.0
NORAD-54568,-7.1571,-62.8379,738.7
NORAD-54569,10.8018,-11.8528,514.4
NORAD-54570,32.8186,96.6982,809.6
NORAD-54571,-41.6252,-124.5750,872.5
NORAD-54573,77.5152,87.2312,778.1
NORAD-54574,-6.9718,-59.2248,702.1
NORAD-54575,-28.1991,156.4711,715.8
NORAD-54576,-61.0487,165.8885,602.7
NORAD-54577,78.4849,-20.5916,676.0
NORAD-54579,77.4210,8.2976,579.8
NORAD-54580,-78.6336,-139.0398,792.3
NORAD-54581,-30.2184,-73.1245,803.9
NORAD-54583,40.9691,-108.4740,925.7
NORAD-54584,51.8840,37.3931,809.9
NORAD-54585,22.3345,-4.2003,410.9
NORAD-54586,-62.5356,-100.8529,793.1
NORAD-54587,5.0597,44.9836,833.9
NORAD-54588,-6.8661,95.7582,747.4
NORAD-54590,79.4308,-39.5337,747.8
NORAD-54591,14.3307,173.1502,668.2
NORAD-54592,25.5405,-44.9476,604.1
NORAD-54595,72.8786,-49.4446,818.3
NORAD-54596,-80.4865,147.4502,840.3
NORAD-54597,-74.9755,136.0054,795.7
NORAD-54598,76.9308,155.6253,607.8
NORAD-54600,-67.4794,162.6216,642.3
NORAD-54604,36.3124,71.0684,861.5
NORAD-54606,50.0101,91.4500,807.8
NORAD-54608,14.6965,-110.9474,913.7
NORAD-54609,6.3480,-58.5510,732.1
NORAD-54610,-48.2870,-58.2819,669.2
NORAD-54611,-37.8852,-176.6915,574.0
NORAD-54612,18.1307,72.7377,848.7
NORAD-54613,66.1555,-85.5900,896.5
NORAD-54614,-21.7613,171.5762,574.5
NORAD-54615,11.7579,-105.3485,879.6
NORAD-54616,-37.8984,-112.1928,862.3
NORAD-54617,-56.0629,-101.7061,824.7
NORAD-54619,80.7924,65.8034,766.0
NORAD-54621,56.9830,-96.7600,906.0
NORAD-54622,80.2307,-34.5791,855.4
NORAD-54623,2.7190,80.0722,851.2
NORAD-54624,79.8325,-10.9353,838.6
NORAD-54625,-53.6418,-148.5822,1034.1
NORAD-54626,15.0250,132.3253,711.9
NORAD-54628,71.0073,-6.6422,863.1
NORAD-54629,57.8321,-15.5553,630.4
NORAD-54630,41.6901,140.5381,679.0
NORAD-54631,-22.9555,-47.5853,655.6
NORAD-54632,18.4648,-28.6688,612.2
NORAD-54633,27.8855,-33.0470,656.4
NORAD-54634,48.2885,-75.3175,786.5
NORAD-54637,33.2501,-92.2213,869.6
NORAD-54638,49.1093,147.2406,640.7
NORAD-54639,23.4888,-96.0834,865.8
NORAD-54640,9.8993,-165.3769,710.3
NORAD-54641,-78.5926,153.5041,690.9
NORAD-54642,-67.3521,-41.5821,1193.6
NORAD-54643,-63.4391,-42.4059,1193.4
NORAD-54644,63.3771,137.5549,1177.5
NORAD-54645,30.7453,134.6726,1182.5
NORAD-54646,15.2924,133.9742,1185.3
NORAD-54647,-3.4067,-46.4592,1188.6
NORAD-54648,-56.3970,130.2881,1193.1
NORAD-54649,76.3185,-55.1583,1176.4
NORAD-54650,47.2965,135.6844,1179.7
NORAD-54651,-48.5299,131.0660,1193.0
NORAD-54652,-19.5997,-45.8548,1190.2
NORAD-54653,44.4575,-48.6083,1180.1
NORAD-54654,86.6730,171.9735,1175.8
NORAD-54655,28.4510,-47.7103,1183.3
NORAD-54656,32.0076,134.7060,1182.0
NORAD-54657,-24.6500,132.4673,1191.2
NORAD-54658,-40.4843,131.6275,1192.5
NORAD-54659,-35.5362,-45.1047,1191.9
NORAD-54660,60.3306,-50.2225,1177.6
NORAD-54661,-51.4896,-43.9801,1193.0
NORAD-54662,-8.6219,133.1047,1189.3
NORAD-54663,79.2735,144.4583,1176.2
NORAD-54664,12.4494,-47.0447,1185.6
NORAD-54665,-27.6000,-45.4838,1191.3
NORAD-54666,11.3754,133.8539,1186.1
NORAD-54667,-16.6397,132.7739,1190.3
NORAD-54668,39.4774,135.1209,1181.0
NORAD-54669,71.3351,139.5845,1176.4
NORAD-54670,-32.5751,132.1068,1192.1
NORAD-54671,52.4585,-49.2970,1178.8
NORAD-54672,83.9843,-66.7138,1176.0
NORAD-54673,-11.5411,-46.1594,1189.6
NORAD-54674,-43.6000,-44.6089,1192.5
NORAD-54675,20.4421,-47.3645,1184.3
NORAD-54676,-75.3823,-38.5858,1193.7
NORAD-54677,7.3596,133.6922,1186.8
NORAD-54678,-72.4232,126.8497,1193.8
NORAD-54679,-71.7010,127.1187,1193.5
NORAD-54680,28.5549,-62.9235,1202.8
NORAD-54681,-83.1276,-29.0786,1193.7
NORAD-54685,1.8616,-112.5514,465.4
NORAD-54686,-39.0518,-108.9034,483.3
NORAD-54687,74.0781,113.8518,271.2
NORAD-54689,-31.1496,-108.5192,475.4
NORAD-54690,15.6899,-117.6956,466.4
NORAD-54692,26.5929,-117.6671,465.4
NORAD-54694,46.4038,74.9672,452.7
NORAD-54695,23.6435,-117.2144,462.5
NORAD-54699,-17.0384,-87.5420,800.1
NORAD-54700,2.4561,-99.0925,797.3
NORAD-54701,55.7095,45.8960,660.6
NORAD-54702,56.1931,129.8423,786.7
NORAD-54741,-0.0201,-93.1346,35792.6
NORAD-54742,0.0008,-89.0315,35789.8
NORAD-54743,0.7720,-0.2390,35776.6
NORAD-54744,-4.4670,85.6045,12864.7
NORAD-54745,-2.7917,43.8119,19091.5
NORAD-54746,-33.6320,-90.2257,515.6
NORAD-54748,25.5270,127.9878,501.4
NORAD-54750,-13.7992,-42.4700,472.8
NORAD-54752,-32.2786,108.9060,506.1
NORAD-54753,48.4503,172.4271,836.2
NORAD-54754,49.7486,72.0487,895.4
NORAD-54755,-0.0107,-135.7872,8078.9
NORAD-54756,0.0373,-75.8556,8067.9
NORAD-54757,-9.5930,-9.0216,2943.1
NORAD-54758,-33.1966,106.7078,541.4
NORAD-54759,-18.4426,121.5621,529.7
NORAD-54760,-48.7475,82.3728,552.3
NORAD-54761,-53.1406,51.2054,552.4
NORAD-54762,32.1466,167.6148,480.6
NORAD-54763,-37.7918,105.5299,551.6
NORAD-54764,46.4153,-167.1680,540.0
NORAD-54766,23.5338,159.9737,543.8
NORAD-54767,37.8831,176.5620,541.3
NORAD-54768,-33.9627,94.3759,482.6
NORAD-54770,40.0517,-94.6837,471.7
NORAD-54771,19.6440,-59.8302,534.6
NORAD-54772,49.1438,-114.2862,510.4
NORAD-54773,53.1410,-128.8124,538.9
NORAD-54774,-52.4994,47.7825,532.7
NORAD-54775,48.6359,-97.6072,539.6
NORAD-54776,-38.1286,-3.4233,551.8
NORAD-54777,37.6170,-74.5670,541.5
NORAD-54778,19.1743,-69.3943,512.5
NORAD-54779,14.3900,-65.3853,511.0
NORAD-54780,-28.9852,-29.8723,521.5
NORAD-54781,-36.0071,-21.4163,517.9
NORAD-54783,-14.5288,113.4520,481.9
NORAD-54784,23.3196,-58.1702,543.9
NORAD-54785,-15.7027,73.2702,520.3
NORAD-54787,7.6444,-45.1324,546.8
NORAD-54788,-52.8982,43.0606,520.4
NORAD-54789,46.3639,-121.1516,540.1
NORAD-54790,-53.0968,32.2693,524.3
NORAD-54791,-41.0216,-13.7334,518.0
NORAD-54792,-23.8574,-20.0646,550.0
NORAD-54793,47.7112,171.4541,539.9
NORAD-54795,-48.4655,66.2368,483.0
NORAD-54796,-45.8767,74.8136,523.8
NORAD-54797,50.5901,-105.0680,539.4
NORAD-54798,-6.3044,-59.5564,548.7
NORAD-54799,53.0749,-158.0372,539.1
NORAD-54800,27.0242,-71.7869,543.3
NORAD-54801,-21.9020,122.0924,498.6
NORAD-54802,-7.5961,-88.4899,551.6
NORAD-54803,-8.3710,-33.0762,549.0
NORAD-54804,47.8063,-112.0745,466.5
NORAD-54805,48.4971,-176.1739,542.0
NORAD-54806,19.5383,139.2961,476.9
NORAD-54807,-7.1995,119.8958,521.0
NORAD-54808,11.8009,120.1081,545.8
NORAD-54809,51.9083,-163.2667,469.6
NORAD-54810,15.5739,-71.3636,545.3
NORAD-54811,11.7904,129.9743,545.9
NORAD-54817,-0.6938,138.9822,912.4
NORAD-54818,5.3785,29.7477,503.4
NORAD-54820,23.7286,-108.3084,487.3
NORAD-54821,42.2014,176.6443,484.2
NORAD-54822,1.5099,101.7881,489.3
NORAD-54823,35.0137,-128.8704,486.3
NORAD-54824,41.9225,-154.5597,483.8
NORAD-54826,15.7867,117.7679,487.7
NORAD-54827,-12.7812,86.1264,490.7
NORAD-54828,-26.0726,68.5919,491.6
NORAD-54830,-42.6219,1.3390,492.6
NORAD-54831,35.7801,150.6838,485.5
NORAD-54834,-37.0601,-25.4171,492.4
NORAD-54835,-36.7590,47.0371,492.1
NORAD-54838,-23.4912,69.0470,491.6
NORAD-54840,-0.2741,96.4662,489.6
NORAD-54841,-34.8673,48.5127,492.2
NORAD-54842,27.1918,130.1056,486.3
NORAD-54843,-40.1674,31.9985,492.4
NORAD-54844,0.4577,-80.7749,490.0
NORAD-54845,14.0540,112.2871,488.7
NORAD-54846,34.5179,144.1783,485.6
NORAD-54847,-34.9161,25.7683,492.1
NORAD-54848,-42.8172,1.8196,493.9
NORAD-54850,30.9444,125.3804,485.4
NORAD-54851,39.9324,149.2198,484.6
NORAD-54852,41.0136,-163.7451,484.6
NORAD-54853,22.9652,112.4235,487.0
NORAD-54855,37.4860,140.6955,485.0
NORAD-54856,-38.6707,-35.0972,493.0
NORAD-54857,-9.9328,74.6611,491.0
NORAD-54858,18.6741,106.6535,487.5
NORAD-54859,-42.9363,-7.5952,492.9
NORAD-54860,-28.9209,-57.8666,492.8
NORAD-54861,42.7234,167.5905,484.1
NORAD-54862,-19.1800,63.6260,491.7
NORAD-54863,-34.8982,37.1242,492.7
NORAD-54864,-2.0120,-91.9749,491.1
NORAD-54865,-23.5313,57.6813,492.0
NORAD-54866,36.2237,-146.6502,485.5
NORAD-54867,-16.1082,-76.1277,491.7
NORAD-54868,41.7038,158.2362,484.9
NORAD-54869,33.4339,-139.0959,486.5
NORAD-54870,42.3775,-173.0482,484.4
NORAD-54871,21.5475,-119.1143,487.7
NORAD-54873,-42.2621,-17.1278,492.9
NORAD-54878,36.5819,10.0427,18336.1
NORAD-54880,13.2744,-179.0731,537.6
NORAD-54881,27.5950,-67.8301,628.4
NORAD-54885,21.5726,-99.1217,871.9
NORAD-54886,76.7688,-133.4289,817.9
NORAD-54888,65.7905,17.9615,526.3
NORAD-54892,78.7027,10.2898,696.2
NORAD-54893,63.1900,-42.2244,767.3
NORAD-54894,73.2121,9.9848,576.6
NORAD-54895,-76.9128,-178.2621,639.9
NORAD-54896,13.9777,63.3147,853.6
NORAD-54897,-45.2199,143.7029,659.4
NORAD-54898,-17.7671,-118.5279,932.5
NORAD-54899,74.2759,-50.7692,813.2
NORAD-54900,-59.4539,-123.1518,901.8
NORAD-54901,69.5549,108.4909,760.3
NORAD-54902,-7.4123,156.4258,604.4
NORAD-54904,67.5640,33.9408,739.7
NORAD-54905,-45.1823,150.4354,734.3
NORAD-54912,-7.1837,-17.5764,666.5
NORAD-54914,-66.7174,-126.5369,849.9
NORAD-54915,76.0469,-74.8186,907.1
NORAD-54916,-36.4037,-110.4270,870.3
NORAD-54917,42.3619,-23.0449,640.8
NORAD-54918,70.7002,65.2508,840.6
NORAD-54919,-31.5115,-42.5179,620.2
NORAD-54920,29.1856,-23.1420,607.9
NORAD-54921,34.3729,108.2713,798.5
NORAD-54922,13.6898,163.4620,533.0
NORAD-54923,53.0544,60.7085,874.7
NORAD-54924,-19.8843,119.6538,765.9
NORAD-54925,41.2797,-90.9559,874.1
NORAD-54926,62.5745,-97.2140,909.8
NORAD-54927,41.3588,-21.2282,621.5
NORAD-54928,42.0438,99.4190,749.5
NORAD-54929,42.7733,135.7566,708.4
NORAD-54930,-14.4277,-57.9046,607.2
NORAD-54933,-39.8481,24.4255,645.7
NORAD-54935,-5.5096,-79.2166,793.1
NORAD-54936,-54.5200,17.4010,673.6
NORAD-54938,-46.2571,-110.0875,601.8
NORAD-54939,47.3073,159.8634,713.1
NORAD-54941,-56.7814,109.2421,788.7
NORAD-54943,10.5686,-80.1989,800.4
NORAD-54944,54.1823,-99.3144,1148.9
NORAD-54945,24.6006,-152.5913,679.0
NORAD-54947,0.5386,-96.0004,483.6
NORAD-54949,-25.2908,124.7417,686.3
NORAD-54951,-6.0035,-71.8510,782.1
NORAD-54952,-59.7214,69.9643,924.6
NORAD-54953,45.8263,-49.1915,716.1
NORAD-54954,-3.8950,-46.8585,689.3
NORAD-54955,-32.7997,-73.9402,738.0
NORAD-54956,-45.4994,63.5626,811.0
NORAD-54958,61.3800,-77.4096,838.3
NORAD-54959,-30.8416,70.1857,831.0
NORAD-54960,-38.5494,-115.2334,870.7
NORAD-54962,-39.4255,-46.4883,635.9
NORAD-54963,-69.1606,70.9237,960.6
NORAD-54964,79.0998,18.3017,890.9
NORAD-54965,50.4582,-110.6021,922.4
NORAD-54966,10.5931,-163.1261,609.2
NORAD-54967,63.8511,146.9285,1056.2
NORAD-54968,52.6246,133.5883,698.3
NORAD-54969,-30.4773,-108.6780,863.9
NORAD-54970,-48.7796,78.4364,837.3
NORAD-54971,38.4295,62.8430,860.3
NORAD-54973,-65.4531,151.2561,685.3
NORAD-54974,-81.3402,-144.4154,654.2
NORAD-54976,-39.2974,87.4581,819.2
NORAD-54978,33.3018,78.4693,851.4
NORAD-54982,26.2957,-69.9545,757.1
NORAD-54983,37.8198,172.3748,920.5
NORAD-54984,-26.9632,18.2228,1141.9
NORAD-54986,38.2142,-89.1047,835.2
NORAD-54988,-47.2957,-148.3596,673.2
NORAD-54989,-75.1450,131.7273,779.5
NORAD-54990,-39.0265,137.7767,669.0
NORAD-54992,20.1055,-84.8043,798.8
NORAD-54993,-52.5269,-115.3294,854.8
NORAD-54994,-80.7892,-159.8690,779.2
NORAD-54995,-30.3244,-47.9299,670.2
NORAD-54996,-65.4115,163.4884,644.9
NORAD-54997,-1.9038,158.5334,697.0
NORAD-55001,73.3929,44.0886,880.7
NORAD-55002,-10.6836,84.6126,837.4
NORAD-55003,-20.1595,169.3642,563.7
NORAD-55006,76.2447,40.3892,865.8
NORAD-55008,-27.5160,85.8943,858.3
NORAD-55009,-54.2948,-49.7637,455.7
NORAD-55010,-80.3615,-84.7023,397.2
NORAD-55011,-25.0602,-42.0268,431.9
NORAD-55012,-20.3001,149.7064,422.5
NORAD-55015,-42.5354,-42.7704,463.9
NORAD-55016,-12.1961,141.7961,450.8
NORAD-55034,33.5004,129.9017,464.9
NORAD-55041,73.3279,128.5042,362.7
NORAD-55045,-61.0527,-54.5513,492.9
NORAD-55046,-11.9829,137.7391,466.9
NORAD-55047,-81.2489,-166.9223,496.3
NORAD-55048,-33.3077,-56.3900,480.4
NORAD-55049,-54.1257,174.8658,145.9
NORAD-55051,17.4837,-5.0172,496.1
NORAD-55053,-35.2782,-48.7432,484.4
NORAD-55054,25.0706,129.6918,479.6
NORAD-55056,82.6011,66.0800,375.0
NORAD-55060,81.8989,61.4237,643.9
NORAD-55061,32.4159,-45.9979,490.9
NORAD-55076,71.8099,116.0079,443.1
NORAD-55093,-42.0749,-43.4422,465.7
NORAD-55103,77.2928,112.2790,412.2
NORAD-55104,-16.0374,-37.1279,432.7
NORAD-55107,-46.6904,161.3484,605.0
NORAD-55109,23.9511,-7.1835,482.5
NORAD-55110,81.6869,54.5693,476.8
NORAD-55111,-10.9556,-10.9834,481.0
NORAD-55112,-21.7355,173.3947,489.5
NORAD-55131,0.8177,137.8521,35851.4
NORAD-55132,-6.0534,25.2681,16351.7
NORAD-55135,-20.1956,155.2288,411.6
NORAD-55137,25.2347,-25.1836,405.6
NORAD-55140,-19.7123,-105.4487,1206.3
NORAD-55141,-24.2186,61.0550,1226.9
NORAD-55142,6.4164,-89.2700,1226.6
NORAD-55143,45.0407,42.8164,1192.0
NORAD-55144,13.0366,44.4216,1197.4
NORAD-55145,-19.0136,45.6120,1202.0
NORAD-55146,-50.8525,47.4828,1205.0
NORAD-55147,-82.5389,61.0368,1205.9
NORAD-55148,-43.0027,31.6177,1223.9
NORAD-55149,-57.1917,-138.3320,1205.4
NORAD-55150,-25.2359,-136.0770,1204.1
NORAD-55151,-12.4677,75.7626,1205.5
NORAD-55152,6.7220,-134.8495,1199.1
NORAD-55153,38.6790,-133.4262,1192.8
NORAD-55154,69.2597,84.9098,1216.5
NORAD-55155,16.2527,-104.0916,1201.2
NORAD-55156,45.2517,88.3767,1220.1
NORAD-55157,3.4969,75.1756,1202.9
NORAD-55158,-10.7062,90.9017,1229.6
NORAD-55159,-75.2054,52.0897,537.1
NORAD-55160,24.2441,-103.7741,1199.4
NORAD-55161,-34.6749,91.9729,1231.9
NORAD-55162,85.9885,-57.7679,1216.0
NORAD-55163,62.4417,-85.4444,1217.0
NORAD-55164,48.3432,-102.3372,1195.0
NORAD-55165,30.2923,-118.7497,1216.6
NORAD-55166,83.2767,57.2969,1192.2
NORAD-55167,35.3847,73.8254,1197.3
NORAD-55168,-20.5408,76.0924,1206.9
NORAD-55169,87.4565,4.2376,1212.0
NORAD-55170,-43.6880,-106.6900,1208.3
NORAD-55171,70.6572,-129.1816,1188.5
NORAD-55172,-82.2850,106.3200,1233.9
NORAD-55173,-68.4107,80.5877,1209.6
NORAD-55174,38.4352,-87.8221,1220.5
NORAD-55175,-49.5254,-91.9767,1232.7
NORAD-55176,-25.5656,-90.5093,1231.4
NORAD-55177,-79.3603,-115.8872,1209.5
NORAD-55178,0.2383,-104.6982,1203.4
NORAD-55179,-47.6772,-107.0201,1208.6
NORAD-55180,-0.3556,-34.8108,36048.8
NORAD-55186,-52.6948,150.9973,682.8
NORAD-55187,-16.6889,101.4720,772.9
NORAD-55189,-81.1303,-179.0831,811.1
NORAD-55190,-34.4267,-33.5099,597.1
NORAD-55191,-31.4489,-96.3077,820.5
NORAD-55194,40.8228,134.5900,669.3
NORAD-55195,47.5032,125.5249,754.0
NORAD-55196,24.2577,-23.0649,600.7
NORAD-55198,10.5933,133.0440,724.7
NORAD-55199,-80.7887,159.2354,804.0
NORAD-55201,-16.6206,169.0157,611.4
NORAD-55204,22.9558,149.3858,650.6
NORAD-55205,-56.6131,152.5805,665.1
NORAD-55207,-74.6585,-172.4607,626.1
NORAD-55208,76.5508,12.7966,595.8
NORAD-55210,24.6079,-65.5598,771.9
NORAD-55212,-53.8809,-27.7794,534.8
NORAD-55213,-63.4386,148.1385,661.8
NORAD-55214,-56.7480,138.2730,716.3
NORAD-55215,-77.2928,-177.2258,617.3
NORAD-55216,81.3746,38.5434,726.5
NORAD-55218,9.2305,-98.1213,849.9
NORAD-55219,-61.1336,-60.6080,642.6
NORAD-55220,48.5388,-56.2546,832.7
NORAD-55222,-80.1514,-156.4495,631.1
NORAD-55225,34.2955,-29.4016,784.3
NORAD-55228,-38.3711,-38.4132,605.1
NORAD-55231,18.7245,154.3615,688.2
NORAD-55232,49.3533,-17.6772,628.2
NORAD-55234,47.3298,-127.6697,942.4
NORAD-55235,68.8873,-13.4854,690.5
NORAD-55237,80.3568,103.8774,738.9
NORAD-55238,7.7317,92.5644,848.0
NORAD-55239,-0.0226,134.0449,35791.4
NORAD-55244,8.7148,100.8051,513.9
NORAD-55246,-3.2503,173.0810,36140.4
NORAD-55247,-2.3997,162.5655,36150.8
NORAD-55263,0.0300,23.9165,35793.5
NORAD-55264,-1.3914,-171.0927,36116.8
NORAD-55265,-1.1413,170.5833,35139.9
NORAD-55266,2.1333,108.3660,35187.3
NORAD-55267,-0.2767,-34.8139,35270.1
NORAD-55268,53.3170,109.7627,20190.6
NORAD-55269,20.4852,15.3194,579.9
NORAD-55271,-0.4914,7.3447,581.8
NORAD-55272,69.9817,95.8408,573.7
NORAD-55273,-41.2515,-154.0953,583.2
NORAD-55274,60.6822,28.0136,574.4
NORAD-55275,60.3756,127.7065,574.4
NORAD-55276,59.7910,128.8038,574.7
NORAD-55277,59.8205,46.2269,574.9
NORAD-55278,21.5728,179.0675,579.0
NORAD-55280,-42.2181,-11.7323,583.9
NORAD-55281,60.6196,147.0887,575.0
NORAD-55282,-59.2566,-134.9945,583.4
NORAD-55283,42.0699,168.1794,576.5
NORAD-55284,-59.8800,-133.8670,583.6
NORAD-55285,21.9077,-24.2390,579.2
NORAD-55286,20.3758,159.7038,579.4
NORAD-55287,58.8150,110.5682,574.7
NORAD-55288,-41.5301,-173.7793,583.3
NORAD-55289,41.0736,148.9941,576.6
NORAD-55290,-0.7753,167.7355,580.9
NORAD-55291,69.9772,79.4664,573.9
NORAD-55292,-60.7730,-152.0090,584.0
NORAD-55293,-42.3399,-173.2152,583.8
NORAD-55294,-20.6691,-164.8087,582.6
NORAD-55295,-21.6913,-0.7817,583.3
NORAD-55296,-41.0073,-31.1615,583.9
NORAD-55297,-69.9745,-100.5179,583.7
NORAD-55299,-20.4467,-20.5264,583.1
NORAD-55300,0.7188,-12.4831,581.5
NORAD-55302,-59.8156,-51.4466,584.1
NORAD-55303,-69.9816,-84.1949,583.9
NORAD-55304,21.7380,-4.4250,579.7
NORAD-55305,42.1657,6.8643,576.6
NORAD-55306,-22.8300,156.3720,583.3
NORAD-55307,-1.8240,148.2426,581.8
NORAD-55309,69.8902,63.1465,573.8
NORAD-55310,-61.6459,-170.0526,583.8
NORAD-55311,-43.3659,167.6477,583.9
NORAD-55312,22.8692,-23.9256,579.1
NORAD-55313,-58.8129,-69.5431,583.7
NORAD-55314,-69.8969,-116.8709,583.8
NORAD-55315,-21.8049,175.8049,583.1
NORAD-55316,61.6919,9.8638,574.5
NORAD-55317,-39.9626,-50.3178,583.9
NORAD-55318,-19.3272,-39.9394,582.8
NORAD-55319,1.7865,-31.9744,581.5
NORAD-55324,-26.5616,119.2660,507.2
NORAD-55326,-24.7251,119.3049,507.4
NORAD-55327,-24.8348,120.7469,507.1
NORAD-55331,12.3097,-78.9756,488.5
NORAD-55332,-42.6619,171.5906,492.4
NORAD-55333,-16.2656,-110.6547,491.2
NORAD-55334,-1.9923,-94.7063,490.1
NORAD-55335,-29.0758,-128.9918,492.1
NORAD-55336,10.5223,-95.8244,488.7
NORAD-55337,-21.7864,98.5061,491.3
NORAD-55338,-38.7674,-151.8129,492.2
NORAD-55339,-23.4370,-116.6966,491.9
NORAD-55340,18.1964,66.5094,487.8
NORAD-55341,-42.2971,-169.7544,492.3
NORAD-55342,-41.8288,161.5682,492.5
NORAD-55343,-19.5234,109.3902,491.7
NORAD-55345,-41.2544,143.2713,492.8
NORAD-55346,-5.5381,93.0417,490.6
NORAD-55347,-10.4279,98.4455,490.6
NORAD-55348,30.7036,47.6254,485.8
NORAD-55349,39.7428,24.1209,484.6
NORAD-55350,-23.8836,115.3698,491.9
NORAD-55351,27.2149,53.7053,486.9
NORAD-55352,31.9549,-53.9927,485.4
NORAD-55353,19.9044,60.8899,487.6
NORAD-55354,13.6018,72.0933,488.3
NORAD-55355,41.1697,-22.9181,484.5
NORAD-55357,42.6880,5.5245,484.7
NORAD-55358,37.2665,32.5125,484.9
NORAD-55359,27.2339,-55.6500,486.4
NORAD-55360,42.8171,21.6079,484.4
NORAD-55361,42.8939,-12.8689,484.4
NORAD-55362,32.1321,30.1281,486.0
NORAD-55364,37.5590,-33.6229,485.1
NORAD-55365,27.7669,70.9077,486.0
NORAD-55366,19.9318,49.5562,487.4
NORAD-55367,-30.5499,-146.3777,492.3
NORAD-55368,28.3928,37.0373,486.7
NORAD-55369,14.6637,88.9482,488.3
NORAD-55370,41.8983,31.1164,484.9
NORAD-55371,-0.0352,105.2383,488.6
NORAD-55372,-41.8453,-151.5633,492.0
NORAD-55373,-42.6410,-172.9903,492.7
NORAD-55374,-42.5086,-153.7682,492.8
NORAD-55375,35.8086,-23.7991,485.5
NORAD-55376,-18.0285,-127.5761,491.5
NORAD-55377,-34.7842,-125.8564,492.6
NORAD-55378,-9.2387,115.2160,491.1
NORAD-55379,-14.4337,-93.7804,491.3
NORAD-55380,6.8049,-81.9905,507.2
NORAD-55381,-37.7337,-133.7782,492.6
NORAD-55382,-27.5198,-111.6835,492.2
NORAD-55383,24.0313,-78.7091,487.4
NORAD-55384,-0.1064,-77.9063,490.4
NORAD-55385,-23.3732,-105.3443,491.9
NORAD-55386,-42.7860,-160.8641,492.8
NORAD-55392,-60.6204,-33.0068,583.6
NORAD-55393,1.5873,-153.2635,581.1
NORAD-55395,-40.1438,-134.8667,583.7
NORAD-55396,-19.4629,-145.3255,582.3
NORAD-55397,41.0561,26.0645,576.7
NORAD-55398,61.4956,165.2575,574.8
NORAD-55399,22.6575,-161.4171,579.1
NORAD-55400,58.8089,64.4088,575.2
NORAD-55401,43.1783,-172.6315,576.5
NORAD-55402,19.3410,34.8210,579.4
NORAD-55403,69.9107,112.1865,574.0
NORAD-55404,-22.8566,18.6987,583.2
NORAD-55405,39.9113,45.1918,577.2
NORAD-55406,-43.2345,7.5298,583.8
NORAD-55407,-1.8822,26.8203,582.2
NORAD-55410,62.2832,-176.6348,574.2
NORAD-55411,-69.9119,-67.5671,583.5
NORAD-55413,44.3314,-153.6214,576.5
NORAD-55414,38.7818,64.3440,578.0
NORAD-55416,-2.9644,46.2944,582.2
NORAD-55418,-44.4778,26.4697,583.5
NORAD-55419,18.1898,54.2233,580.1
NORAD-55420,0.4664,-172.7293,581.4
NORAD-55421,-23.9552,38.0876,583.4
NORAD-55422,69.7716,128.5429,574.5
NORAD-55423,-57.9687,-96.8970,583.8
NORAD-55425,-62.4003,3.2865,583.8
NORAD-55426,-18.2579,-125.5476,582.8
NORAD-55428,23.9083,-141.6915,578.9
NORAD-55429,-38.9267,-115.3660,583.4
NORAD-55430,-69.5496,-35.0415,583.4
NORAD-55431,2.8508,-133.4629,581.2
NORAD-55432,-37.0352,-96.6628,583.2
NORAD-55433,-63.1977,21.1743,583.4
NORAD-55434,3.9755,-114.0160,581.1
NORAD-55435,-37.8578,-96.1672,583.1
NORAD-55436,24.9994,-122.3180,578.8
NORAD-55438,-58.9832,-115.4741,583.4
NORAD-55439,45.4591,-134.2363,576.5
NORAD-55447,16.8655,-154.7162,5228.9
NORAD-55449,-33.1609,157.5383,492.3
NORAD-55450,-41.0740,-177.7759,492.2
NORAD-55451,-21.2665,137.7586,491.7
NORAD-55452,7.0276,105.5642,489.2
NORAD-55453,41.9070,6.8835,484.3
NORAD-55454,14.6940,-50.9969,487.9
NORAD-55455,-7.4580,121.1967,490.3
NORAD-55456,23.6028,-39.4072,487.0
NORAD-55457,35.1101,-18.4539,485.1
NORAD-55458,-37.4308,-122.3365,492.4
NORAD-55459,-13.9437,-82.6777,491.4
NORAD-55460,-27.0326,-100.3732,491.9
NORAD-55461,0.3047,-66.9533,490.0
NORAD-55462,42.9283,26.0549,484.1
NORAD-55463,-1.1135,-59.0812,519.9
NORAD-55464,10.0148,-56.4021,488.8
NORAD-55465,40.2392,-2.2153,485.0
NORAD-55466,-30.9121,-107.1402,491.9
NORAD-55467,38.5695,53.6134,484.8
NORAD-55468,-4.4827,-72.0946,490.3
NORAD-55469,31.5523,-26.1932,486.3
NORAD-55470,-18.4840,-88.2342,491.5
NORAD-55471,42.2509,35.4217,483.8
NORAD-55472,-25.9961,-105.7711,492.3
NORAD-55474,-13.8698,-71.3131,491.4
NORAD-55475,-39.8854,-130.8350,492.3
NORAD-55477,-13.9258,120.6350,491.5
NORAD-55478,37.5817,-22.2270,485.2
NORAD-55479,24.7102,-44.8262,487.0
NORAD-55480,11.1060,111.3790,488.7
NORAD-55481,37.9282,0.5978,485.1
NORAD-55483,-3.2024,127.0111,490.3
NORAD-55484,5.2661,-50.3410,489.4
NORAD-55485,14.7252,-39.6690,488.5
NORAD-55486,27.7953,-21.7006,486.4
NORAD-55487,40.7664,56.0823,485.0
NORAD-55488,35.7403,73.1671,485.4
NORAD-55489,42.8354,27.9472,484.4
NORAD-55490,-30.0020,161.7342,492.4
NORAD-55491,37.8892,48.7891,485.2
NORAD-55492,42.9209,37.5204,484.4
NORAD-55493,-12.7421,137.5705,491.3
NORAD-55494,41.9333,18.3662,484.5
NORAD-55495,42.2302,2.3644,484.5
NORAD-55497,35.0031,-7.4308,485.7
NORAD-55498,0.4463,-55.5312,490.0
NORAD-55499,-41.2923,-166.1654,492.5
NORAD-55500,23.6557,-28.0524,487.1
NORAD-55501,-27.0017,-89.0631,492.3
NORAD-55506,0.0411,165.7863,35793.3
NORAD-55507,-0.4028,-36.6852,35073.1
NORAD-55508,0.0124,-61.0328,35775.5
NORAD-55511,56.6708,71.7047,855.7
NORAD-55512,73.7880,-56.7256,718.3
NORAD-55513,-16.3044,75.0993,846.9
NORAD-55514,-41.4346,-117.6087,862.3
NORAD-55515,17.0603,-62.0600,724.9
NORAD-55516,-48.4364,-29.4299,539.7
NORAD-55519,-28.3079,179.9672,609.2
NORAD-55520,-37.2860,129.0784,868.2
NORAD-55521,-11.1595,75.3199,847.5
NORAD-55522,68.0026,109.4541,719.9
NORAD-55523,-32.3876,92.4139,825.5
NORAD-55524,-36.5495,87.8497,819.9
NORAD-55525,-7.3368,63.1983,828.1
NORAD-55528,28.4853,-45.6945,693.1
NORAD-55529,-56.2303,-59.1494,650.2
NORAD-55530,3.8121,-3.1245,530.6
NORAD-55532,-68.0855,178.0169,597.0
NORAD-55533,-7.4264,-105.0880,877.0
NORAD-55534,-2.1311,-17.2250,548.2
NORAD-55535,-28.3558,-38.1089,612.8
NORAD-55536,15.4487,-89.6350,818.2
NORAD-55537,-13.7691,144.3025,679.8
NORAD-55539,-22.4885,99.2466,776.2
NORAD-55540,47.1194,97.1340,719.4
NORAD-55542,-59.8183,113.5892,828.8
NORAD-55543,-75.2551,-97.9725,622.1
NORAD-55544,41.7709,-88.5290,925.2
NORAD-55546,-39.9922,136.7633,686.8
NORAD-55547,56.6690,56.7498,832.9
NORAD-55548,54.5169,81.8078,727.0
NORAD-55550,16.2750,-33.0000,636.7
NORAD-55551,-8.0368,-57.0975,742.9
NORAD-55552,77.4754,-1.1360,711.8
NORAD-55554,-17.6478,-111.1084,848.3
NORAD-55556,47.1766,-22.8728,641.1
NORAD-55557,-51.5086,81.8044,804.8
NORAD-55559,-54.9167,-110.3290,779.9
NORAD-55569,-41.8119,-100.8566,492.8
NORAD-55570,-1.9632,-32.8346,490.5
NORAD-55571,23.1719,-0.0699,486.9
NORAD-55572,31.1839,13.0546,485.9
NORAD-55573,40.0340,36.8495,484.8
NORAD-55574,-36.0426,-155.7045,492.6
NORAD-55575,-0.0844,-27.4169,489.9
NORAD-55576,-34.0508,-103.0802,492.6
NORAD-55577,-38.6729,-89.8451,492.8
NORAD-55579,29.7484,6.9739,486.1
NORAD-55580,-39.2776,-175.1203,492.4
NORAD-55581,1.7465,-22.0487,489.5
NORAD-55582,-42.9480,-128.8633,492.4
NORAD-55583,3.9708,144.5717,489.2
NORAD-55584,-19.1043,171.4417,491.8
NORAD-55585,27.2504,104.9854,486.3
NORAD-55586,-35.9483,-81.6882,492.5
NORAD-55587,-16.1263,-48.8306,491.6
NORAD-55588,-24.9520,-60.6011,492.0
NORAD-55589,17.0122,-11.6347,487.9
NORAD-55590,36.5511,21.8200,485.2
NORAD-55591,-11.5115,-43.3177,491.3
NORAD-55592,13.4931,133.9636,488.6
NORAD-55593,-0.8337,149.7278,490.2
NORAD-55594,26.8576,116.0269,486.9
NORAD-55596,42.4795,48.3105,484.4
NORAD-55597,21.4193,-17.1786,487.6
NORAD-55598,-14.4910,154.4511,491.3
NORAD-55599,-0.2219,138.6422,489.9
NORAD-55600,-29.0881,-78.5455,492.2
NORAD-55601,-14.5690,165.8248,491.1
NORAD-55602,14.0787,122.8433,488.1
NORAD-55603,-16.2254,-60.1401,491.3
NORAD-55604,-30.4876,-95.7899,492.4
NORAD-55605,-38.7539,-101.3164,492.7
NORAD-55607,-23.4209,166.0339,491.9
NORAD-55608,-9.7905,149.0527,490.9
NORAD-55609,-34.8013,-173.4953,492.2
NORAD-55610,18.6612,117.2327,487.6
NORAD-55611,37.5581,82.9591,484.8
NORAD-55612,42.7503,55.9110,484.1
NORAD-55614,-42.6397,-137.6908,492.8
NORAD-55615,25.4865,-11.3392,486.6
NORAD-55616,-11.5732,-54.6551,490.9
NORAD-55617,12.3386,-28.4795,488.2
NORAD-55618,-25.0009,-71.9413,491.6
NORAD-55619,-35.9806,-93.0373,492.3
NORAD-55620,-42.3073,-119.3651,492.4
NORAD-55621,2.8096,-39.0009,489.7
NORAD-55622,-41.8402,-147.8896,492.4
NORAD-55623,-37.7496,-165.5575,492.4
NORAD-55628,66.8079,-70.7240,574.2
NORAD-55629,67.4659,-131.0906,574.1
NORAD-55630,50.8205,-39.0709,575.7
NORAD-55631,-67.5044,48.9044,583.7
NORAD-55632,9.8269,-16.1955,580.6
NORAD-55633,-11.1718,-8.4774,582.4
NORAD-55634,10.6014,-16.4857,580.3
NORAD-55635,-66.1925,91.7801,583.5
NORAD-55636,-52.0358,15.1737,583.6
NORAD-55637,-12.3544,-27.8986,582.5
NORAD-55638,-32.1986,0.6315,583.3
NORAD-55639,-50.4309,121.2436,583.0
NORAD-55640,-29.7151,135.3741,583.5
NORAD-55641,8.6958,-35.6458,580.7
NORAD-55643,49.7373,-57.8759,576.0
NORAD-55644,-53.0110,-3.6088,583.6
NORAD-55647,53.0084,176.1863,575.6
NORAD-55648,-68.0116,31.8739,583.7
NORAD-55649,12.3605,151.8993,580.4
NORAD-55650,-49.7603,121.9022,583.6
NORAD-55651,-33.2786,-18.6699,583.3
NORAD-55652,-8.7837,144.1202,582.3
NORAD-55653,68.0339,-148.1900,574.2
NORAD-55654,29.6583,-44.3940,578.3
NORAD-55655,-48.8349,102.9065,583.9
NORAD-55657,-68.4748,15.0186,583.5
NORAD-55658,33.1999,161.0875,578.1
NORAD-55659,-65.5337,74.3659,583.5
NORAD-55660,-13.6818,-47.6602,582.6
NORAD-55661,13.4962,132.4641,580.3
NORAD-55662,-51.5776,-25.0535,586.1
NORAD-55663,54.0011,157.4877,575.7
NORAD-55664,-28.6162,116.0351,583.4
NORAD-55665,68.4947,-165.0400,574.4
NORAD-55667,28.4414,-64.0821,578.5
NORAD-55668,-7.6545,124.6671,582.3
NORAD-55669,34.5218,141.9327,578.0
NORAD-55670,65.4682,-105.6062,574.6
NORAD-55671,-33.5658,-38.4017,583.3
NORAD-55673,48.6095,-77.0938,576.2
NORAD-55674,7.4358,-55.4558,580.8
NORAD-55675,-34.4458,-38.3117,583.6
NORAD-55676,48.3225,-96.7016,576.2
NORAD-55677,-14.8135,-67.1017,582.6
NORAD-55683,-2.7762,-100.6127,37177.9
NORAD-55684,19.6169,-84.5939,11618.6
NORAD-55686,0.0110,125.1716,35803.6
NORAD-55687,-13.8617,-173.6627,9812.5
NORAD-55690,-24.2197,153.6041,509.8
NORAD-55716,-59.8960,-15.2113,794.9
NORAD-55717,-81.7086,56.1031,1228.5
NORAD-55719,36.3774,-64.5540,1390.1
NORAD-55720,66.4656,-42.4344,1412.7
NORAD-55723,-22.5678,159.1786,1237.4
NORAD-55725,-79.3908,36.9686,1169.1
NORAD-55727,-57.4928,-51.0013,1441.5
NORAD-55729,-33.8024,129.2878,1163.3
NORAD-55732,-15.8349,-55.3244,1397.2
NORAD-55733,82.2627,155.0971,1036.4
NORAD-55741,33.0810,13.8087,577.8
NORAD-55742,52.8739,-1.2000,575.2
NORAD-55743,67.9620,-36.5393,574.6
NORAD-55744,53.6018,-2.0465,575.2
NORAD-55746,-67.9466,143.3465,583.8
NORAD-55747,-8.9483,30.7695,582.4
NORAD-55748,-29.8795,39.5358,583.1
NORAD-55750,-49.9127,53.0711,583.6
NORAD-55751,12.1953,22.9933,580.4
NORAD-55752,8.8619,-149.4654,580.9
NORAD-55753,-68.2985,141.1511,583.6
NORAD-55754,-33.1360,-166.4245,583.6
NORAD-55756,49.8890,-127.1537,575.8
NORAD-55757,-52.8673,178.6041,583.8
NORAD-55758,-12.2767,-157.2402,582.6
NORAD-55760,66.2910,-96.7630,574.2
NORAD-55761,-9.2413,10.9980,582.3
NORAD-55762,-66.8854,66.0985,583.6
NORAD-55763,29.8188,-140.6957,578.4
NORAD-55764,-50.7862,34.0546,584.1
NORAD-55765,-30.9859,20.2073,583.4
NORAD-55766,-11.3895,-176.7845,583.0
NORAD-55767,-10.0870,11.3135,582.3
NORAD-55769,-51.8863,159.8103,583.7
NORAD-55770,-32.0225,174.2816,583.5
NORAD-55771,10.1200,-168.8798,580.6
NORAD-55772,67.7621,-55.6756,574.1
NORAD-55773,-67.4200,126.3480,583.6
NORAD-55774,30.8717,-160.0519,578.3
NORAD-55775,50.9267,-145.9996,575.7
NORAD-55777,67.3749,-53.6229,574.1
NORAD-55778,51.7952,-20.2966,575.7
NORAD-55779,-66.7707,109.1577,583.5
NORAD-55780,31.9041,-5.8599,578.1
NORAD-55781,66.9036,-113.9890,574.2
NORAD-55782,-51.6197,140.2183,583.3
NORAD-55783,-50.8475,141.0209,583.6
NORAD-55784,34.6908,-177.9089,574.4
NORAD-55785,-30.9211,154.9674,583.6
NORAD-55786,32.0094,-179.3479,578.2
NORAD-55787,-10.0673,163.8351,582.6
NORAD-55788,11.1431,171.6319,580.5
NORAD-55789,30.7568,-25.1522,578.2
NORAD-55790,51.4929,-39.8496,576.6
NORAD-55791,51.9262,-164.8249,576.1
NORAD-55796,-61.3223,-12.2900,1197.6
NORAD-55797,-62.6183,159.8735,1197.6
NORAD-55798,-84.9756,8.3319,1197.3
NORAD-55799,-30.7644,162.6391,1195.2
NORAD-55800,-6.7576,163.6628,1193.1
NORAD-55801,25.1676,164.8624,1187.4
NORAD-55802,-79.7121,10.8652,1221.5
NORAD-55803,80.9374,1.2259,1184.2
NORAD-55804,-34.9984,0.6469,1219.6
NORAD-55805,58.5864,10.9858,1185.9
NORAD-55806,36.1368,12.8877,1188.8
NORAD-55807,-2.7353,179.0586,1216.9
NORAD-55808,13.6140,13.9055,1193.0
NORAD-55809,61.1200,-161.8116,1186.2
NORAD-55810,-21.3537,-166.4070,1199.1
NORAD-55811,32.5043,-2.2070,1209.7
NORAD-55812,-38.8775,16.0858,1199.9
NORAD-55813,-61.3148,18.2191,1201.0
NORAD-55814,-57.4343,2.4389,1221.3
NORAD-55815,-47.5958,176.8341,1220.9
NORAD-55816,-25.1545,178.1469,1219.1
NORAD-55817,57.3236,167.1092,1182.1
NORAD-55818,-83.4305,32.8186,1202.3
NORAD-55819,-73.6625,-172.7412,1201.9
NORAD-55820,79.7083,-169.1999,1204.5
NORAD-55821,-84.6863,155.8941,1221.6
NORAD-55822,69.9623,-6.6076,1204.9
NORAD-55823,-82.3412,-0.3882,1197.2
NORAD-55824,58.5835,-19.5015,1182.3
NORAD-55825,-70.0302,173.3491,1221.6
NORAD-55826,26.4990,-17.1368,1186.9
NORAD-55827,2.5270,-16.2294,1191.2
NORAD-55828,-21.4840,-15.3081,1194.9
NORAD-55829,34.7877,-179.3665,1210.0
NORAD-55830,-51.2577,-168.1899,1201.1
NORAD-55831,-45.4830,-14.0156,1196.8
NORAD-55832,57.4479,-162.3343,1186.4
NORAD-55833,-5.1087,-0.6644,1216.5
NORAD-55834,-13.7864,-166.1023,1198.1
NORAD-55835,23.6212,-164.6793,1192.2
NORAD-55836,80.7989,5.5258,888.9
NORAD-55837,23.5949,-87.4818,879.9
NORAD-55838,53.3082,-48.0905,777.6
NORAD-55839,80.8479,3.8740,888.3
NORAD-55841,0.0423,61.9464,35791.4
NORAD-55842,1.4566,121.2275,36379.7
NORAD-55843,-47.6000,-170.9987,17099.0
NORAD-55844,30.0590,-24.6137,499.9
NORAD-55846,-64.6942,-11.4488,443.9
NORAD-55850,-7.8755,-116.4305,8112.3
NORAD-55855,1.8937,79.0745,33236.4
NORAD-55856,12.7205,18.4411,21295.3
NORAD-55857,8.4341,22.6415,14748.0
NORAD-55859,10.6697,52.2075,33729.7
NORAD-55861,-72.7259,88.2497,408.5
NORAD-55862,16.5993,97.5223,799.4
NORAD-55863,-73.2103,105.9465,819.1
NORAD-55864,-3.5945,91.2332,841.3
NORAD-55868,-61.2760,-71.2801,657.4
NORAD-55869,-51.3397,-44.9713,616.9
NORAD-55871,-35.2470,-95.4436,815.1
NORAD-55872,12.5550,75.6864,869.4
NORAD-55874,41.0012,62.7876,855.4
NORAD-55875,67.2360,-73.2666,852.8
NORAD-55878,68.8825,29.7177,431.5
NORAD-55879,-78.0587,132.7921,792.8
NORAD-55882,-4.0602,79.9642,835.5
NORAD-55883,-77.9064,-58.2083,656.6
NORAD-55884,-43.1134,-108.8219,840.9
NORAD-55886,-39.0521,-68.0934,732.1
NORAD-55887,69.6149,74.1953,818.5
NORAD-55888,-46.9792,-84.4381,623.2
NORAD-55891,-41.5014,-116.3104,884.8
NORAD-55892,-21.8356,-140.2747,1000.3
NORAD-55894,13.4425,170.3835,461.6
NORAD-55895,-76.8953,-86.9959,593.5
NORAD-55896,18.5911,-87.2579,809.8
NORAD-55898,15.4551,-100.4110,887.9
NORAD-55899,56.5355,-13.4936,604.7
NORAD-55900,81.1996,-8.5571,843.3
NORAD-55901,-19.9628,-122.3625,944.6
NORAD-55902,36.0831,-35.2671,607.2
NORAD-55905,7.4517,-37.2654,1556.6
NORAD-55907,-7.6864,40.6559,2339.3
NORAD-55908,43.8757,39.0181,535.1
NORAD-55912,-0.9962,148.1313,35793.0
NORAD-55913,12.1363,59.1158,6524.1
NORAD-55914,5.2223,-90.5220,581.0
NORAD-55915,69.2285,13.6791,573.9
NORAD-55916,26.2500,-82.1079,578.6
NORAD-55918,46.6298,-69.8035,576.2
NORAD-55919,69.4434,11.2504,573.9
NORAD-55920,64.8031,-61.6636,574.2
NORAD-55921,-5.4258,89.3510,582.0
NORAD-55922,15.7594,81.4941,580.0
NORAD-55923,36.4496,71.8115,577.4
NORAD-55924,68.8805,-2.9619,574.0
NORAD-55925,-26.4397,97.7769,583.3
NORAD-55926,35.3915,52.5432,577.4
NORAD-55927,-63.5808,134.4398,583.9
NORAD-55928,-69.2414,-166.6653,584.0
NORAD-55930,-54.9098,-143.8574,584.1
NORAD-55931,-55.8969,-125.2978,584.1
NORAD-55932,13.2900,42.2916,580.1
NORAD-55933,14.5615,62.0859,579.9
NORAD-55934,-55.6429,-144.8296,584.0
NORAD-55935,-6.5815,69.8954,582.1
NORAD-55936,34.1470,32.9499,577.4
NORAD-55937,-27.5852,78.4317,583.2
NORAD-55938,-47.6717,91.0080,583.9
NORAD-55939,-68.8590,177.0108,583.7
NORAD-55940,-64.8721,118.3589,583.8
NORAD-55941,54.9374,36.3025,575.1
NORAD-55942,27.4362,-101.8396,578.6
NORAD-55943,-14.6067,-118.1449,582.7
NORAD-55944,6.5128,-110.3311,581.1
NORAD-55945,-36.2259,-128.1370,583.7
NORAD-55946,-35.4174,-127.6751,583.6
NORAD-55948,-65.5730,100.8400,583.8
NORAD-55949,-28.7012,59.0839,583.3
NORAD-55950,-68.4632,160.1601,583.7
NORAD-55951,47.7447,-89.1306,576.1
NORAD-55952,-65.0613,99.0895,583.8
NORAD-55954,48.7950,-108.0653,576.0
NORAD-55955,-34.3202,-146.9419,583.7
NORAD-55956,68.4179,-19.7330,573.9
NORAD-55957,-53.9197,-162.5074,583.8
NORAD-55958,-13.4722,-137.5756,582.7
NORAD-55959,7.6495,-129.7919,581.0
NORAD-55960,-54.6471,-163.4250,583.8
NORAD-55961,65.5379,-79.4832,574.4
NORAD-55962,-48.8185,72.1520,583.7
NORAD-55963,28.5821,-121.1754,578.5
NORAD-55964,-44.8862,-162.6676,547.5
NORAD-55965,53.8233,17.4074,575.4
NORAD-55970,0.0208,-103.1052,35793.0
NORAD-55971,-0.0285,-134.8950,35798.0
NORAD-55972,13.4836,176.9644,18428.7
NORAD-55973,78.9609,-152.0645,420.8
NORAD-55974,5.8931,70.5149,432.4
NORAD-55975,-4.9757,69.5291,435.3
NORAD-55976,29.8999,75.1976,427.0
NORAD-55978,25.2975,-1.2518,496.0
NORAD-55982,1.0606,-176.2416,454.5
NORAD-55983,-2.4778,1.7112,460.3
NORAD-55986,16.9506,-175.2340,487.7
NORAD-55987,-42.9399,-69.4507,492.9
NORAD-55988,-8.5618,18.3924,490.6
NORAD-55989,-40.1413,-41.2618,493.0
NORAD-55990,-9.8068,12.7325,491.0
NORAD-55991,-42.3005,-57.3593,493.1
NORAD-55993,-31.3878,-17.3956,492.2
NORAD-55994,-38.7266,-96.9764,492.8
NORAD-55996,9.3333,33.5013,489.6
NORAD-55998,-5.0332,17.9721,490.5
NORAD-55999,-16.2097,-138.0732,491.5
NORAD-56000,-37.7752,-32.7428,492.4
NORAD-56001,-22.2839,1.6391,491.5
NORAD-56002,-27.5654,-10.5911,492.0
NORAD-56003,12.3624,-169.7585,488.0
NORAD-56004,-30.4901,-113.7111,492.2
NORAD-56005,5.7673,33.8472,488.6
NORAD-56006,-40.8118,-36.6737,492.7
NORAD-56007,-42.7904,-59.7875,492.5
NORAD-56008,-19.0470,1.6897,491.5
NORAD-56009,-42.6346,-71.9070,492.3
NORAD-56010,-40.8622,-88.2123,492.6
NORAD-56011,-0.1139,-170.7826,490.2
NORAD-56012,-42.3054,-68.7173,493.0
NORAD-56013,-11.5612,-143.5637,491.2
NORAD-56014,14.1992,173.3946,488.4
NORAD-56015,-34.7576,-122.9120,492.3
NORAD-56016,-2.6609,6.6651,490.3
NORAD-56017,42.3341,87.1645,484.0
NORAD-56018,11.7490,22.3675,488.5
NORAD-56019,37.6174,133.4648,485.3
NORAD-56020,25.1563,39.6873,486.6
NORAD-56021,36.0956,60.8567,484.7
NORAD-56022,-40.8988,-59.5060,492.4
NORAD-56023,-25.5638,-21.2716,492.1
NORAD-56024,-27.4728,-137.1055,492.1
NORAD-56025,-21.2718,-15.1037,491.9
NORAD-56026,-42.7818,-87.9059,492.6
NORAD-56027,-38.8229,-50.8835,492.6
NORAD-56028,9.4561,178.8204,488.8
NORAD-56029,-37.7155,-114.9893,492.4
NORAD-56030,23.2352,161.7326,487.3
NORAD-56031,-18.9545,-149.3580,491.6
NORAD-56032,38.8395,69.1224,484.7
NORAD-56034,16.3866,27.8417,488.0
NORAD-56035,34.6227,141.4105,485.2
NORAD-56036,40.9423,77.8954,484.2
NORAD-56037,5.1243,0.2570,489.5
NORAD-56038,-12.1918,-3.8585,491.6
NORAD-56039,-42.9653,-96.9981,493.0
NORAD-56040,-38.9925,-124.6846,493.0
NORAD-56041,40.9548,66.5985,484.6
NORAD-56046,-53.8482,-58.9206,1213.3
NORAD-56047,-83.5014,-43.0775,1214.0
NORAD-56048,-36.2609,116.6793,1212.2
NORAD-56049,-86.7381,-7.0886,1193.9
NORAD-56050,-27.6854,-60.6904,1211.3
NORAD-56051,-64.5271,129.0495,1193.9
NORAD-56052,-0.7319,133.3865,1188.1
NORAD-56053,2.4050,148.7459,1211.9
NORAD-56054,23.3710,134.3165,1184.1
NORAD-56055,-66.1437,113.4757,1213.7
NORAD-56056,-6.3208,117.9919,1208.6
NORAD-56057,6.0078,-62.0075,1207.0
NORAD-56058,73.4802,-68.8542,1197.0
NORAD-56059,55.3643,136.4231,1178.4
NORAD-56060,68.3277,-51.8253,1176.8
NORAD-56061,36.3450,-48.1216,1181.1
NORAD-56062,23.6204,119.1276,1203.6
NORAD-56063,4.4417,-46.7499,1187.1
NORAD-56064,53.6730,121.0560,1198.5
NORAD-56065,36.0438,-63.3067,1201.6
NORAD-56066,66.0939,-66.5128,1197.5
NORAD-56067,-59.4275,-43.0735,1193.6
NORAD-56068,-80.3366,121.1144,1193.8
NORAD-56069,83.4433,136.7596,1196.2
NORAD-56070,-58.8234,-27.8798,1217.3
NORAD-56071,-69.9689,-25.5680,1217.5
NORAD-56072,-86.7565,108.2823,1217.8
NORAD-56073,-64.9847,144.1349,1217.6
NORAD-56074,-35.1034,147.1443,1216.5
NORAD-56075,32.3517,149.9927,1206.2
NORAD-56076,54.8712,151.6128,1202.6
NORAD-56077,86.6986,-70.8625,1200.0
NORAD-56078,57.3654,-34.6393,1202.1
NORAD-56079,34.8988,-32.8082,1205.6
NORAD-56080,12.3705,-31.8092,1209.7
NORAD-56081,-10.1047,-30.9925,1213.1
NORAD-56088,-44.9255,-114.4142,856.4
NORAD-56094,37.1608,179.7898,484.8
NORAD-56095,41.2255,-124.8315,484.4
NORAD-56096,26.6549,158.0065,486.3
NORAD-56097,32.1493,-144.1430,485.7
NORAD-56098,42.6522,-153.3594,484.0
NORAD-56100,29.7770,-92.6821,486.1
NORAD-56101,39.2132,-115.8825,484.6
NORAD-56102,18.0142,145.8631,487.0
NORAD-56103,39.6577,-171.8426,484.5
NORAD-56104,42.9768,-143.7988,484.5
NORAD-56105,-40.6447,12.8738,491.8
NORAD-56107,-20.0897,-31.0357,491.8
NORAD-56108,8.7731,135.0002,489.0
NORAD-56109,-32.1987,-11.6803,492.4
NORAD-56110,-42.8941,31.2741,492.6
NORAD-56111,22.0518,-79.7658,487.4
NORAD-56112,-6.1417,-47.4602,490.6
NORAD-56113,33.4062,-99.8499,485.6
NORAD-56115,-41.6326,14.8512,492.2
NORAD-56116,8.2152,-62.9528,489.0
NORAD-56117,-37.3243,-13.9861,492.9
NORAD-56119,10.1610,-79.7987,489.3
NORAD-56120,-4.1489,-64.2969,490.6
NORAD-56121,-18.3094,-48.0153,492.2
NORAD-56122,-34.3488,-10.4513,492.3
NORAD-56123,42.9152,-162.4435,484.4
NORAD-56124,-30.7847,-29.1252,492.6
NORAD-56125,40.3213,-134.1759,485.0
NORAD-56126,-36.5506,58.2695,492.6
NORAD-56127,-10.5276,102.7661,490.9
NORAD-56128,31.6790,-110.0957,486.1
NORAD-56129,7.1527,67.4853,489.0
NORAD-56130,-29.6718,73.2443,492.3
NORAD-56131,-42.9714,22.4654,492.9
NORAD-56132,40.8908,178.9716,484.7
NORAD-56133,29.0406,147.2812,486.2
NORAD-56134,32.7171,154.2743,485.7
NORAD-56136,11.5393,123.4360,488.3
NORAD-56137,-21.4298,85.9832,491.8
NORAD-56138,-22.7337,-42.1221,492.2
NORAD-56140,27.8850,-103.2478,486.8
NORAD-56141,-33.2884,66.1518,492.1
NORAD-56142,38.7491,170.1245,484.7
NORAD-56143,35.7214,172.2857,512.6
NORAD-56144,-7.5948,102.6135,490.7
NORAD-56146,-41.1436,41.3582,492.6
NORAD-56147,30.2042,92.4990,207.1
NORAD-56148,4.2986,78.9036,488.9
NORAD-56153,-5.8781,82.1484,534.2
NORAD-56154,-5.8829,82.1450,533.9
NORAD-56155,-5.8657,82.1484,534.3
NORAD-56156,-5.8709,82.1470,534.5
NORAD-56157,-36.4389,153.1687,1136.9
NORAD-56158,-48.3421,152.1358,990.3
NORAD-56162,-55.0859,142.6742,957.7
NORAD-56163,43.1372,-42.1204,951.8
NORAD-56164,-77.9776,177.7052,958.5
NORAD-56165,72.9705,98.4554,948.0
NORAD-56166,-58.1245,143.6366,942.8
NORAD-56167,3.2715,-50.0006,954.9
NORAD-56168,74.6434,-15.0228,951.1
NORAD-56169,-21.7084,132.8048,956.9
NORAD-56170,-58.7836,150.1969,809.4
NORAD-56171,64.0267,119.3737,941.9
NORAD-56174,-0.0225,-91.0215,35797.8
NORAD-56175,26.0155,105.2063,20060.5
NORAD-56178,33.2068,-24.7108,678.6
NORAD-56186,39.6038,171.5795,411.4
NORAD-56191,73.9472,-63.3783,482.2
NORAD-56192,79.0823,-172.4985,480.0
NORAD-56193,74.2679,-65.7303,481.8
NORAD-56200,74.8236,-66.0837,482.1
NORAD-56201,80.3355,-63.0269,422.8
NORAD-56202,-30.0961,-9.1461,423.2
NORAD-56203,-12.2505,-15.0273,407.3
NORAD-56204,-30.2077,-9.5319,417.2
NORAD-56209,53.6360,174.5999,421.0
NORAD-56218,-24.4007,0.9531,253.9
NORAD-56225,42.3188,-54.9160,525.3
NORAD-56232,-10.1267,-11.9032,420.8
NORAD-56236,-68.2112,-98.8869,754.0
NORAD-56237,78.1295,-6.1491,836.9
NORAD-56238,77.2264,-52.2707,1027.4
NORAD-56239,37.1565,87.5978,738.4
NORAD-56240,62.4353,170.8589,651.1
NORAD-56241,40.7548,162.5222,724.6
NORAD-56245,-48.1647,94.0151,807.7
NORAD-56246,13.2463,-158.2490,546.8
NORAD-56247,26.1841,-44.8274,576.1
NORAD-56248,29.3599,55.0282,857.5
NORAD-56249,-46.7840,106.3704,790.8
NORAD-56250,-74.6323,138.3793,696.1
NORAD-56251,0.5472,69.8257,838.9
NORAD-56252,34.4842,56.6618,875.3
NORAD-56253,-73.5255,-121.4117,817.0
NORAD-56255,66.7276,27.2524,833.1
NORAD-56256,46.2384,-29.9652,605.9
NORAD-56257,-56.6941,-131.2975,887.5
NORAD-56258,-26.8847,126.5970,637.7
NORAD-56259,6.3689,78.2375,834.1
NORAD-56260,50.0914,-70.8779,841.3
NORAD-56261,11.9565,-80.1758,778.1
NORAD-56262,69.2660,-72.3796,862.4
NORAD-56263,-67.6377,-82.6249,652.8
NORAD-56265,-38.9306,89.2132,825.5
NORAD-56266,-32.0375,55.8829,895.9
NORAD-56267,-68.4196,-173.6202,598.0
NORAD-56269,36.9566,73.5711,864.9
NORAD-56270,-55.0647,-46.3542,612.7
NORAD-56271,-37.8450,-59.5115,615.1
NORAD-56272,-12.1878,-79.8673,777.9
NORAD-56273,-81.5123,-149.8176,648.0
NORAD-56274,74.3258,-76.5051,905.6
NORAD-56276,17.7343,-85.3580,831.5
NORAD-56277,79.3922,45.9999,820.1
NORAD-56278,77.9278,4.2777,852.3
NORAD-56279,-33.6326,79.0911,839.1
NORAD-56280,-15.9125,56.6471,833.8
NORAD-56281,41.3098,-98.4835,882.2
NORAD-56282,-35.3907,94.7167,787.7
NORAD-56283,-45.1437,-59.1405,611.8
NORAD-56284,75.5456,-31.1235,798.2
NORAD-56287,-34.9331,23.6897,492.6
NORAD-56288,-36.4687,120.4265,492.2
NORAD-56289,2.4868,-35.6505,489.7
NORAD-56290,-42.4487,93.9799,492.3
NORAD-56291,-25.6795,141.7776,491.8
NORAD-56292,-41.6196,65.4615,493.9
NORAD-56294,0.4987,-7.4379,490.1
NORAD-56295,-38.6181,26.7066,494.6
NORAD-56296,4.8171,-52.0651,489.2
NORAD-56297,-18.3545,13.8833,491.4
NORAD-56298,-7.5070,164.5674,490.6
NORAD-56299,-30.7767,21.4193,492.4
NORAD-56300,-27.0219,26.2518,491.2
NORAD-56301,-2.3525,-5.1809,486.9
NORAD-56302,25.1385,-157.1888,486.6
NORAD-56304,11.7013,-174.5453,489.4
NORAD-56305,-12.2220,159.2503,490.2
NORAD-56306,36.0609,-136.0914,485.0
NORAD-56308,-7.7992,-85.1343,584.9
NORAD-56309,9.5998,-57.1134,504.5
NORAD-56310,-0.1510,165.8896,582.2
NORAD-56317,66.9963,57.8003,549.4
NORAD-56318,-38.1462,-110.3606,564.0
NORAD-56319,58.5844,-93.6010,550.6
NORAD-56320,-0.8543,-105.9371,560.3
NORAD-56321,21.2800,-101.7632,556.1
NORAD-56322,0.5666,74.1737,560.1
NORAD-56323,30.2592,69.9786,554.3
NORAD-56324,-52.7215,-114.2661,564.2
NORAD-56325,-82.6727,158.4449,565.3
NORAD-56326,14.0914,-103.9916,558.1
NORAD-56327,-72.7098,98.4821,565.4
NORAD-56328,37.9015,69.6107,553.7
NORAD-56329,65.4901,-88.3343,549.1
NORAD-56331,-15.8110,-107.8981,561.7
NORAD-56332,-43.8964,81.3088,564.4
NORAD-56333,-36.2979,80.6907,563.8
NORAD-56334,-67.3154,-122.4060,565.1
NORAD-56335,6.3991,-103.7893,559.0
NORAD-56336,-14.3308,76.1150,561.8
NORAD-56337,-74.1076,-132.5131,565.2
NORAD-56338,45.1364,66.8766,552.3
NORAD-56339,72.6966,-81.4541,548.4
NORAD-56340,-6.6812,76.1702,560.7
NORAD-56341,-58.5685,86.3121,565.0
NORAD-56342,51.1045,-95.4936,552.0
NORAD-56343,-21.5209,78.1977,561.9
NORAD-56344,-8.8925,-105.7501,560.7
NORAD-56345,-30.4642,-110.1306,563.5
NORAD-56346,82.6790,-21.0681,547.5
NORAD-56347,78.9651,-63.6222,548.5
NORAD-56348,43.5745,-98.8510,552.2
NORAD-56349,59.8038,61.5728,550.0
NORAD-56350,36.1330,-99.2603,553.4
NORAD-56351,8.1961,74.2637,558.4
NORAD-56352,-59.9830,-118.5965,564.7
NORAD-56353,-45.1847,-113.2048,564.0
NORAD-56354,-80.2173,-152.6273,565.0
NORAD-56355,39.6838,71.3058,379.4
NORAD-56356,23.1248,72.1940,555.8
NORAD-56357,-23.2325,-107.7428,562.8
NORAD-56358,73.9502,47.8588,548.6
NORAD-56359,29.0581,-101.7555,555.1
NORAD-56360,80.1097,28.1038,547.2
NORAD-56361,15.4252,72.2345,557.4
NORAD-56362,52.7362,65.6537,550.6
NORAD-56367,-0.0658,168.5382,8082.5
NORAD-56368,-0.0465,108.8684,8076.0
NORAD-56369,-8.5149,-66.8656,2781.4
NORAD-56370,0.0068,-88.9460,35789.4
NORAD-56371,2.6174,84.1936,35700.3
NORAD-56372,2.4620,89.4594,35807.8
NORAD-56373,2.8942,62.2324,34578.9
NORAD-56374,42.0212,-92.8643,485.7
NORAD-56375,-3.0655,158.4112,490.2
NORAD-56376,32.5991,-155.0997,485.9
NORAD-56377,38.3610,-139.4730,485.3
NORAD-56378,11.3601,174.1031,488.5
NORAD-56379,-12.5469,147.9262,491.1
NORAD-56381,19.5973,-40.2652,487.9
NORAD-56382,0.8446,-18.7815,490.2
NORAD-56383,-13.5218,-2.9688,491.5
NORAD-56384,-22.5236,8.4601,492.1
NORAD-56385,-39.7366,45.0814,492.8
NORAD-56386,5.6165,-23.9157,489.6
NORAD-56387,6.6114,168.8154,489.0
NORAD-56388,38.1072,-75.0358,486.0
NORAD-56389,-8.8086,-8.3432,491.3
NORAD-56391,20.5379,-174.6831,487.3
NORAD-56392,15.4597,168.4735,487.9
NORAD-56393,-42.9771,72.9299,492.7
NORAD-56394,-34.0938,17.2981,492.9
NORAD-56395,-41.4430,80.1041,492.0
NORAD-56396,5.6767,-35.2748,489.5
NORAD-56397,-22.1677,125.4147,491.5
NORAD-56398,19.6377,-51.6135,487.6
NORAD-56399,-8.7670,-19.6729,491.0
NORAD-56400,31.8826,-70.9216,485.6
NORAD-56404,6.0212,157.7284,489.1
NORAD-56405,38.1705,-86.5201,485.6
NORAD-56406,-39.5153,89.1767,491.2
NORAD-56407,19.9745,174.1330,487.5
NORAD-56408,-30.5525,9.9966,492.3
NORAD-56409,-3.6231,147.3722,490.1
NORAD-56410,-42.6538,51.9291,492.4
NORAD-56411,-17.7367,131.2459,491.1
NORAD-56412,-3.9878,-24.8997,490.5
NORAD-56413,-42.9834,61.2806,492.5
NORAD-56414,38.3384,-150.8558,485.0
NORAD-56416,9.1664,-46.1573,488.9
NORAD-56417,23.9508,-57.5598,487.1
NORAD-56418,-11.3973,130.8949,490.7
NORAD-56419,28.4013,-173.3906,486.1
NORAD-56420,-35.8615,92.6118,493.1
NORAD-56421,-20.9436,-8.6427,492.0
NORAD-56422,-37.8764,20.1866,492.1
NORAD-56423,-42.2447,66.5071,492.7
NORAD-56424,-14.6874,-19.9428,491.3
NORAD-56425,-27.7147,-2.0143,492.3
NORAD-56426,27.0505,-69.3646,486.5
NORAD-56427,34.4441,-83.4866,485.6
NORAD-56428,-0.4407,-35.7562,490.1
NORAD-56429,13.8700,-51.5447,488.3
NORAD-56437,-6.1172,-51.2061,776.6
NORAD-56448,34.5385,122.0018,578.0
NORAD-56449,-64.8166,56.8353,583.6
NORAD-56450,54.0892,137.6515,575.1
NORAD-56451,-47.6881,83.9946,583.6
NORAD-56452,-27.4852,96.6335,583.3
NORAD-56453,-6.5473,105.1354,582.4
NORAD-56454,64.8016,-123.3214,574.7
NORAD-56455,47.5599,-96.0945,576.3
NORAD-56456,54.9005,138.6731,575.7
NORAD-56457,68.9009,178.1671,574.4
NORAD-56458,35.4534,122.5118,578.0
NORAD-56459,-34.7273,-58.0934,583.3
NORAD-56460,27.3116,-83.4869,578.6
NORAD-56461,-55.1070,-41.2602,583.3
NORAD-56462,46.1098,-135.0383,576.4
NORAD-56463,14.7013,112.9824,580.2
NORAD-56464,6.2931,-74.9723,580.9
NORAD-56465,69.5574,144.9854,574.3
NORAD-56466,-35.7436,-57.5221,583.6
NORAD-56467,64.0279,-140.8576,574.7
NORAD-56468,-68.9333,-1.7579,583.3
NORAD-56469,36.5105,103.2532,577.8
NORAD-56470,69.2185,161.2604,574.3
NORAD-56471,46.5069,-115.0667,576.2
NORAD-56472,5.1836,-94.4319,581.0
NORAD-56474,55.9121,120.1494,575.6
NORAD-56475,-15.9689,-86.5842,582.5
NORAD-56476,26.2727,-102.8717,578.8
NORAD-56477,-64.5456,37.4100,583.4
NORAD-56478,-36.6604,-76.8606,583.3
NORAD-56479,-5.3050,85.3197,582.1
NORAD-56480,-51.3879,13.7771,466.0
NORAD-56481,-46.5287,64.7133,583.5
NORAD-56482,-56.0482,-59.8649,583.5
NORAD-56483,-69.2690,-18.4167,583.4
NORAD-56484,-63.9912,39.0448,583.4
NORAD-56485,15.8931,93.1840,580.2
NORAD-56487,63.2225,-158.9347,574.3
NORAD-56488,-56.9969,-78.3735,583.5
NORAD-56489,-45.4888,45.6913,583.6
NORAD-56490,-17.0714,-106.0157,582.6
NORAD-56491,-25.1340,57.5724,583.2
NORAD-56492,-4.1083,65.8878,582.1
NORAD-56493,57.9513,83.0049,574.9
NORAD-56494,-4.9437,65.5816,582.3
NORAD-56495,37.7553,83.7206,577.3
NORAD-56496,57.1167,101.6015,575.8
NORAD-56497,69.3594,142.5135,574.6
NORAD-56498,16.9411,73.7319,580.1
NORAD-56503,3.7498,-179.6899,489.5
NORAD-56504,-40.5176,109.9843,492.4
NORAD-56505,22.1913,-29.1630,487.3
NORAD-56506,-38.2158,42.9077,493.6
NORAD-56507,22.7900,-63.0821,487.2
NORAD-56508,42.6283,-102.9099,484.3
NORAD-56509,13.2655,-169.1115,488.3
NORAD-56510,37.0565,-129.7388,484.9
NORAD-56511,-10.6210,164.7076,490.8
NORAD-56512,26.4839,-151.5023,486.6
NORAD-56513,-24.1601,147.6003,491.7
NORAD-56515,-35.3804,126.7824,491.9
NORAD-56516,-1.0673,175.1424,490.0
NORAD-56517,-35.4703,46.4217,492.3
NORAD-56518,-42.0613,100.9761,492.3
NORAD-56519,-15.4100,13.8462,491.4
NORAD-56520,-42.0909,72.2602,492.6
NORAD-56521,-7.8345,8.5645,491.2
NORAD-56522,-28.4449,32.1325,492.0
NORAD-56523,41.4480,-74.4973,484.4
NORAD-56524,26.4232,-35.4222,486.6
NORAD-56525,-20.1530,164.2196,494.1
NORAD-56526,36.9960,-57.0939,485.2
NORAD-56527,-3.0486,3.3639,490.5
NORAD-56528,-29.8675,38.0200,492.2
NORAD-56529,8.4731,-23.7659,489.3
NORAD-56530,32.2210,-166.4705,485.8
NORAD-56531,24.4167,-168.5074,485.8
NORAD-56532,42.1509,-121.5211,484.1
NORAD-56533,14.9795,-34.6402,488.8
NORAD-56534,35.5876,-147.5591,485.4
NORAD-56535,15.4632,-6.6346,488.4
NORAD-56536,42.0308,-93.9086,484.6
NORAD-56537,28.3999,-24.7786,486.4
NORAD-56538,27.9795,-52.6624,486.6
NORAD-56539,24.0010,-140.5445,486.8
NORAD-56540,10.4134,-157.6609,488.7
NORAD-56541,-42.0767,83.4710,492.7
NORAD-56542,35.2973,-119.7093,485.5
NORAD-56544,12.5551,-6.6046,488.9
NORAD-56545,-24.1396,158.9399,491.8
NORAD-56546,-42.0455,112.3698,492.7
NORAD-56547,26.5680,-140.0616,486.6
NORAD-56548,-40.5165,74.3305,493.1
NORAD-56549,13.3647,-157.6900,488.2
NORAD-56550,-38.2728,65.7020,492.9
NORAD-56551,-15.2876,170.5865,491.3
NORAD-56552,-38.1504,130.2927,492.4
NORAD-56553,42.6149,-91.8199,484.9
NORAD-56554,-42.8746,102.8059,492.7
NORAD-56555,25.9330,-24.1918,486.9
NORAD-56556,37.0664,-118.4197,485.3
NORAD-56557,-1.0560,-173.5458,490.1
NORAD-56558,-3.9854,-173.2863,490.4
NORAD-56564,-0.4877,140.0776,35796.5
NORAD-56565,23.5003,44.8993,9895.5
NORAD-56566,-73.1432,34.3423,1341.4
NORAD-56567,1.3819,166.1550,1238.3
NORAD-56569,-43.1083,78.3503,1248.0
NORAD-56570,36.0219,-48.7911,1366.0
NORAD-56573,-73.9863,12.3816,1369.2
NORAD-56574,70.2878,137.8756,1383.2
NORAD-56575,28.8537,-64.2953,1488.0
NORAD-56576,-30.2665,123.8717,1206.2
NORAD-56578,38.8394,51.3471,974.5
NORAD-56579,63.1016,131.0959,1324.4
NORAD-56580,34.1350,57.0965,908.7
NORAD-56581,47.3048,-140.9488,897.7
NORAD-56582,80.7916,23.2120,812.4
NORAD-56583,79.3426,35.9267,575.8
NORAD-56586,53.3135,-20.5895,629.1
NORAD-56587,-29.5104,44.2265,995.3
NORAD-56588,-55.0357,169.6575,688.1
NORAD-56589,75.7080,-102.0438,919.1
NORAD-56590,1.9610,-85.5349,819.5
NORAD-56591,79.5634,-63.3774,1257.0
NORAD-56592,29.8350,83.3047,842.8
NORAD-56593,64.3432,102.7236,755.0
NORAD-56594,-78.1474,-145.9446,843.3
NORAD-56595,-32.4397,83.9966,927.6
NORAD-56596,-12.3915,-94.4960,818.1
NORAD-56597,50.1262,-67.1319,819.2
NORAD-56598,42.1025,-78.0906,848.5
NORAD-56599,32.9291,-75.1382,798.5
NORAD-56600,72.7125,126.0937,576.6
NORAD-56601,59.9433,-68.3270,820.0
NORAD-56602,-75.9320,-120.5461,781.0
NORAD-56604,-49.7864,176.4614,526.0
NORAD-56605,-16.3805,115.1867,779.2
NORAD-56606,20.8420,-101.3080,892.7
NORAD-56607,-54.2596,-90.3102,888.0
NORAD-56608,-45.1987,-89.4707,838.3
NORAD-56609,-71.9139,67.9602,926.1
NORAD-56610,49.4707,-98.8198,902.6
NORAD-56611,18.2548,-103.5488,884.4
NORAD-56612,57.9841,-83.9929,862.3
NORAD-56613,56.6184,87.5051,819.5
NORAD-56614,-14.6779,-142.6343,1004.9
NORAD-56616,72.3702,-71.1100,869.8
NORAD-56618,-64.5709,-121.5558,848.6
NORAD-56619,-37.2750,84.1548,760.4
NORAD-56620,-81.0118,127.7848,1059.9
NORAD-56621,-27.0368,-132.8488,1001.9
NORAD-56623,-26.4354,57.3462,835.9
NORAD-56624,2.1789,-100.9927,884.9
NORAD-56625,-41.9092,-122.6976,921.9
NORAD-56626,26.5469,-66.5431,822.2
NORAD-56627,-74.6834,122.8189,816.2
NORAD-56628,10.3869,63.6336,845.6
NORAD-56629,7.3272,-50.0457,714.1
NORAD-56630,67.8023,-80.8911,884.7
NORAD-56631,57.7618,158.5802,440.9
NORAD-56633,-73.9625,-146.1030,873.9
NORAD-56634,-31.0297,104.6263,824.6
NORAD-56635,70.6606,60.5095,837.1
NORAD-56636,34.9862,-100.8525,907.8
NORAD-56637,81.0932,70.9183,744.7
NORAD-56638,-4.1487,-84.4563,866.2
NORAD-56639,48.6143,102.9728,792.0
NORAD-56640,-28.5563,30.9120,879.8
NORAD-56641,-79.4348,-52.2195,697.0
NORAD-56642,2.0362,-137.4133,990.0
NORAD-56644,-59.4048,-117.8104,848.0
NORAD-56645,13.8625,80.6259,829.6
NORAD-56646,-2.8776,145.9082,738.4
NORAD-56647,-55.8645,96.5181,823.5
NORAD-56648,-6.2029,72.9078,842.6
NORAD-56649,-1.7266,-94.7378,845.8
NORAD-56650,-78.8425,-150.9290,821.4
NORAD-56651,80.6244,29.3264,671.0
NORAD-56652,65.0900,73.4570,835.2
NORAD-56653,-74.9900,-50.8678,698.9
NORAD-56654,79.9386,-18.3356,824.4
NORAD-56655,44.9032,104.1987,763.5
NORAD-56656,-80.9581,124.9755,949.9
NORAD-56657,68.5151,-0.0981,839.9
NORAD-56658,-26.4559,38.9782,877.4
NORAD-56659,73.2151,76.9115,784.9
NORAD-56660,37.9592,-74.3218,778.3
NORAD-56661,-80.4774,-165.9328,714.2
NORAD-56662,-30.6668,79.2821,824.6
NORAD-56664,-48.4163,90.7854,841.8
NORAD-56665,-14.3720,-19.4023,622.0
NORAD-56666,9.4803,-41.6048,732.9
NORAD-56667,17.4279,162.6356,734.1
NORAD-56668,0.7705,-41.5840,781.3
NORAD-56670,38.5623,70.7955,869.8
NORAD-56671,33.4668,40.3830,827.3
NORAD-56672,81.0388,-70.4777,829.0
NORAD-56673,9.7859,110.1220,780.2
NORAD-56674,31.9392,-59.3432,743.1
NORAD-56675,1.8826,-99.3247,852.3
NORAD-56676,22.5867,-97.8465,891.2
NORAD-56677,38.9059,-72.6412,857.6
NORAD-56678,16.0133,71.0467,836.6
NORAD-56679,76.1417,-62.4089,861.3
NORAD-56680,-76.1508,-79.8169,640.0
NORAD-56681,78.9445,-39.7905,842.7
NORAD-56682,50.4258,-93.6749,878.2
NORAD-56683,-49.0453,-115.2817,853.5
NORAD-56684,16.0215,52.1935,821.5
NORAD-56685,-21.8266,-100.9350,830.0
NORAD-56686,47.7477,67.2972,873.0
NORAD-56687,57.1963,33.2225,826.2
NORAD-56688,-12.5750,75.8987,491.1
NORAD-56689,-36.1250,-166.3241,492.4
NORAD-56690,-42.7642,148.2041,492.4
NORAD-56692,-29.1084,-151.4685,492.5
NORAD-56693,-42.3482,167.3589,492.4
NORAD-56694,3.7602,-117.6696,489.3
NORAD-56695,-41.7920,138.8939,492.5
NORAD-56697,20.5462,-101.4764,487.4
NORAD-56698,-37.2320,98.5041,492.0
NORAD-56699,-23.2154,92.8496,491.6
NORAD-56700,-42.9788,146.2462,492.6
NORAD-56701,-41.2809,164.6829,493.1
NORAD-56702,-3.0002,65.2750,490.5
NORAD-56703,39.3201,-3.4866,484.6
NORAD-56704,6.6787,-117.9348,489.2
NORAD-56705,3.7383,-128.9357,489.2
NORAD-56706,-40.0224,129.6547,492.6
NORAD-56707,-42.6516,136.4237,492.9
NORAD-56708,-19.8701,81.4657,491.7
NORAD-56709,32.5970,-81.9146,485.4
NORAD-56710,87.8353,-122.0874,1180.2
NORAD-56711,-23.9295,-60.8576,1211.2
NORAD-56712,13.5652,-62.2855,1205.6
NORAD-56713,34.5652,-17.5696,1185.8
NORAD-56714,-20.1120,147.8564,1214.8
NORAD-56715,1.1955,118.2545,1207.3
NORAD-56716,-87.4420,79.1769,1194.2
NORAD-56717,3.3931,133.5313,1187.0
NORAD-56718,-47.5391,-29.0759,1217.1
NORAD-56719,64.8704,-35.8579,1201.0
NORAD-56720,77.2451,157.9429,1200.7
NORAD-56721,-8.9590,-61.4369,1208.9
NORAD-56722,21.0197,-62.6035,1204.1
NORAD-56723,-79.8341,136.8452,1217.7
NORAD-56724,-55.0576,-28.3551,1216.5
NORAD-56725,81.1003,131.3249,1173.8
NORAD-56726,66.6382,114.5993,746.8
NORAD-56727,-76.2422,-161.7657,645.3
NORAD-56728,30.6387,-118.2227,658.5
NORAD-56729,-18.0943,-89.6581,641.8
NORAD-56730,10.0921,-78.9446,637.5
NORAD-56731,14.4689,141.5847,448.5
NORAD-56732,4.0629,49.7874,548.1
NORAD-56743,43.1163,100.2424,488.5
NORAD-56744,-17.6435,-75.0897,449.2
NORAD-56745,-2.9292,-73.9589,433.1
NORAD-56746,-27.0837,-62.7178,364.2
NORAD-56747,30.8208,-78.6810,426.3
NORAD-56748,-9.1766,-84.5859,479.3
NORAD-56749,-22.1762,101.4020,425.0
NORAD-56750,-5.7993,-76.2594,471.6
NORAD-56756,50.2527,99.3903,508.4
NORAD-56757,0.0966,26.0561,35795.4
NORAD-56759,-0.2613,129.5735,35781.5
NORAD-56760,0.9665,-67.7630,24135.0
NORAD-56767,-60.0028,-96.0700,511.3
NORAD-56768,37.5322,91.0333,577.0
NORAD-56770,40.6463,129.2000,576.8
NORAD-56772,19.1646,140.1220,579.5
NORAD-56773,-36.7027,-108.1663,583.9
NORAD-56774,43.3025,-12.4083,576.5
NORAD-56775,-15.8730,-98.3822,582.9
NORAD-56776,-25.3760,117.5508,582.9
NORAD-56777,62.4160,-8.1809,574.4
NORAD-56778,-45.5266,129.3507,583.9
NORAD-56779,4.0408,-71.1026,581.2
NORAD-56780,69.8509,44.1682,574.0
NORAD-56781,-3.0823,128.6153,581.9
NORAD-56782,-63.2894,153.9213,583.9
NORAD-56783,-56.9465,-106.5372,584.1
NORAD-56784,-69.5265,-149.7758,583.9
NORAD-56785,38.7481,110.5466,577.1
NORAD-56786,-37.7401,-88.9010,583.9
NORAD-56787,69.5089,30.2651,573.8
NORAD-56788,-17.0272,-78.9570,582.9
NORAD-56790,64.0381,-44.1167,574.2
NORAD-56791,-18.1166,-59.5249,583.0
NORAD-56792,57.8539,92.1479,574.6
NORAD-56793,-62.5059,171.8318,583.9
NORAD-56794,25.0920,-62.7812,578.9
NORAD-56795,17.6296,100.6007,579.8
NORAD-56796,18.0433,120.7033,579.6
NORAD-56797,69.7499,46.7400,573.7
NORAD-56799,-44.5210,148.4267,583.7
NORAD-56800,-24.1146,136.8495,583.3
NORAD-56801,56.8144,73.4560,574.7
NORAD-56803,-69.7418,-133.3045,583.8
NORAD-56804,63.3073,-26.2322,574.1
NORAD-56805,45.5388,-50.8426,575.9
NORAD-56806,-64.1342,135.9586,583.9
NORAD-56807,16.7959,100.9338,579.8
NORAD-56808,44.8548,36.2550,576.2
NORAD-56809,24.0411,-43.3830,578.9
NORAD-56810,-57.9081,-88.1460,583.4
NORAD-56812,57.5049,72.4265,574.8
NORAD-56813,43.7120,-32.3810,576.5
NORAD-56814,2.9750,-51.6252,581.4
NORAD-56816,-4.3338,108.8018,582.0
NORAD-56818,44.5005,-31.7889,576.2
NORAD-56823,31.3044,-149.4580,486.2
NORAD-56824,32.8000,115.2067,486.3
NORAD-56825,16.8060,89.5829,487.9
NORAD-56826,4.7078,-114.0882,489.5
NORAD-56827,-27.4367,-75.1044,492.4
NORAD-56828,-14.3198,-92.9995,491.5
NORAD-56832,-18.4712,24.2146,491.8
NORAD-56833,-6.8402,42.2294,500.7
NORAD-56834,-25.8530,-81.0232,492.1
NORAD-56835,-40.8473,-50.4122,457.9
NORAD-56836,16.0318,-130.1555,488.3
NORAD-56837,21.2493,95.2991,487.3
NORAD-56838,18.7368,156.5801,487.2
NORAD-56839,-31.2554,-68.3500,492.5
NORAD-56840,36.3354,-51.5176,485.3
NORAD-56841,-32.8752,-112.7388,492.6
NORAD-56842,18.7764,-130.2737,487.6
NORAD-56843,-40.9059,2.4072,492.5
NORAD-56844,-18.9485,-87.4033,491.8
NORAD-56846,16.8070,-31.9339,502.4
NORAD-56866,44.1695,-33.7210,499.9
NORAD-56874,-10.7489,-151.0575,452.6
NORAD-56876,-22.6480,-104.0038,492.0
NORAD-56877,42.9432,135.8236,483.9
NORAD-56878,0.6712,-131.2337,489.8
NORAD-56879,14.9043,-147.0642,488.2
NORAD-56880,-29.7484,11.3406,491.6
NORAD-56881,27.9442,-165.1175,486.4
NORAD-56882,-7.6842,40.7537,490.9
NORAD-56883,20.5372,72.6775,487.4
NORAD-56884,41.8335,154.9665,484.4
NORAD-56885,6.7498,56.3199,488.6
NORAD-56886,42.2896,126.2728,484.3
NORAD-56887,8.0425,62.0085,488.7
NORAD-56888,-32.1094,-84.9050,492.4
NORAD-56889,38.7212,108.2282,484.9
NORAD-56890,-19.8240,29.7748,491.5
NORAD-56891,28.9941,85.4227,486.1
NORAD-56892,30.3228,-165.8768,486.2
NORAD-56893,16.1505,67.0936,487.8
NORAD-56894,-38.2270,-5.0841,492.1
NORAD-56895,17.8232,-147.2329,487.8
NORAD-56896,3.6100,-130.9837,489.6
NORAD-56897,-5.9499,-120.7104,490.5
NORAD-56898,-11.8627,-120.9501,491.2
NORAD-56899,42.7864,128.7559,483.6
NORAD-56900,42.7028,117.0253,484.2
NORAD-56901,-36.1668,-82.4120,492.5
NORAD-56902,39.8486,98.6211,484.4
NORAD-56903,18.9431,67.1757,487.5
NORAD-56904,-2.2637,-142.8050,490.1
NORAD-56905,14.3318,50.2161,488.2
NORAD-56906,-14.3369,18.4778,491.3
NORAD-56907,0.0299,34.3805,490.0
NORAD-56908,-42.3422,-67.5224,492.6
NORAD-56909,30.8544,74.9566,485.8
NORAD-56910,-25.2270,-114.9520,492.0
NORAD-56911,-34.6590,-13.4125,492.7
NORAD-56912,12.1452,-158.5376,488.6
NORAD-56913,-41.7751,-38.9086,492.5
NORAD-56914,18.9358,55.8717,487.5
NORAD-56915,-36.1497,-93.7473,492.6
NORAD-56916,-38.8633,-85.5422,492.6
NORAD-56917,25.5076,-175.9347,486.9
NORAD-56918,-31.2097,-6.0941,492.2
NORAD-56919,4.8249,39.5201,489.2
NORAD-56920,-42.9483,-58.1094,493.6
NORAD-56921,-9.5525,23.9677,490.7
NORAD-56922,41.0704,145.6845,484.7
NORAD-56923,-40.0463,-29.8950,492.5
NORAD-56924,33.1695,170.3423,486.0
NORAD-56925,-16.4615,-126.8053,491.6
NORAD-56926,-29.3143,-108.2928,492.2
NORAD-56927,32.4545,80.7136,485.9
NORAD-56934,-61.1610,23.3860,473.8
NORAD-56943,78.0203,82.0617,332.9
NORAD-56944,45.6001,40.7521,481.8
NORAD-56946,48.7386,49.2661,454.9
NORAD-56950,-23.0196,-145.4232,521.8
NORAD-56953,7.7913,39.7405,460.6
NORAD-56954,-73.1508,-123.1423,511.4
NORAD-56955,-54.8148,-137.6496,524.7
NORAD-56956,10.4632,-150.2456,519.1
NORAD-56957,40.7256,-102.3699,479.5
NORAD-56958,-25.6495,41.7175,430.6
NORAD-56960,22.5257,-145.8442,469.4
NORAD-56963,68.0894,-156.0371,385.3
NORAD-56964,-10.6474,31.6233,491.9
NORAD-56966,58.7080,-151.8879,432.4
NORAD-56970,38.6188,46.9459,458.8
NORAD-56995,-28.8629,42.4793,515.8
NORAD-56996,-0.7623,-143.6291,595.8
NORAD-56998,-42.6039,69.7400,1542.7
NORAD-56999,20.0363,35.5900,1553.4
NORAD-57000,61.4824,19.7676,1491.0
NORAD-57001,-71.4628,145.0382,1078.0
NORAD-57004,-29.2764,-169.5963,482.4
NORAD-57012,-16.7444,6.4597,476.5
NORAD-57014,38.8600,13.0702,475.7
NORAD-57023,72.8220,33.0647,463.0
NORAD-57026,-36.9808,-164.6598,469.5
NORAD-57031,-41.0012,2.3171,479.6
NORAD-57036,69.3495,21.7981,509.8
NORAD-57037,36.8336,6.8830,515.4
NORAD-57038,79.1810,145.1004,456.4
NORAD-57044,-22.8016,-167.0572,464.8
NORAD-57045,-0.0539,145.9559,35793.9
NORAD-57046,13.3455,129.5635,36337.9
NORAD-57047,-60.4743,-53.4806,279.6
NORAD-57049,-38.4676,-46.5420,492.5
NORAD-57050,37.2787,129.3019,484.5
NORAD-57051,36.5082,-158.1758,485.1
NORAD-57052,25.6793,-136.6990,486.7
NORAD-57053,-27.9807,40.0357,491.9
NORAD-57054,33.3532,-150.5449,485.4
NORAD-57055,42.4337,175.6237,482.6
NORAD-57056,21.4054,-130.5348,487.3
NORAD-57057,39.1272,-166.3967,484.8
NORAD-57058,7.6208,-113.9632,489.1
NORAD-57059,12.3424,-119.2830,488.7
NORAD-57060,-15.7482,-87.3348,491.5
NORAD-57061,42.0974,153.7361,484.4
NORAD-57062,-39.0508,-0.4040,493.6
NORAD-57063,18.2043,95.2765,487.6
NORAD-57064,41.6009,146.8002,483.9
NORAD-57065,-8.4707,68.8960,490.2
NORAD-57066,30.7106,114.1612,485.8
NORAD-57067,-14.9088,58.1262,490.9
NORAD-57068,-33.9121,32.0524,492.8
NORAD-57069,31.5412,-160.6741,485.7
NORAD-57070,-42.9698,-28.1768,493.4
NORAD-57071,-4.3966,-114.8741,490.1
NORAD-57072,-30.9075,-79.7373,492.2
NORAD-57073,-39.8864,-56.0224,492.8
NORAD-57074,-22.2263,52.1676,491.2
NORAD-57075,41.7070,166.7457,484.4
NORAD-57076,-18.5069,-98.6071,491.6
NORAD-57077,19.2202,-141.4911,487.8
NORAD-57079,29.2081,96.7345,486.0
NORAD-57080,5.1898,-125.1653,489.6
NORAD-57081,2.2130,62.3455,489.6
NORAD-57082,42.3482,137.7683,484.3
NORAD-57083,-41.0778,-9.1352,492.9
NORAD-57084,16.3664,78.2915,487.8
NORAD-57085,40.0303,175.3801,484.7
NORAD-57086,-12.1435,46.6711,491.2
NORAD-57087,42.9591,147.3872,484.6
NORAD-57088,-25.5295,29.2378,492.3
NORAD-57089,-7.4108,51.9760,490.3
NORAD-57090,38.8579,119.6459,484.8
NORAD-57091,20.8380,84.0031,487.2
NORAD-57092,32.9181,103.8474,485.5
NORAD-57093,-21.2560,35.3757,492.0
NORAD-57094,-33.1530,15.5950,492.7
NORAD-57100,-0.9011,-84.5864,37339.9
NORAD-57101,-7.3766,-122.3691,490.5
NORAD-57102,-33.1163,-158.6985,491.6
NORAD-57104,-21.1953,-138.9221,491.4
NORAD-57105,-39.0005,-174.5808,492.2
NORAD-57106,-2.5436,-117.1344,490.0
NORAD-57107,31.0730,24.9879,486.0
NORAD-57108,11.8187,-101.4847,488.2
NORAD-57109,-9.2906,76.0836,490.7
NORAD-57110,25.1881,-84.1997,486.4
NORAD-57111,38.8828,-54.6705,484.8
NORAD-57112,-16.7779,-133.2293,491.3
NORAD-57113,39.9812,1.1956,484.7
NORAD-57114,42.9596,-26.9283,484.2
NORAD-57115,-2.9887,62.4632,509.3
NORAD-57116,18.6614,43.9767,487.3
NORAD-57117,23.0572,38.0606,487.0
NORAD-57119,-41.0545,176.6160,492.4
NORAD-57120,32.9049,-70.5815,485.6
NORAD-57121,14.1682,49.4858,488.4
NORAD-57122,-37.4795,121.2100,492.4
NORAD-57123,7.0559,-106.8166,489.1
NORAD-57124,20.9567,-90.2318,487.2
NORAD-57125,41.4023,-23.8928,484.5
NORAD-57126,-13.9729,81.4311,491.1
NORAD-57127,42.7513,-17.3373,484.4
NORAD-57128,27.1965,31.7811,486.5
NORAD-57129,-19.4723,70.1130,491.5
NORAD-57130,37.5822,9.6205,484.5
NORAD-57131,8.3561,37.9931,489.2
NORAD-57132,40.9790,-45.8504,484.4
NORAD-57133,42.5628,-52.5310,484.1
NORAD-57134,-6.1324,53.6319,490.7
NORAD-57135,26.3354,15.0397,486.6
NORAD-57136,22.0731,21.3153,487.4
NORAD-57137,-10.8295,58.8400,491.3
NORAD-57138,33.8345,1.1670,485.8
NORAD-57139,-1.3244,48.4450,490.2
NORAD-57141,3.5046,43.2728,489.6
NORAD-57142,17.6497,27.1253,488.0
NORAD-57143,30.3229,8.2659,486.5
NORAD-57144,13.0698,32.6527,489.0
NORAD-57145,-6.2716,-139.3035,490.5
NORAD-57146,39.5074,-15.0448,484.8
NORAD-57147,-38.4502,169.1741,492.7
NORAD-57148,-42.9143,141.6964,492.4
NORAD-57149,-30.3404,71.6836,493.2
NORAD-57150,-12.1378,-139.0286,491.1
NORAD-57151,8.1162,-123.7795,488.0
NORAD-57152,42.9823,-42.9383,484.2
NORAD-57153,-28.6124,-179.5857,491.7
NORAD-57154,-20.2337,-155.7777,492.5
NORAD-57155,-31.7798,89.4291,492.9
NORAD-57156,3.2599,-129.9265,427.1
NORAD-57165,-61.8426,-162.4159,797.0
NORAD-57166,8.4079,-48.0479,818.4
NORAD-57168,75.4509,-11.0871,479.2
NORAD-57169,-25.3208,-46.0016,511.9
NORAD-57170,-24.4406,-45.7818,511.4
NORAD-57171,-26.5850,-46.1798,512.0
NORAD-57172,15.4083,-43.2739,511.6
NORAD-57173,66.6870,-22.8649,474.4
NORAD-57174,-14.4880,130.8352,539.2
NORAD-57175,42.2852,-33.7525,478.3
NORAD-57176,58.5400,127.6093,469.7
NORAD-57177,-63.0672,-60.1234,526.8
NORAD-57178,-53.6870,152.1281,486.5
NORAD-57179,-34.4427,137.0333,533.2
NORAD-57180,-16.7874,141.8459,490.4
NORAD-57181,13.9703,-48.3684,528.4
NORAD-57182,74.7803,-11.4689,475.7
NORAD-57183,-2.6968,-45.8165,523.3
NORAD-57184,-57.4155,146.0950,527.6
NORAD-57185,57.6694,135.0746,443.6
NORAD-57186,12.3403,-35.9265,494.0
NORAD-57187,-42.1310,146.7604,498.9
NORAD-57188,42.5592,132.7152,482.0
NORAD-57189,-1.4124,145.9881,462.7
NORAD-57191,14.9211,-44.2934,515.4
NORAD-57192,-20.7439,141.9525,498.0
NORAD-57193,63.9058,-22.6803,465.8
NORAD-57194,-54.8255,149.6894,505.8
NORAD-57195,54.5715,-33.7960,502.5
NORAD-57196,35.7440,137.7998,468.1
NORAD-57197,81.4591,84.5016,450.1
NORAD-57199,-57.9245,159.0668,462.7
NORAD-57200,51.0081,141.5215,426.9
NORAD-57201,51.3431,-23.8737,452.9
NORAD-57202,12.7607,-43.5587,518.4
NORAD-57203,-72.9534,-62.0349,487.4
NORAD-57204,-15.9557,-35.0474,465.2
NORAD-57206,-73.6793,-176.4309,383.4
NORAD-57208,34.1662,-27.4937,454.9
NORAD-57213,0.0247,0.7048,35788.8
NORAD-57214,0.0447,-6.4645,35793.5
NORAD-57215,-3.0174,94.7070,16809.2
NORAD-57216,-2.2227,111.8080,20646.6
NORAD-57217,-78.1755,179.6762,494.7
NORAD-57218,1.8954,172.5593,489.7
NORAD-57219,14.2899,162.1827,488.2
NORAD-57220,34.7215,130.0879,485.5
NORAD-57221,-17.0553,175.0069,180.1
NORAD-57222,-41.1850,-115.7190,493.1
NORAD-57223,-27.3449,-148.3984,492.2
NORAD-57224,-33.3603,-140.6038,492.6
NORAD-57225,-27.2939,-38.5142,492.1
NORAD-57226,23.3915,22.5793,487.2
NORAD-57227,-14.2403,-166.2635,491.5
NORAD-57228,-30.7021,-45.3141,492.3
NORAD-57229,9.7441,5.5957,488.9
NORAD-57230,0.1401,-4.8425,489.9
NORAD-57231,34.8026,43.0980,485.4
NORAD-57232,42.7829,78.0225,484.4
NORAD-57233,35.9345,123.6677,485.3
NORAD-57234,-42.4731,-106.4059,493.0
NORAD-57235,24.9212,144.7691,486.9
NORAD-57236,-42.3556,-118.0206,492.5
NORAD-57237,-7.7349,-177.0705,490.7
NORAD-57238,-2.3533,166.6543,490.1
NORAD-57239,-36.5186,-132.9617,492.5
NORAD-57240,42.3075,85.8721,484.0
NORAD-57241,-36.1495,-144.3878,492.5
NORAD-57242,-16.5005,-177.3889,491.5
NORAD-57243,-29.2927,-158.9574,492.2
NORAD-57244,29.0028,126.8850,486.2
NORAD-57245,11.9892,150.9974,488.2
NORAD-57246,35.9899,112.2188,485.1
NORAD-57247,41.8311,57.3490,484.3
NORAD-57248,34.7615,31.7003,485.3
NORAD-57249,23.3705,11.1881,486.7
NORAD-57250,-27.2958,-49.8133,492.4
NORAD-57251,9.6211,-5.8497,489.2
NORAD-57252,42.7878,66.8498,484.0
NORAD-57253,-14.1840,-31.9800,491.5
NORAD-57254,27.4823,17.5324,486.1
NORAD-57255,37.7377,39.6931,484.8
NORAD-57256,-41.7525,-89.3990,492.6
NORAD-57257,-37.5947,-71.8397,492.4
NORAD-57258,0.0981,-16.1924,489.7
NORAD-57260,-9.4838,-26.5938,491.3
NORAD-57261,11.4697,162.0644,488.7
NORAD-57262,14.3801,-0.3833,488.6
NORAD-57263,-2.9162,177.7056,490.3
NORAD-57264,-23.1440,-43.5179,492.0
NORAD-57288,60.3485,65.7865,1099.5
NORAD-57289,19.7135,70.7063,1105.8
NORAD-57290,42.3087,-66.1520,489.4
NORAD-57291,-32.5193,50.2540,492.5
NORAD-57294,-11.5687,19.8551,490.9
NORAD-57300,3.0276,3.9544,489.7
NORAD-57301,36.6386,-45.6023,484.4
NORAD-57302,17.1285,-12.0654,487.8
NORAD-57310,-27.2346,124.9323,491.9
NORAD-57328,-38.3932,157.8376,492.0
NORAD-57329,18.0387,15.9606,487.8
NORAD-57330,-31.7508,77.8394,492.4
NORAD-57331,-19.6452,58.8009,491.8
NORAD-57332,-10.4596,47.7369,491.1
NORAD-57333,3.9043,32.1638,489.7
NORAD-57334,30.5681,-2.8680,486.3
NORAD-57335,19.8348,-123.9279,487.5
NORAD-57336,38.2962,-88.9021,485.3
NORAD-57337,42.9835,-54.5446,485.3
NORAD-57338,41.2082,-73.4344,484.6
NORAD-57339,39.6486,-26.2623,484.8
NORAD-57340,-6.7061,-150.4572,490.0
NORAD-57341,-2.7171,42.6662,490.2
NORAD-57342,35.3604,-16.5110,485.4
NORAD-57343,21.5438,-118.2418,487.2
NORAD-57344,-42.9028,130.4164,492.5
NORAD-57345,-12.2409,53.1730,490.9
NORAD-57346,15.3048,-129.6142,488.4
NORAD-57347,11.6399,27.0278,488.7
NORAD-57348,42.8855,-61.6018,484.5
NORAD-57349,-22.3597,59.0465,492.1
NORAD-57350,-9.7986,36.5205,492.0
NORAD-57351,-36.7069,159.5154,492.6
NORAD-57352,-31.4471,66.7674,492.4
NORAD-57353,0.9853,31.8805,489.9
NORAD-57354,-37.8188,82.1089,492.2
NORAD-57355,37.5163,-29.4477,485.2
NORAD-57356,9.3073,15.7769,489.2
NORAD-57357,-20.6339,-178.3112,491.7
NORAD-57358,42.4837,-75.4294,484.3
NORAD-57359,-23.5001,53.5980,492.3
NORAD-57360,25.7686,-123.4474,486.6
NORAD-57361,34.5121,-21.5382,485.7
NORAD-57362,12.4263,-140.9289,488.2
NORAD-57363,36.5704,-101.9503,485.1
NORAD-57364,-1.9952,-156.6975,490.0
NORAD-57365,-41.8675,99.7471,492.8
NORAD-57366,-42.2676,128.3979,492.9
NORAD-57367,42.4812,-72.2095,484.3
NORAD-57368,-34.8773,74.1346,492.4
NORAD-57369,40.2723,-89.3488,478.7
NORAD-57370,-14.5730,42.0096,491.4
NORAD-57371,-35.9709,154.4371,492.5
NORAD-57372,27.1381,-7.4103,486.8
NORAD-57373,4.5162,21.0142,489.7
NORAD-57374,-1.3871,9.2349,490.2
NORAD-57375,-0.3026,26.1864,490.0
NORAD-57376,-33.9120,156.0018,491.6
NORAD-57377,21.3328,4.5965,487.5
NORAD-57378,-1.3575,-2.0953,490.3
NORAD-57379,-22.3236,175.9686,491.9
NORAD-57380,12.9833,-17.8357,488.6
NORAD-57381,-15.6358,25.1598,491.5
NORAD-57386,-21.1165,101.0280,558.4
NORAD-57387,-22.8474,101.3862,559.4
NORAD-57388,-22.2125,101.8757,559.9
NORAD-57389,60.0849,83.6005,525.3
NORAD-57391,80.3798,18.3763,444.8
NORAD-57392,-69.9091,-7.2683,1018.8
NORAD-57393,-58.3363,160.6359,559.6
NORAD-57397,-80.2439,78.7530,744.8
NORAD-57399,-82.4701,-128.2962,493.3
NORAD-57400,82.4994,21.5209,471.8
NORAD-57401,-5.1224,-55.1556,486.8
NORAD-57402,1.3513,126.3923,485.5
NORAD-57404,-42.5058,133.0464,492.3
NORAD-57406,-21.0789,62.2843,423.9
NORAD-57407,-35.9373,69.1129,492.2
NORAD-57408,15.1329,16.0140,488.1
NORAD-57409,-21.6956,-172.7941,491.6
NORAD-57410,-3.6544,-150.6756,490.3
NORAD-57411,-12.5479,-161.3696,490.8
NORAD-57412,-39.0676,151.9799,492.7
NORAD-57413,-18.1608,-8.7554,491.7
NORAD-57414,-12.8229,42.5524,436.1
NORAD-57415,-29.9355,174.3455,492.2
NORAD-57416,-42.9807,123.4792,493.2
NORAD-57417,-42.6550,113.9512,492.7
NORAD-57418,42.2979,-37.6350,484.4
NORAD-57422,-33.1519,-64.2645,263.4
NORAD-57424,17.6312,141.7182,464.2
NORAD-57426,5.7242,138.8802,481.8
NORAD-57429,-45.7817,-37.2938,421.1
NORAD-57432,-20.8957,70.9231,455.7
NORAD-57433,32.7173,131.2490,485.9
NORAD-57434,-17.2792,-155.6042,491.6
NORAD-57438,-25.9910,-167.6146,492.1
NORAD-57441,5.3316,-123.6259,489.2
NORAD-57442,-36.6847,170.9111,492.3
NORAD-57443,32.5018,-93.1677,485.4
NORAD-57444,17.6275,-112.8961,487.8
NORAD-57445,-41.5217,115.8739,492.3
NORAD-57446,1.4055,-145.7060,489.6
NORAD-57447,-42.5130,144.4055,492.4
NORAD-57448,39.5708,-70.4656,484.9
NORAD-57449,30.2292,-94.1840,486.1
NORAD-57450,-8.1826,-156.0091,490.8
NORAD-57451,0.3121,43.0784,489.9
NORAD-57452,-15.8429,57.6578,503.3
NORAD-57454,13.1309,-102.7823,532.2
NORAD-57456,22.9766,-85.1221,518.3
NORAD-57457,41.3920,49.2568,485.3
NORAD-57458,-33.6613,168.9952,492.4
NORAD-57460,-14.9648,-76.9305,490.8
NORAD-57461,-36.2485,-104.3908,492.4
NORAD-57462,41.3672,11.2468,484.7
NORAD-57465,30.1491,81.6696,486.2
NORAD-57467,39.4501,58.2721,485.8
NORAD-57468,42.9827,30.0533,484.2
NORAD-57469,-21.8224,148.8842,491.9
NORAD-57470,30.9509,85.2393,431.8
NORAD-57472,-6.2542,126.8337,490.7
NORAD-57475,-19.6718,-82.8102,491.5
NORAD-57476,-31.8739,-102.0473,492.3
NORAD-57477,-40.3929,-126.0655,492.0
NORAD-57479,-0.0131,-95.2296,35793.1
NORAD-57480,-5.0835,-169.2516,35259.2
NORAD-57490,-38.1079,-41.1560,839.8
NORAD-57491,-57.1999,-130.6946,730.6
NORAD-57492,0.7279,56.2754,808.8
NORAD-57493,-0.0111,-127.0216,35797.8
NORAD-57495,-5.8791,166.2205,490.6
NORAD-57496,40.6046,93.1580,487.2
NORAD-57497,42.9814,69.4629,484.2
NORAD-57498,-24.1262,-171.4528,492.2
NORAD-57499,10.5684,-22.5784,488.8
NORAD-57500,37.0873,105.8270,484.2
NORAD-57501,-1.7278,-21.5225,489.6
NORAD-57503,30.2916,121.1803,486.2
NORAD-57504,-28.7977,-55.7185,492.4
NORAD-57505,-39.4623,-146.9148,489.4
NORAD-57506,-38.6426,-78.6034,493.3
NORAD-57507,-14.8582,-37.8803,480.5
NORAD-57508,33.5089,25.4769,485.5
NORAD-57509,8.5901,150.6127,488.8
NORAD-57510,-42.8751,-115.2460,492.6
NORAD-57511,-19.8037,-177.4311,491.9
NORAD-57512,15.7014,116.7036,488.5
NORAD-57513,-32.0285,-158.0751,492.4
NORAD-57514,22.3261,133.8395,488.4
NORAD-57515,-40.4712,-133.9781,492.5
NORAD-57516,3.7110,155.9329,489.5
NORAD-57517,-10.2804,149.3870,19145.5
NORAD-57518,-33.6120,162.0733,19014.1
NORAD-57519,77.4818,-63.3037,498.8
NORAD-57521,-26.3531,-66.4786,492.2
NORAD-57522,-13.0146,160.2670,491.2
NORAD-57523,-36.8883,-160.5586,492.5
NORAD-57524,-13.0854,-48.8481,491.8
NORAD-57525,-42.5883,-114.7212,492.0
NORAD-57526,-37.0233,-88.3152,493.0
NORAD-57527,-41.3862,-143.2063,493.2
NORAD-57528,15.8491,128.3019,487.9
NORAD-57529,35.5430,15.4444,485.4
NORAD-57530,42.0050,70.2115,484.4
NORAD-57531,1.3552,144.5159,488.7
NORAD-57532,42.1263,41.4187,484.5
NORAD-57533,-39.6584,4.3610,493.3
NORAD-57534,5.0501,-12.5577,488.6
NORAD-57537,27.8313,-24.6188,817.5
NORAD-57538,19.9237,-24.7119,800.2
NORAD-57539,-61.2277,148.7208,841.3
NORAD-57541,50.9917,-31.2359,812.4
NORAD-57542,-41.3031,154.9988,830.7
NORAD-57543,53.6604,-29.5662,825.9
NORAD-57545,-75.7124,123.8295,822.7
NORAD-57547,64.5622,-154.5977,1476.9
NORAD-57549,41.3079,-16.0611,1221.2
NORAD-57550,65.8830,142.6201,1287.4
NORAD-57552,-53.4753,-30.1027,1435.2
NORAD-57553,-15.6666,-146.8772,1473.3
NORAD-57556,-4.4334,-136.4200,1499.1
NORAD-57557,2.5900,49.8175,1403.2
NORAD-57559,-57.3620,38.1836,1501.8
NORAD-57560,79.0564,173.8419,1426.0
NORAD-57561,7.5183,1.9435,1419.3
NORAD-57563,80.3985,71.4562,1396.3
NORAD-57567,35.5951,30.3475,1431.6
NORAD-57568,-49.6746,-170.7938,1436.9
NORAD-57569,-14.8722,28.3935,1454.1
NORAD-57570,-62.8582,17.6365,1462.1
NORAD-57575,-13.8822,-99.8387,815.5
NORAD-57576,-38.3396,90.6846,828.9
NORAD-57578,-59.3463,143.7622,766.1
NORAD-57579,-50.1135,103.5898,807.4
NORAD-57582,1.0273,-22.6315,447.4
NORAD-57585,-3.8317,-18.1018,435.6
NORAD-57589,-12.2766,166.0157,15201.2
NORAD-57591,-12.6770,-137.8359,10048.0
NORAD-57595,5.6426,117.9673,16640.2
NORAD-57598,10.7698,53.0627,34038.5
NORAD-57602,-39.0591,-74.0853,492.6
NORAD-57603,41.9338,138.2334,529.1
NORAD-57604,32.8766,-178.2556,486.2
NORAD-57605,40.9327,157.1833,484.6
NORAD-57606,-25.5770,-103.6679,492.2
NORAD-57607,7.9268,39.2218,489.0
NORAD-57608,-9.6815,35.4251,490.9
NORAD-57609,-41.6554,-27.3880,492.8
NORAD-57610,-27.0547,11.9534,492.3
NORAD-57611,-42.4241,-55.9596,492.7
NORAD-57612,-30.8920,5.2592,492.7
NORAD-57613,-41.1018,-65.2550,492.8
NORAD-57614,-21.3179,-109.8055,491.8
NORAD-57615,-7.4895,-126.4172,490.8
NORAD-57616,-22.9160,18.1981,491.7
NORAD-57617,-39.8595,-18.3675,492.6
NORAD-57618,-42.9677,-46.3966,493.1
NORAD-57620,-16.7925,-115.6422,491.8
NORAD-57621,-29.5094,-97.1873,492.6
NORAD-57622,6.9360,-141.9812,489.2
NORAD-57623,20.8270,-158.4957,487.3
NORAD-57624,0.8892,89.3795,35789.4
NORAD-57626,-40.7614,69.1966,698.7
NORAD-57627,-44.9538,34.4621,696.8
NORAD-57628,-2.5738,-61.1954,697.3
NORAD-57629,43.5209,-176.6910,685.3
NORAD-57630,-2.3408,102.0344,682.8
NORAD-57632,38.8105,176.9885,485.5
NORAD-57633,42.9414,149.6806,483.7
NORAD-57634,-33.2175,-90.0183,492.7
NORAD-57635,34.8134,105.0475,485.1
NORAD-57636,23.4022,84.5077,486.7
NORAD-57637,-26.7992,23.3519,492.0
NORAD-57638,-42.6967,-36.7554,492.8
NORAD-57639,1.8760,-125.5233,489.7
NORAD-57640,41.8365,130.6106,484.3
NORAD-57641,-4.2234,51.5367,490.2
NORAD-57642,-37.3233,1.3242,492.7
NORAD-57643,-41.1806,-53.8596,491.9
NORAD-57644,-42.6694,-25.2503,492.5
NORAD-57645,-4.0459,98.7409,490.5
NORAD-57646,-18.1880,35.4926,491.2
NORAD-57647,-33.3709,-78.6626,492.6
NORAD-57648,29.0111,-159.9243,486.1
NORAD-57650,-21.5364,-98.5318,491.9
NORAD-57651,-34.4233,-2.1540,491.8
NORAD-57652,16.0990,-141.4964,488.1
NORAD-57653,4.7731,50.9750,489.3
NORAD-57654,-5.5296,173.0259,641.9
NORAD-57655,8.9623,66.3911,417.7
NORAD-57663,48.6690,-15.3876,475.0
NORAD-57665,-51.3985,-144.1660,475.3
NORAD-57666,-52.6275,-92.5051,477.4
NORAD-57667,10.9753,97.4051,468.9
NORAD-57668,20.8531,-57.3383,467.1
NORAD-57669,-52.2345,-149.9581,483.4
NORAD-57670,36.3302,72.3826,462.0
NORAD-57671,29.1446,81.2357,465.7
NORAD-57672,-47.1158,-128.0698,475.0
NORAD-57673,-47.7141,161.2715,475.2
NORAD-57676,42.6572,62.4050,475.9
NORAD-57677,0.4193,-74.0958,483.2
NORAD-57678,42.0419,49.3652,463.6
NORAD-57679,-42.4599,-117.6065,487.7
NORAD-57680,53.0569,11.5707,474.5
NORAD-57681,-49.9652,168.6722,483.4
NORAD-57682,50.7004,39.7873,474.8
NORAD-57683,1.4617,104.8053,470.4
NORAD-57693,-47.7400,-45.2216,629.2
NORAD-57694,38.4154,142.9032,612.9
NORAD-57696,82.1655,64.3929,540.3
NORAD-57698,-27.4951,-63.7834,491.7
NORAD-57699,42.9706,158.7976,484.6
NORAD-57700,42.8773,174.5354,484.5
NORAD-57701,36.4034,134.1086,484.9
NORAD-57702,9.0075,-108.2409,488.9
NORAD-57703,16.8968,100.9155,487.8
NORAD-57704,34.2538,-145.2935,485.5
NORAD-57707,23.7810,-164.9702,428.6
NORAD-57708,29.6034,119.4040,486.1
NORAD-57709,41.6033,-170.6363,484.3
NORAD-57710,42.4305,160.5226,484.3
NORAD-57711,22.7159,-125.1028,488.0
NORAD-57712,-11.6142,69.2449,490.9
NORAD-57713,-36.0571,30.7120,492.5
NORAD-57714,34.5282,132.7904,485.3
NORAD-57715,2.6905,84.8272,489.5
NORAD-57716,-37.6999,-41.7495,492.4
NORAD-57717,-25.0725,51.9018,491.9
NORAD-57718,-42.7855,-14.5904,492.3
NORAD-57719,-40.8938,13.8053,492.5
NORAD-57720,62.5905,-117.3730,1498.1
NORAD-57721,-46.8844,-37.4836,1393.9
NORAD-57722,42.9555,-3.9004,1398.0
NORAD-57723,-63.8422,-166.2929,1440.9
NORAD-57724,37.2427,172.9482,1378.1
NORAD-57725,36.1582,-140.8220,1354.7
NORAD-57726,-17.8817,-14.7506,819.6
NORAD-57727,-24.1439,144.6455,503.7
NORAD-57728,-32.9162,-118.5373,522.8
NORAD-57731,-26.0299,-95.1833,530.1
NORAD-57732,-25.3051,91.1079,491.8
NORAD-57733,-19.1118,-14.1739,491.7
NORAD-57734,36.5640,-96.2113,486.1
NORAD-57735,-34.7834,12.1174,492.2
NORAD-57736,-31.3960,4.8600,492.8
NORAD-57737,4.6654,-28.1523,553.6
NORAD-57738,-40.8281,24.2347,492.6
NORAD-57739,9.5235,118.0100,487.3
NORAD-57740,42.5177,163.6890,484.5
NORAD-57741,-42.9332,42.9277,493.2
NORAD-57742,17.0558,-62.7533,487.6
NORAD-57743,-32.6304,-0.3244,492.4
NORAD-57744,0.1133,-58.1898,489.9
NORAD-57745,-5.5800,130.8255,490.2
NORAD-57746,18.6851,-68.2231,488.4
NORAD-57747,42.9795,-132.3341,485.1
NORAD-57748,-34.8979,87.6500,492.5
NORAD-57749,7.4533,148.2984,493.4
NORAD-57750,-42.7922,47.2656,492.8
NORAD-57751,41.3463,-131.2395,469.3
NORAD-57752,34.1329,-176.6647,485.4
NORAD-57753,-40.8505,75.7031,492.7
NORAD-57755,1.6469,-135.7853,5256.2
NORAD-57756,31.2076,-110.5776,944.9
NORAD-57757,-43.2362,64.8327,747.9
NORAD-57758,-61.5655,80.7406,954.4
NORAD-57759,66.7829,97.4745,1311.3
NORAD-57760,80.7216,-58.1866,736.7
NORAD-57761,-37.1872,-121.1894,956.2
NORAD-57762,68.2603,-91.4116,945.3
NORAD-57763,26.0424,60.4483,954.9
NORAD-57764,9.9097,63.1480,956.2
NORAD-57765,20.1177,-110.9417,948.8
NORAD-57766,75.0906,28.7295,947.0
NORAD-57767,66.3976,-93.5347,944.6
NORAD-57768,27.8186,59.9146,954.5
NORAD-57769,-35.4547,-120.8999,953.8
NORAD-57771,42.7166,-119.0922,484.3
NORAD-57772,-36.4669,109.1150,492.2
NORAD-57773,-29.6903,123.8376,492.1
NORAD-57774,-39.1445,100.7475,492.6
NORAD-57775,37.4242,-146.0565,484.8
NORAD-57776,34.4235,-153.9001,486.1
NORAD-57777,31.7345,-59.6031,486.2
NORAD-57778,-27.3571,113.2708,491.5
NORAD-57779,-36.0714,18.6297,492.6
NORAD-57780,-16.5431,-3.0165,491.3
NORAD-57781,-29.3379,15.4305,492.6
NORAD-57782,-41.7318,85.0578,492.9
NORAD-57783,-25.7435,130.3783,492.1
NORAD-57784,-42.3694,56.4547,492.8
NORAD-57785,11.9467,-34.7082,488.2
NORAD-57786,-34.5684,110.4897,492.4
NORAD-57787,41.0023,-90.2487,484.5
NORAD-57788,-37.6652,91.1617,492.4
NORAD-57789,-33.8215,-91.6755,495.3
NORAD-57791,-2.3823,-18.9814,490.4
NORAD-57792,39.2793,23.7174,818.8
NORAD-57793,21.9319,140.6922,827.9
NORAD-57794,-24.3221,-41.8059,815.5
NORAD-57795,-40.8511,-152.6296,823.7
NORAD-57797,27.1583,-175.6429,697.6
NORAD-57798,5.1822,-106.9504,541.9
NORAD-57800,30.3632,-104.5493,524.2
NORAD-57809,-9.8992,-172.8947,490.9
NORAD-57810,-42.9431,105.0290,492.4
NORAD-57811,-38.7040,77.4236,492.0
NORAD-57812,-29.0052,54.6881,492.2
NORAD-57813,-20.6464,42.0664,491.6
NORAD-57814,17.6877,-141.3360,488.4
NORAD-57815,21.6585,-6.8527,487.4
NORAD-57816,33.3012,-26.4059,485.4
NORAD-57817,41.1818,-51.3807,484.1
NORAD-57818,42.9765,-70.2372,483.9
NORAD-57819,39.6418,-98.7041,484.7
NORAD-57820,-34.9263,149.4565,492.4
NORAD-57821,3.9642,-157.0311,489.3
NORAD-57823,8.8544,-96.8530,489.0
NORAD-57824,-23.4900,170.1500,491.8
NORAD-57825,-19.1371,176.0694,491.7
NORAD-57826,-16.0541,36.2129,491.4
NORAD-57827,-42.2811,95.4350,492.4
NORAD-57828,-41.8781,123.8366,493.7
NORAD-57829,-31.4604,156.9457,492.0
NORAD-57830,-33.9907,142.8498,865.5
NORAD-57831,-5.1396,-45.5579,801.7
NORAD-57832,-34.7919,142.7450,865.6
NORAD-57833,-34.3778,142.0742,865.2
NORAD-57834,63.8672,-54.5475,798.4
NORAD-57835,82.3765,-85.6252,799.8
NORAD-57840,25.1143,162.0299,474.7
NORAD-57841,52.6529,103.2751,469.8
NORAD-57842,-5.3506,-1.2740,479.6
NORAD-57843,34.3879,33.4803,473.0
NORAD-57844,22.1781,20.6486,479.5
NORAD-57847,48.9804,62.2501,470.7
NORAD-57848,38.4852,39.8545,476.9
NORAD-57849,15.2101,14.6321,476.2
NORAD-57850,26.2637,25.0204,478.8
NORAD-57851,42.6202,138.9889,471.3
NORAD-57852,-0.7245,2.3620,483.4
NORAD-57853,17.7181,16.7181,480.2
NORAD-57854,-27.8957,-20.4079,486.6
NORAD-57855,-14.5813,-8.3057,485.2
NORAD-57856,-15.4817,-165.5006,480.5
NORAD-57857,-42.0083,-160.3505,482.9
NORAD-57858,-48.9418,-56.3522,487.8
NORAD-57859,-39.8355,-35.7071,487.4
NORAD-57860,5.0116,178.7900,478.0
NORAD-57864,-42.2087,145.7425,492.5
NORAD-57865,-35.7401,119.6370,492.6
NORAD-57866,-35.0793,-159.9523,492.4
NORAD-57867,-24.8234,98.9014,491.4
NORAD-57868,-11.2851,81.5155,490.9
NORAD-57869,-41.9420,174.3537,492.6
NORAD-57870,-1.6709,71.0208,490.1
NORAD-57871,25.9534,37.8461,486.7
NORAD-57872,28.7250,-88.9161,486.4
NORAD-57873,12.7173,55.2742,488.9
NORAD-57874,24.9020,-106.6783,486.7
NORAD-57875,42.5276,-10.3838,484.2
NORAD-57876,41.4880,-38.8969,484.5
NORAD-57877,-37.1906,87.0622,492.6
NORAD-57878,-10.1172,-122.1976,491.0
NORAD-57879,-23.7725,-139.3150,492.2
NORAD-57880,-40.2933,-176.4844,492.3
NORAD-57882,17.8365,-90.2083,487.4
NORAD-57883,-0.5826,-111.8162,489.9
NORAD-57884,-27.8881,-145.7010,492.3
NORAD-57885,-14.8080,-127.6196,490.9
NORAD-57886,-32.7989,-116.4109,506.7
NORAD-57889,-27.7847,-110.1244,518.2
NORAD-57890,-17.9174,-131.3234,515.7
NORAD-57891,-10.5163,109.5884,491.1
NORAD-57892,-42.8907,-167.4504,492.6
NORAD-57893,42.9804,7.5404,484.4
NORAD-57894,-5.7397,104.3030,490.5
NORAD-57895,-40.4685,164.2182,493.0
NORAD-57896,8.6303,88.7898,488.9
NORAD-57897,17.9614,77.8436,487.4
NORAD-57898,30.6473,58.7753,486.4
NORAD-57899,39.6792,35.4046,485.0
NORAD-57900,7.8267,-72.9947,489.1
NORAD-57901,-26.6258,127.1594,492.1
NORAD-57902,39.2570,-20.3262,484.6
NORAD-57903,-28.1890,133.1182,492.1
NORAD-57904,29.8614,-43.5239,486.3
NORAD-57906,21.5897,-56.3977,487.0
NORAD-57907,-20.5909,-105.1462,491.8
NORAD-57908,-9.5825,-88.4536,490.8
NORAD-57909,-40.7775,-149.0155,492.4
NORAD-57910,10.6959,-73.1902,488.7
NORAD-57911,-35.3055,147.4318,492.2
NORAD-57912,-37.1604,148.9850,492.1
NORAD-57913,-15.3657,-88.2294,491.4
NORAD-57914,-41.8627,37.7469,494.6
NORAD-57915,-38.2681,-128.8057,492.4
NORAD-57917,-42.0836,-146.6526,491.6
NORAD-57918,-2.3058,141.7351,490.2
NORAD-57919,-24.2412,138.0963,492.4
NORAD-57920,-10.6512,120.8980,490.9
NORAD-57921,13.2918,94.6519,488.4
NORAD-57923,33.5550,-25.0534,485.1
NORAD-57924,24.8585,82.9525,486.7
NORAD-57925,25.9958,-38.8392,487.0
NORAD-57926,-42.6663,-148.9783,492.6
NORAD-57928,-12.5079,126.4149,491.1
NORAD-57930,-35.9836,153.7327,325.7
NORAD-57931,1.8714,110.6844,489.9
NORAD-57932,-1.1379,-72.3603,489.9
NORAD-57933,13.2151,-56.5940,488.3
NORAD-57935,36.8631,136.0798,465.0
NORAD-57936,-39.6175,-38.0945,487.3
NORAD-57937,-32.9011,-48.7926,474.4
NORAD-57938,20.6664,-104.6439,467.2
NORAD-57939,-26.3794,-54.6024,484.5
NORAD-57940,-27.6703,-53.2736,486.5
NORAD-57941,35.0838,-118.6801,477.5
NORAD-57942,-0.5243,-76.0155,483.3
NORAD-57943,-48.8346,-17.3857,487.8
NORAD-57944,-47.7388,46.4937,475.3
NORAD-57945,-51.8215,29.6601,475.4
NORAD-57946,-44.0975,46.3296,475.2
NORAD-57947,49.4626,163.0486,462.5
NORAD-57949,-7.6853,96.1628,471.9
NORAD-57950,30.0028,-103.2841,465.6
NORAD-57951,28.7192,126.1162,466.2
NORAD-57952,-40.5326,-37.9229,474.6
NORAD-57953,-31.6257,-59.1781,486.9
NORAD-57954,29.1755,116.5470,465.8
NORAD-57955,29.6132,-112.9246,465.8
NORAD-57956,-68.9641,-102.5905,324.4
NORAD-57957,-78.2075,31.3251,833.5
NORAD-57958,31.4118,-149.7541,702.7
NORAD-57959,-50.3367,95.4566,509.5
NORAD-57964,22.1780,-33.7594,487.0
NORAD-57965,39.4817,2.3487,485.3
NORAD-57966,-40.6891,-172.9370,492.6
NORAD-57967,-32.3084,162.5516,492.4
NORAD-57968,17.4790,100.2666,487.9
NORAD-57970,42.6546,-106.8000,484.4
NORAD-57971,3.2964,116.4044,489.7
NORAD-57972,30.3605,-20.8058,486.0
NORAD-57973,-11.0715,132.0185,491.4
NORAD-57974,8.0953,111.1915,489.5
NORAD-57975,8.3374,-50.6436,488.9
NORAD-57976,-20.2921,143.1869,492.1
NORAD-57977,35.2963,4.0892,485.4
NORAD-57978,15.1277,-28.3966,488.3
NORAD-57979,0.8790,-44.2672,489.8
NORAD-57981,34.3319,90.7725,485.9
NORAD-57982,41.5839,65.6720,484.2
NORAD-57983,42.4687,37.1654,484.4
NORAD-57984,36.4182,10.3999,485.2
NORAD-57985,-18.1040,-65.6722,491.1
NORAD-57986,-34.7083,-13.2816,502.9
NORAD-57988,-32.7911,-19.7535,532.1
NORAD-57990,-34.9361,5.9320,513.5
NORAD-57991,-10.2430,-137.8567,491.0
NORAD-57992,-42.9164,-55.3266,492.4
NORAD-57993,4.1393,-153.4425,489.5
NORAD-57994,30.7409,171.4450,485.8
NORAD-57995,33.2442,75.9914,485.5
NORAD-57997,18.2464,-169.6580,487.6
NORAD-57998,-19.4521,-126.8040,491.6
NORAD-57999,-6.8598,24.0306,490.3
NORAD-58000,-20.3053,7.2493,492.1
NORAD-58001,-32.4717,-12.3734,491.9
NORAD-58002,-40.3184,-83.6075,492.6
NORAD-58004,-42.8418,-64.9251,492.5
NORAD-58005,-27.9211,-114.4607,492.1
NORAD-58006,21.3245,29.2195,479.0
NORAD-58007,-42.5483,82.3319,492.7
NORAD-58008,21.3364,56.1133,487.2
NORAD-58009,-38.0237,-92.1299,492.4
NORAD-58010,-5.4317,-143.1920,490.5
NORAD-58011,-38.4677,-27.7718,492.7
NORAD-58012,-31.7274,-107.5811,492.2
NORAD-58016,51.8392,136.5971,625.3
NORAD-58017,-72.3883,-48.4180,610.3
NORAD-58018,82.1177,59.2562,421.5
NORAD-58019,48.1920,-5.0279,422.2
NORAD-58020,81.9807,53.3316,470.2
NORAD-58021,0.0161,152.7109,513.4
NORAD-58022,-29.0580,-38.9679,542.0
NORAD-58023,-15.6385,-24.3887,506.6
NORAD-58024,-13.4823,-23.7519,517.3
NORAD-58025,27.1740,148.5909,521.6
NORAD-58028,-33.0809,6.5160,487.4
NORAD-58029,7.3036,-28.1216,482.3
NORAD-58030,20.1179,173.4301,479.9
NORAD-58031,53.0559,-99.7416,462.2
NORAD-58032,-7.4887,151.9047,484.2
NORAD-58033,23.9786,47.5304,479.5
NORAD-58034,-16.7719,144.5308,485.6
NORAD-58035,-49.6410,39.1234,487.6
NORAD-58036,-20.4027,-6.5022,486.1
NORAD-58037,-6.4075,71.0408,471.5
NORAD-58038,45.9290,-76.1069,475.5
NORAD-58040,20.0632,-98.2667,467.6
NORAD-58041,-52.8285,75.9790,488.0
NORAD-58042,-50.8379,87.8742,487.9
NORAD-58043,-21.3361,140.5699,485.4
NORAD-58044,-47.6801,-169.4370,475.2
NORAD-58045,52.7159,179.8050,462.0
NORAD-58046,44.0639,-67.7090,463.4
NORAD-58047,-21.0161,84.3312,486.6
NORAD-58048,51.8820,-39.9954,474.5
NORAD-58051,37.0986,117.1959,484.8
NORAD-58052,26.5669,138.9529,486.5
NORAD-58053,-28.3803,-44.4611,491.3
NORAD-58054,-1.2865,-10.5032,491.7
NORAD-58055,36.9762,44.6237,485.2
NORAD-58056,-10.7745,-20.8717,490.9
NORAD-58057,13.1265,5.3144,488.0
NORAD-58058,-24.3577,-38.1099,491.6
NORAD-58059,42.6155,71.4782,484.3
NORAD-58060,-1.0232,172.3800,490.5
NORAD-58061,28.1691,110.1660,486.7
NORAD-58062,-35.4660,-58.8500,492.7
NORAD-58063,-42.0458,-113.4926,492.2
NORAD-58064,26.3805,22.9237,486.7
NORAD-58065,-38.2974,-66.8994,492.1
NORAD-58066,-15.2865,-171.7071,491.2
NORAD-58067,13.4399,156.4686,488.7
NORAD-58068,-41.5880,-77.7907,492.9
NORAD-58069,-18.8667,-172.6904,491.8
NORAD-58070,-42.1035,-84.8018,492.6
NORAD-58072,-28.2720,-153.5729,492.0
NORAD-58073,16.7820,98.8725,790.5
NORAD-58074,2.7197,-91.2619,775.7
NORAD-58075,-19.7360,-115.6423,491.8
NORAD-58076,26.5366,-170.5262,486.5
NORAD-58077,3.8919,-142.3856,489.7
NORAD-58078,-40.4849,-72.0541,492.6
NORAD-58079,17.9245,-158.4585,487.8
NORAD-58080,30.4924,-177.2827,486.5
NORAD-58081,-35.1975,-85.7345,497.4
NORAD-58082,-6.5612,35.1384,490.6
NORAD-58083,16.1293,-152.8371,488.0
NORAD-58084,28.9754,-171.1595,486.6
NORAD-58085,38.8048,165.7208,485.8
NORAD-58086,42.9439,138.4246,484.4
NORAD-58087,40.1264,110.1830,484.7
NORAD-58088,-42.8737,-53.3858,492.8
NORAD-58089,-5.8529,-131.9274,490.6
NORAD-58090,27.5295,79.4967,486.4
NORAD-58091,41.5121,150.1944,483.8
NORAD-58092,-40.7521,-25.2532,492.6
NORAD-58093,-10.6444,-126.6326,491.1
NORAD-58094,-24.2068,-109.4743,491.7
NORAD-58095,13.2947,-152.8622,488.7
NORAD-58096,42.6254,140.9477,483.5
NORAD-58097,-53.0775,157.9716,475.4
NORAD-58098,-17.8742,78.1639,472.9
NORAD-58099,-17.6267,-139.1635,485.6
NORAD-58100,45.7239,-66.0161,462.8
NORAD-58101,36.0252,31.2732,464.8
NORAD-58102,31.0884,-89.3419,465.6
NORAD-58103,3.4351,62.1577,482.7
NORAD-58104,52.9932,-31.7513,462.2
NORAD-58105,-33.6800,-159.6860,471.6
NORAD-58106,51.6231,-21.1831,462.1
NORAD-58107,-20.7608,66.2905,473.5
NORAD-58108,41.0945,9.0835,463.9
NORAD-58109,22.4166,-98.1830,467.2
NORAD-58110,53.1244,-27.6530,474.5
NORAD-58111,-49.1989,125.0621,488.0
NORAD-58112,-53.1144,152.2602,487.8
NORAD-58113,-28.2186,88.5743,486.5
NORAD-58114,-50.3016,-179.8493,487.8
NORAD-58115,0.4393,63.8682,470.1
NORAD-58116,-40.1750,104.0862,487.6
NORAD-58117,-14.9855,76.4619,485.0
NORAD-58118,-4.6482,91.0861,490.5
NORAD-58119,-41.0068,-14.7751,492.6
NORAD-58120,-14.1178,80.4672,491.1
NORAD-58121,-32.9882,-39.4954,491.2
NORAD-58122,-42.3634,-5.5475,492.5
NORAD-58123,-36.2268,-31.8156,492.6
NORAD-58124,-21.0706,-59.1755,492.1
NORAD-58125,42.9719,-178.3720,484.8
NORAD-58126,41.6470,-159.3070,485.1
NORAD-58127,37.9409,158.7349,494.0
NORAD-58128,42.7062,-168.7569,484.3
NORAD-58129,-7.1455,-75.8164,491.1
NORAD-58130,30.8416,-126.6418,486.1
NORAD-58131,18.3521,-107.7006,487.9
NORAD-58132,16.6055,-102.1335,488.0
NORAD-58133,34.3455,-133.9403,485.1
NORAD-58134,29.3811,-120.5843,486.2
NORAD-58135,-25.3470,-53.0574,492.0
NORAD-58136,37.9356,145.6976,425.9
NORAD-58137,36.2637,-135.2976,485.2
NORAD-58138,-31.1243,55.7881,492.1
NORAD-58139,-18.6783,74.8588,491.3
NORAD-58140,-42.7423,13.6465,492.6
NORAD-58141,30.6270,-161.4083,498.3
NORAD-58143,-0.3281,165.1959,516.3
NORAD-58145,12.3908,-176.2417,520.7
NORAD-58148,33.0192,160.5573,912.3
NORAD-58150,52.3938,15.0143,469.9
NORAD-58151,41.0919,-20.2991,476.1
NORAD-58152,-35.8872,-94.2813,482.9
NORAD-58153,3.7005,-58.7405,478.1
NORAD-58154,29.1714,-36.3673,478.3
NORAD-58155,41.6408,-19.8244,471.7
NORAD-58156,49.7420,1.3340,474.9
NORAD-58157,-24.1811,137.7263,481.7
NORAD-58158,23.8350,-42.2341,474.9
NORAD-58159,49.6518,56.3223,470.3
NORAD-58160,35.5375,85.8499,472.9
NORAD-58161,-49.8171,-178.7359,487.8
NORAD-58162,-53.1414,-150.9748,488.0
NORAD-58163,-39.3942,144.1499,487.3
NORAD-58164,-4.0395,121.1645,479.6
NORAD-58165,16.3957,-48.8088,480.6
NORAD-58166,-41.2131,159.7761,487.5
NORAD-58167,-16.4167,-74.9371,480.5
NORAD-58168,2.6058,-59.5635,482.9
NORAD-58169,-49.6695,-123.3866,487.8
NORAD-58170,-40.8873,-101.8780,487.5
NORAD-58171,-29.1207,-86.1354,486.7
NORAD-58172,-41.1725,-15.8040,913.3
NORAD-58175,40.0786,172.0548,483.3
NORAD-58176,31.2613,148.2004,485.6
NORAD-58177,-21.4225,-47.9589,490.8
NORAD-58178,-41.6204,34.5801,492.0
NORAD-58179,40.8725,-140.8249,484.5
NORAD-58180,-24.8823,-44.7484,475.9
NORAD-58181,6.8093,-80.1048,489.7
NORAD-58182,16.2501,-90.9445,488.3
NORAD-58183,-23.2317,80.3131,491.9
NORAD-58184,-34.8475,59.4466,492.9
NORAD-58185,38.7529,-132.0905,484.9
NORAD-58186,-25.6830,-41.7966,492.1
NORAD-58187,42.9452,-159.7192,484.2
NORAD-58188,36.0322,-123.9503,485.2
NORAD-58189,-36.4433,-20.5061,492.9
NORAD-58190,-42.4440,5.9672,493.1
NORAD-58191,34.7146,155.5430,485.0
NORAD-58192,42.2570,-149.7529,484.8
NORAD-58193,-0.0181,107.6335,489.8
NORAD-58194,-41.1576,-3.2915,491.2
NORAD-58195,-42.6908,25.1826,492.9
NORAD-58196,23.2569,135.0344,486.9
NORAD-58197,-14.2714,91.8605,491.2
NORAD-58199,-29.5042,-101.3004,619.2
NORAD-58200,14.5544,-63.6389,552.9
NORAD-58201,-29.5089,-101.2967,619.3
NORAD-58202,11.5826,109.6654,466.0
NORAD-58204,2.2480,92.4733,35776.7
NORAD-58206,38.9729,-81.6446,485.1
NORAD-58207,-2.4406,179.2279,549.7
NORAD-58208,7.2244,-29.3717,488.9
NORAD-58209,27.5062,-168.1287,486.6
NORAD-58210,39.9132,-137.4336,484.1
NORAD-58211,-9.4370,147.7638,490.8
NORAD-58212,42.9667,-109.4771,484.3
NORAD-58213,-23.0964,130.8547,491.7
NORAD-58214,19.0124,179.6435,487.4
NORAD-58215,4.9197,163.2788,489.2
NORAD-58217,-18.7068,136.7614,491.7
NORAD-58218,14.4369,173.9796,488.2
NORAD-58219,-42.9589,65.9568,492.4
NORAD-58220,-41.7715,73.8051,549.4
NORAD-58221,-32.9845,22.4428,492.7
NORAD-58222,21.1214,-46.0006,487.5
NORAD-58223,32.9985,-65.6348,485.5
NORAD-58224,-4.6392,153.0059,490.4
NORAD-58225,-30.2153,-125.0291,491.8
NORAD-58226,-14.3219,131.1023,491.1
NORAD-58227,-21.0362,2.7124,491.8
NORAD-58228,-7.2049,-13.8185,490.4
NORAD-58230,-1.5985,-112.3306,475.6
NORAD-58231,-28.8540,105.1520,492.1
NORAD-58232,-38.5302,127.5593,492.8
NORAD-58233,-31.9435,-152.4268,492.3
NORAD-58234,-42.9317,155.2401,492.5
NORAD-58236,-19.4293,-132.7256,491.3
NORAD-58237,33.4443,24.0067,485.6
NORAD-58238,-5.7661,-116.7624,490.0
NORAD-58239,8.5505,-101.3056,488.8
NORAD-58240,36.5545,16.4318,483.9
NORAD-58241,22.3958,-84.4099,487.1
NORAD-58242,21.6725,43.8404,487.4
NORAD-58243,39.6739,-47.8559,484.5
NORAD-58244,30.4146,-71.6276,486.2
NORAD-58245,42.9769,-19.7448,484.9
NORAD-58246,29.8295,31.1529,486.0
NORAD-58247,39.2265,8.0123,484.6
NORAD-58248,42.6256,-29.8382,484.4
NORAD-58249,41.2208,-0.8807,484.5
NORAD-58250,34.4469,21.7248,479.9
NORAD-58251,37.1881,-56.2966,484.9
NORAD-58252,7.8647,60.5100,489.3
NORAD-58253,-0.0109,115.5537,35799.3
NORAD-58258,72.3106,138.4129,414.7
NORAD-58259,41.4097,154.3677,437.8
NORAD-58262,-48.6317,-176.7536,390.6
NORAD-58264,42.7951,145.8072,488.8
NORAD-58271,-78.4835,-55.0555,435.5
NORAD-58273,29.9389,160.8098,420.5
NORAD-58274,-54.4580,179.4796,403.4
NORAD-58275,79.3327,127.0353,323.1
NORAD-58276,68.5663,134.5699,458.5
NORAD-58280,-8.9938,-13.4624,410.1
NORAD-58281,-78.6536,-48.5777,298.7
NORAD-58282,10.4803,-11.4952,406.4
NORAD-58284,-17.7160,-13.3041,397.6
NORAD-58285,20.9665,165.9215,392.3
NORAD-58286,-61.1554,-24.5840,393.1
NORAD-58287,12.7378,172.3740,317.7
NORAD-58288,-35.8112,157.1102,475.1
NORAD-58291,19.5082,-25.4686,484.1
NORAD-58294,63.6280,152.7970,366.2
NORAD-58295,-16.7728,-8.5823,409.1
NORAD-58296,3.8501,176.8123,363.6
NORAD-58297,4.6413,-48.2088,549.0
NORAD-58298,-40.6661,-34.0271,496.6
NORAD-58299,-12.4150,160.9353,475.2
NORAD-58300,-7.8027,131.9327,622.3
NORAD-58301,15.7623,-16.0613,471.5
NORAD-58302,49.1497,152.3939,408.7
NORAD-58304,53.0413,158.3778,390.9
NORAD-58306,-68.7755,-171.5513,391.2
NORAD-58307,-8.6419,173.2852,325.9
NORAD-58308,44.0539,161.4465,387.2
NORAD-58309,56.0414,157.5629,388.9
NORAD-58316,65.0464,155.4384,305.4
NORAD-58318,50.9872,158.8034,396.9
NORAD-58320,62.5218,-0.7456,413.2
NORAD-58321,72.4609,-1.4531,464.8
NORAD-58322,1.4605,164.7231,424.7
NORAD-58323,60.9645,146.3806,445.5
NORAD-58326,-80.3606,-148.6297,445.3
NORAD-58327,-12.2071,165.6695,432.9
NORAD-58328,-64.8717,-176.6353,428.7
NORAD-58334,21.5128,166.6218,396.0
NORAD-58336,6.6327,-12.2196,419.4
NORAD-58340,66.5373,148.9016,426.3
NORAD-58346,0.0220,-73.1544,8070.7
NORAD-58347,-0.0291,105.9992,8074.3
NORAD-58348,5.8572,130.4786,4497.9
NORAD-58349,14.7041,151.5394,780.2
NORAD-58352,-36.9256,-99.3907,492.4
NORAD-58353,42.2886,-109.8169,485.0
NORAD-58354,-13.6211,-59.9680,491.1
NORAD-58355,-41.4108,-116.7898,494.3
NORAD-58356,-42.5515,-145.5326,492.5
NORAD-58357,41.3365,50.4005,483.0
NORAD-58358,-26.4398,-77.9396,492.0
NORAD-58359,-27.8253,172.4297,492.2
NORAD-58360,34.2572,102.2926,486.6
NORAD-58361,-36.8117,-172.0659,493.6
NORAD-58362,-26.2875,166.5485,492.2
NORAD-58363,-13.0088,148.9423,491.1
NORAD-58364,16.9653,134.3179,536.9
NORAD-58365,24.5608,105.3555,487.5
NORAD-58366,1.3110,133.2306,489.5
NORAD-58367,42.1104,58.9209,484.1
NORAD-58368,35.5441,84.7247,485.6
NORAD-58369,41.9939,29.8266,485.2
NORAD-58370,-30.3614,-84.6337,492.2
NORAD-58371,27.9896,-10.3070,486.2
NORAD-58372,23.8566,-16.7039,486.7
NORAD-58373,-42.5805,-126.0466,492.2
NORAD-58374,-13.8211,67.3710,472.7
NORAD-58375,35.4965,-133.9043,464.7
NORAD-58376,-53.0353,-6.8419,475.6
NORAD-58377,-31.3742,50.8325,474.4
NORAD-58378,-31.9426,-84.5118,486.8
NORAD-58379,9.2402,-108.6581,469.3
NORAD-58380,38.5369,133.0881,464.1
NORAD-58381,-29.3266,53.8089,471.7
NORAD-58382,42.8119,-145.5525,463.5
NORAD-58383,-18.5062,-87.1867,473.0
NORAD-58384,-39.2340,40.2934,474.9
NORAD-58385,39.3875,115.8602,464.4
NORAD-58386,13.6574,88.9381,468.6
NORAD-58387,45.8270,128.9334,463.0
NORAD-58388,27.1707,-124.2403,466.1
NORAD-58389,11.2660,-108.8240,469.0
NORAD-58390,-0.0619,-101.6302,470.7
NORAD-58391,52.2798,-177.3925,462.2
NORAD-58393,-42.8407,-57.7456,475.0
NORAD-58394,31.2572,105.4952,465.4
NORAD-58395,18.3832,-115.9833,467.8
NORAD-58396,-77.6037,-30.2739,821.3
NORAD-58397,20.8392,-69.7819,862.1
NORAD-58398,-47.8943,89.0388,777.0
NORAD-58399,-75.0018,-20.0221,868.0
NORAD-58400,-29.8276,132.9047,514.7
NORAD-58401,-81.7594,101.2334,400.6
NORAD-58402,15.5834,179.1004,488.3
NORAD-58403,14.8998,33.4240,488.2
NORAD-58404,28.0116,51.5965,486.0
NORAD-58405,42.1538,120.4012,484.7
NORAD-58406,42.8535,101.1896,484.3
NORAD-58407,-8.2933,-154.5714,490.5
NORAD-58408,-36.0255,-31.0239,492.3
NORAD-58409,-9.6123,-139.0150,491.0
NORAD-58410,-41.6030,158.4161,493.3
NORAD-58411,-33.7969,-29.8326,492.6
NORAD-58412,-27.6914,-177.5125,411.1
NORAD-58413,-8.0329,-166.0087,491.0
NORAD-58414,38.0677,73.9001,485.0
NORAD-58415,35.5808,146.4328,485.9
NORAD-58416,24.4219,167.3804,487.4
NORAD-58417,-26.3606,-16.0136,491.5
NORAD-58418,1.3259,-164.9581,489.7
NORAD-58419,4.5586,82.8383,489.6
NORAD-58420,-42.5869,-64.2618,491.9
NORAD-58421,10.9180,-175.4505,488.6
NORAD-58422,-18.7102,75.5941,491.8
NORAD-58423,-13.0629,-149.2247,491.1
NORAD-58424,-3.5602,-159.8193,490.4
NORAD-58425,-5.1487,-12.6705,1117.7
NORAD-58426,23.9677,-38.9062,1115.9
NORAD-58427,14.7245,-29.7448,1116.1
NORAD-58428,6.2253,144.9825,904.8
NORAD-58429,56.4619,-98.7132,916.9
NORAD-58430,39.5827,67.0194,826.6
NORAD-58431,75.2028,51.3977,844.2
NORAD-58432,-60.1942,-95.3559,825.9
NORAD-58433,-40.8071,-123.4758,488.5
NORAD-58434,50.2972,-51.3383,816.3
NORAD-58435,-59.4951,-11.6447,308.7
NORAD-58437,31.8170,47.4384,485.0
NORAD-58438,40.3017,71.1614,484.4
NORAD-58439,19.3371,27.8661,487.6
NORAD-58440,27.6068,-156.7528,486.6
NORAD-58441,-42.5423,-94.8659,492.5
NORAD-58442,-17.4109,-155.0134,491.6
NORAD-58443,-39.7932,-57.3701,492.2
NORAD-58444,-3.2990,-171.0886,490.3
NORAD-58445,11.0868,173.2780,488.7
NORAD-58446,6.3253,178.5630,489.4
NORAD-58447,42.1962,108.9828,484.4
NORAD-58448,-39.3754,-113.1060,492.5
NORAD-58449,8.2046,-11.3524,488.3
NORAD-58450,42.9188,99.3887,484.4
NORAD-58451,24.5935,156.0578,486.9
NORAD-58452,35.7035,135.0583,485.2
NORAD-58453,20.4154,161.9132,487.8
NORAD-58454,32.3622,142.6537,485.5
NORAD-58455,-18.3645,-14.9949,491.5
NORAD-58457,-30.0929,-136.2790,492.1
NORAD-58458,-42.9819,-85.2481,492.4
NORAD-58459,-30.8160,-33.8716,492.4
NORAD-58462,1.0406,-47.2591,575.5
NORAD-58463,-11.3896,141.5901,570.6
NORAD-58464,-3.9085,148.6882,522.8
NORAD-58466,-32.6457,-41.4054,479.1
NORAD-58468,-81.2208,-74.2391,311.3
NORAD-58469,-78.0431,-53.8370,486.7
NORAD-58473,42.6687,129.6087,484.2
NORAD-58475,42.4432,110.1478,484.2
NORAD-58476,36.6062,84.1172,484.5
NORAD-58477,-26.3333,-131.7378,492.3
NORAD-58478,37.2953,156.3059,485.0
NORAD-58480,-33.7036,-18.4363,492.7
NORAD-58481,5.6297,11.3387,490.0
NORAD-58482,35.4287,157.9046,484.8
NORAD-58483,5.4699,36.2940,473.2
NORAD-58484,-30.1427,-11.2880,492.0
NORAD-58485,40.4380,93.9580,484.4
NORAD-58486,40.5655,141.0252,484.5
NORAD-58487,42.8681,112.6756,484.1
NORAD-58488,20.1396,-175.5344,487.0
NORAD-58489,32.1744,165.2282,485.8
NORAD-58490,-3.6320,-148.5344,490.2
NORAD-58491,-37.5980,175.7754,492.4
NORAD-58492,-17.4839,-132.7378,491.9
NORAD-58493,-39.5280,-90.2907,492.5
NORAD-58494,-42.9808,-62.4235,492.9
NORAD-58495,31.9253,69.8335,485.7
NORAD-58496,58.6458,145.5418,609.8
NORAD-58497,65.9054,139.6630,612.1
NORAD-58498,76.4618,124.6646,602.6
NORAD-58499,-13.2346,-169.2943,627.8
NORAD-58500,40.5465,-120.7969,623.3
NORAD-58501,46.2995,-123.1197,407.3
NORAD-58502,12.2700,92.7119,481.2
NORAD-58505,34.5524,37.3475,1114.9
NORAD-58507,51.8075,140.0569,636.5
NORAD-58508,-42.2756,-28.2614,492.7
NORAD-58509,-23.5551,46.3838,491.4
NORAD-58510,-29.7967,-74.3943,492.4
NORAD-58511,-17.1153,-92.9652,491.6
NORAD-58512,-2.9667,-109.0243,490.4
NORAD-58513,6.6573,-119.3672,489.5
NORAD-58514,-22.5623,40.9699,491.7
NORAD-58515,-41.7227,88.2537,492.7
NORAD-58516,35.5543,-162.9967,485.4
NORAD-58517,24.4202,-142.1151,487.4
NORAD-58518,-39.2118,-51.2769,492.8
NORAD-58519,-42.9752,-23.5716,492.8
NORAD-58520,20.0833,-136.0791,487.6
NORAD-58521,32.1570,-155.3600,484.8
NORAD-58523,42.8604,151.7606,484.7
NORAD-58524,38.0939,124.4806,485.0
NORAD-58525,31.8185,108.9952,485.5
NORAD-58526,-12.5791,-77.9455,547.0
NORAD-58527,-34.1764,20.6330,492.4
NORAD-58528,19.5780,89.7301,487.4
NORAD-58529,5.5658,73.3447,489.3
NORAD-58530,-8.9036,57.7128,490.8
NORAD-58531,19.1419,-53.3467,478.0
NORAD-58532,23.6898,146.9711,467.0
NORAD-58533,-50.5757,74.3315,475.6
NORAD-58534,39.0468,168.7707,472.1
NORAD-58535,53.0922,-133.6349,461.9
NORAD-58536,8.8523,-46.3896,469.4
NORAD-58537,35.1432,-71.4901,464.8
NORAD-58538,-52.9918,56.0228,475.4
NORAD-58539,-13.3576,129.6949,472.7
NORAD-58540,-18.8960,-24.9041,473.0
NORAD-58541,28.5781,-117.2070,478.8
NORAD-58542,-22.3090,122.0549,473.5
NORAD-58543,-30.9459,113.2832,474.4
NORAD-58544,-33.7789,-8.3386,487.0
NORAD-58545,-45.5700,90.1574,475.3
NORAD-58546,-9.7496,-32.3516,472.1
NORAD-58547,-51.6125,60.3640,487.8
NORAD-58548,-20.9887,-21.6951,486.0
NORAD-58549,-52.3891,36.7958,475.7
NORAD-58550,-7.2449,-32.8619,484.0
NORAD-58551,36.5817,-82.0856,464.4
NORAD-58552,-0.5435,-39.3245,470.6
NORAD-58555,46.0909,-106.1408,474.4
NORAD-58557,34.8046,-63.1633,494.0
NORAD-58558,34.3603,-44.1841,507.3
NORAD-58559,28.8030,-70.1280,518.8
NORAD-58562,17.0028,-28.4052,522.5
NORAD-58570,78.2497,32.5310,321.0
NORAD-58578,0.6716,-178.2076,487.0
NORAD-58579,-29.1682,66.8479,537.8
NORAD-58582,-3.0874,123.3751,35784.4
NORAD-58583,1.5271,175.1388,32362.9
NORAD-58584,60.3913,162.4247,35067.0
NORAD-58585,61.2581,111.6286,38089.1
NORAD-58589,-23.1915,-19.5529,491.9
NORAD-58590,4.3631,140.8413,489.2
NORAD-58592,28.1947,166.0093,449.3
NORAD-58593,2.5228,135.4518,489.4
NORAD-58594,37.3990,-102.6641,485.2
NORAD-58595,-25.2348,102.4598,491.9
NORAD-58596,-21.6158,-49.0409,491.9
NORAD-58597,42.7105,-129.5928,484.7
NORAD-58598,3.0550,-106.3974,358.9
NORAD-58600,41.1019,-158.0214,484.7
NORAD-58601,33.1340,177.0619,485.0
NORAD-58602,-34.6615,-75.2354,492.3
NORAD-58603,21.2760,157.3444,489.7
NORAD-58604,12.0807,145.9636,488.3
NORAD-58605,-20.0637,106.2902,461.0
NORAD-58606,-1.9997,130.6054,489.4
NORAD-58607,-29.2746,95.8688,492.2
NORAD-58608,-38.8762,73.0002,492.9
NORAD-58609,-42.9615,45.3986,491.8
NORAD-58610,-9.5828,-36.4747,490.8
NORAD-58611,-41.7773,26.4275,492.5
NORAD-58614,-75.6194,174.2209,506.4
NORAD-58619,-42.2530,-45.8725,492.8
NORAD-58621,13.9420,-163.9398,488.3
NORAD-58622,-35.8930,-19.7629,492.4
NORAD-58623,-24.8998,1.2568,492.1
NORAD-58624,-16.0280,13.1453,490.6
NORAD-58625,-1.9321,28.9626,490.5
NORAD-58626,26.6793,178.0594,486.1
NORAD-58627,41.1759,100.6756,484.5
NORAD-58628,12.4848,44.7340,488.2
NORAD-58629,-40.9298,-76.7660,492.9
NORAD-58630,-42.7698,-48.3440,492.9
NORAD-58631,-6.9950,-137.5601,490.5
NORAD-58632,-23.2605,7.0876,492.1
NORAD-58633,20.7341,-168.9956,487.4
NORAD-58634,39.6499,147.9063,484.4
NORAD-58635,-23.4440,-120.8895,491.5
NORAD-58636,-14.6293,-132.3183,491.4
NORAD-58637,-34.9373,-100.1130,492.4
NORAD-58638,-41.8836,-74.5158,493.0
NORAD-58639,-0.3565,-148.1573,489.8
NORAD-58640,-34.7602,-24.7448,492.4
NORAD-58645,7.7559,96.3156,490.2
NORAD-58646,12.5245,-81.2844,495.4
NORAD-58647,-16.0288,99.4736,495.9
NORAD-58648,66.5088,79.2696,488.8
NORAD-58650,36.3816,37.5182,575.7
NORAD-58651,42.4783,36.2067,573.2
NORAD-58652,48.8490,34.4141,573.4
NORAD-58654,43.1395,94.6956,21535.3
NORAD-58655,-54.4941,-153.2884,21537.9
NORAD-58656,-30.9211,-67.3498,22189.7
NORAD-58657,-38.3613,130.7206,15883.8
NORAD-58660,57.1766,-179.3222,474.5
NORAD-58661,-80.9574,-111.6920,477.6
NORAD-58662,70.5111,37.4928,463.6
NORAD-58663,49.9758,21.2753,476.1
NORAD-58668,-27.0282,-97.8413,492.4
NORAD-58669,31.5245,-171.9774,486.2
NORAD-58670,-37.4253,-75.8787,492.7
NORAD-58671,40.7466,116.9107,484.4
NORAD-58672,42.2709,134.4356,392.4
NORAD-58673,-22.4239,-115.2461,492.0
NORAD-58674,-13.9075,-115.5749,491.4
NORAD-58675,-41.0731,-20.4572,492.6
NORAD-58676,-25.3971,164.4245,491.8
NORAD-58677,-4.4791,-126.1291,490.6
NORAD-58678,35.8370,100.1461,485.5
NORAD-58679,9.9682,-141.7715,488.8
NORAD-58680,35.1453,-179.8609,486.0
NORAD-58681,24.7327,79.0315,486.6
NORAD-58682,-42.9691,-39.3949,492.2
NORAD-58683,-21.7272,24.2558,491.6
NORAD-58684,-39.3304,-11.8911,492.2
NORAD-58685,-39.8322,-67.5911,492.7
NORAD-58686,32.6640,92.8303,485.5
NORAD-58689,42.8111,145.5764,484.7
NORAD-58691,49.3544,-77.8914,1103.9
NORAD-58692,35.7792,-36.8219,1105.2
NORAD-58693,44.1982,-54.1885,1104.1
NORAD-58698,0.0309,59.7091,35792.6
NORAD-58699,4.5058,-46.9596,25235.8
NORAD-58700,66.4312,99.6913,489.9
NORAD-58701,14.2286,83.3239,495.7
NORAD-58702,-64.3778,66.0457,498.5
NORAD-58703,20.3208,-100.6120,492.6
NORAD-58705,-26.3000,-61.3194,370.6
NORAD-58706,15.1593,128.3264,365.2
NORAD-58707,-53.1304,-127.9398,372.5
NORAD-58708,-4.8268,-43.2580,368.2
NORAD-58709,17.2309,-26.2299,364.5
NORAD-58710,37.5674,-4.5169,361.9
NORAD-58711,29.2470,-27.4285,465.8
NORAD-58712,-2.8081,130.9814,483.7
NORAD-58713,24.6745,108.7995,479.1
NORAD-58714,37.0886,94.4529,477.0
NORAD-58715,-15.9847,140.5331,472.7
NORAD-58716,44.1554,82.2855,475.7
NORAD-58717,51.7090,20.8205,474.5
NORAD-58718,52.7232,49.0377,474.4
NORAD-58719,47.4630,3.8952,475.2
NORAD-58720,-6.6619,-86.7920,352.1
NORAD-58721,28.9446,104.4559,478.3
NORAD-58722,-51.6408,-123.3478,475.5
NORAD-58723,51.4964,58.5853,474.5
NORAD-58724,-16.2641,-64.7741,472.5
NORAD-58725,40.7600,88.7282,476.1
NORAD-58727,-32.2702,154.6835,512.2
NORAD-58729,-39.8850,67.8670,492.8
NORAD-58732,40.9494,-107.6748,484.7
NORAD-58733,-18.9540,25.0173,491.9
NORAD-58734,-4.9318,8.7592,490.4
NORAD-58735,9.4768,-6.8202,488.9
NORAD-58736,23.0689,-23.6483,487.0
NORAD-58737,42.9552,-88.8672,484.3
NORAD-58738,34.5988,-44.1467,485.7
NORAD-58739,38.8277,-116.5519,484.8
NORAD-58740,-23.3918,31.0193,491.5
NORAD-58741,4.6646,-1.5336,489.6
NORAD-58742,31.1667,-36.8691,486.1
NORAD-58743,40.0265,-60.6756,484.8
NORAD-58744,35.6891,88.7141,485.4
NORAD-58745,20.6696,-152.2898,486.4
NORAD-58746,2.6139,34.3164,489.7
NORAD-58747,-7.4537,175.8545,490.7
NORAD-58748,6.9742,-168.5818,489.1
NORAD-58749,-39.0354,123.5298,492.5
NORAD-58750,-16.8849,164.9464,491.4
NORAD-58753,3.6903,12.9145,559.3
NORAD-58754,14.7149,115.4197,461.7
NORAD-58755,-67.8176,-55.6562,535.8
NORAD-58758,3.5369,-25.8678,498.6
NORAD-58759,-25.9385,-170.8900,524.2
NORAD-58760,-33.5146,-163.1468,523.4
NORAD-58765,-51.0063,-19.3477,487.8
NORAD-58766,-21.1609,-72.3150,486.1
NORAD-58767,-47.1795,-33.8638,475.3
NORAD-58769,-24.7988,-67.5297,473.7
NORAD-58770,2.6145,-89.6896,470.2
NORAD-58771,-52.8451,-7.6682,487.9
NORAD-58772,-51.6901,20.4340,475.4
NORAD-58773,-43.1943,-42.4028,487.6
NORAD-58774,-18.9276,-72.1836,485.5
NORAD-58775,52.7403,171.9986,462.0
NORAD-58776,13.3362,-97.2396,481.4
NORAD-58777,-34.9391,-146.4639,482.5
NORAD-58778,-33.2333,-58.4096,474.4
NORAD-58779,4.0835,-90.0946,482.6
NORAD-58781,-9.8432,-79.5863,484.7
NORAD-58783,33.7818,105.8405,465.0
NORAD-58784,-35.9488,-54.1953,487.1
NORAD-58785,-34.0337,-161.1503,474.5
NORAD-58786,-16.6728,-76.2103,485.0
NORAD-58787,-37.0238,74.8495,492.4
NORAD-58788,-9.1688,119.6426,490.7
NORAD-58789,-17.4548,-31.1900,491.7
NORAD-58790,-4.2807,124.9925,490.2
NORAD-58791,-21.8941,-25.3675,492.0
NORAD-58793,-36.7984,2.3991,492.2
NORAD-58794,5.3410,135.3168,489.3
NORAD-58795,-30.0579,-12.5644,492.6
NORAD-58796,-22.8210,102.8251,491.2
NORAD-58797,1.4862,-52.4366,489.9
NORAD-58798,15.6646,-68.3098,488.1
NORAD-58800,-42.5514,29.0409,492.4
NORAD-58801,35.6622,-101.0733,485.3
NORAD-58803,37.9580,-173.7360,484.5
NORAD-58804,42.1912,-127.2542,483.5
NORAD-58806,42.8336,-146.4609,484.1
NORAD-58807,-33.9345,82.6342,492.6
NORAD-58808,-30.4045,89.8110,492.0
NORAD-58809,40.7357,-118.2268,484.5
NORAD-58810,-67.3021,-55.1880,537.4
NORAD-58817,61.4380,-9.9907,755.9
NORAD-58818,-37.3671,122.8054,733.1
NORAD-58820,73.8300,145.1281,398.7
NORAD-58821,21.5654,-2.9245,345.6
NORAD-58822,-39.4070,-29.6570,501.8
NORAD-58823,33.5294,161.5767,407.9
NORAD-58826,20.0452,87.5092,479.9
NORAD-58827,7.5865,-70.6030,481.8
NORAD-58828,-43.8766,-123.0332,487.7
NORAD-58829,43.9939,57.0788,475.7
NORAD-58830,-21.7780,119.9948,481.2
NORAD-58831,-51.7782,174.6314,483.3
NORAD-58832,-49.1294,151.8675,475.1
NORAD-58834,2.6965,-98.1506,472.7
NORAD-58835,6.2740,98.6134,482.2
NORAD-58836,36.8780,69.2002,477.0
NORAD-58838,52.6623,24.1498,474.6
NORAD-58839,-52.9418,-171.3283,475.3
NORAD-58840,18.1109,99.8169,467.2
NORAD-58841,44.6776,-28.5994,475.7
NORAD-58842,51.7559,-4.4525,474.5
NORAD-58843,33.7869,-46.3000,477.3
NORAD-58844,-38.8047,-129.3664,487.3
NORAD-58845,23.1123,174.3518,479.3
NORAD-58846,20.9633,-59.6789,479.8
NORAD-58847,48.8126,134.1350,474.9
NORAD-58848,-13.2643,136.6325,524.3
NORAD-58849,-22.8313,53.7179,1038.0
NORAD-58850,-55.9954,-59.2484,940.2
NORAD-58851,-57.7954,-42.8628,981.6
NORAD-58852,-21.3626,-147.0762,586.1
NORAD-58853,40.4073,-33.2853,484.8
NORAD-58854,40.6669,-80.0462,484.9
NORAD-58855,27.9538,-2.0623,486.4
NORAD-58856,28.5622,-111.4149,486.3
NORAD-58858,-26.2520,-178.9034,491.9
NORAD-58859,-41.4152,104.3823,492.7
NORAD-58860,24.4788,-117.8970,486.7
NORAD-58861,35.6253,-96.9341,485.2
NORAD-58862,32.2998,-104.4666,485.7
NORAD-58863,-13.6491,47.5800,491.5
NORAD-58864,10.8595,-135.2093,488.7
NORAD-58865,6.1486,-140.4309,489.1
NORAD-58866,23.8326,4.3166,486.6
NORAD-58867,42.8453,-51.6001,484.4
NORAD-58868,-33.8500,79.2738,493.1
NORAD-58869,41.6775,-77.9150,485.1
NORAD-58870,-4.1398,36.9630,490.5
NORAD-58871,38.0294,-24.3953,484.8
NORAD-58872,41.9603,-42.0218,484.6
NORAD-58873,31.7649,-8.9932,485.9
NORAD-58874,-33.7729,167.2129,492.4
NORAD-58875,10.2429,21.3798,488.8
NORAD-58876,-46.6945,-87.0726,475.4
NORAD-58877,42.2321,178.2925,471.7
NORAD-58878,-7.9215,34.0359,471.9
NORAD-58879,32.6916,44.5217,477.8
NORAD-58880,36.6062,60.1650,476.8
NORAD-58881,-40.2152,-100.4069,475.0
NORAD-58882,-17.1592,26.6612,472.9
NORAD-58883,52.8917,137.5338,461.9
NORAD-58884,49.4345,76.7173,474.8
NORAD-58885,24.5842,-158.9411,474.6
NORAD-58886,38.0123,-176.1218,464.6
NORAD-58887,-51.3085,-70.3860,475.7
NORAD-58889,1.2783,40.9585,470.1
NORAD-58890,52.9710,121.3672,461.8
NORAD-58891,-33.3401,-31.1372,474.5
NORAD-58893,52.5932,118.4551,461.9
NORAD-58894,4.4928,-142.2988,478.0
NORAD-58895,-35.0700,-107.2656,482.5
NORAD-58897,-15.9915,-126.5656,481.0
NORAD-58899,-61.9019,92.0971,465.4
NORAD-58900,-60.9825,92.6178,467.2
NORAD-58901,58.5561,126.1257,391.5
NORAD-58903,-77.5200,71.1477,461.3
NORAD-58905,49.9308,-97.7047,615.6
NORAD-58906,8.5617,-11.5428,629.0
NORAD-58907,-44.6656,88.0990,590.8
NORAD-58908,48.8904,-142.5753,571.8
NORAD-58909,6.4275,-178.7455,629.0
NORAD-58910,-18.5030,102.4611,566.1
NORAD-58911,-21.9685,16.0263,628.8
NORAD-58912,-46.2346,113.4148,631.5
NORAD-58913,33.7990,-150.1504,607.3
NORAD-58914,35.8389,-41.8837,619.3
NORAD-58915,-22.5490,155.0570,641.5
NORAD-58916,-22.5748,124.8883,698.2
NORAD-58918,17.8644,-35.7378,506.5
NORAD-58919,-30.1075,171.5124,288.3
NORAD-58921,75.3800,120.4351,458.2
NORAD-58922,17.8157,137.7813,499.1
NORAD-58925,54.9968,157.6460,332.4
NORAD-58927,-26.4336,-40.6090,481.6
NORAD-58928,21.1297,-169.7517,681.2
NORAD-58929,66.1164,154.5093,342.3
NORAD-58931,-53.0729,-58.1034,475.5
NORAD-58932,-45.4462,-102.4552,483.2
NORAD-58933,-46.5161,-23.6732,487.9
NORAD-58934,-36.2625,-4.8441,487.2
NORAD-58935,38.2009,65.1923,476.8
NORAD-58936,41.8281,71.1704,476.2
NORAD-58937,51.9326,102.1698,474.5
NORAD-58938,45.0795,77.7623,475.6
NORAD-58939,52.5400,130.8563,474.4
NORAD-58940,51.2106,140.0532,474.6
NORAD-58941,-43.4161,-16.6448,487.9
NORAD-58942,46.8916,154.9757,470.7
NORAD-58943,-25.7678,5.1537,486.5
NORAD-58944,47.9200,85.1302,475.2
NORAD-58945,-7.9652,176.2903,480.7
NORAD-58946,-9.1576,-145.0096,480.2
NORAD-58947,11.3900,-160.5877,476.7
NORAD-58948,-49.3237,-92.7560,488.0
NORAD-58949,30.0893,54.8026,478.0
NORAD-58951,51.4493,94.2338,462.0
NORAD-58952,30.8806,-178.4904,473.4
NORAD-58955,-33.8531,172.8031,994.4
NORAD-58956,38.7303,-60.5190,998.5
NORAD-58957,-3.2905,-138.1448,989.5
NORAD-58958,-6.5951,53.3337,1012.6
NORAD-58959,9.9494,-122.9358,995.6
NORAD-58960,-1.9755,-75.9851,575.2
NORAD-58965,7.4904,-170.1494,482.0
NORAD-58966,-1.8273,-163.1460,483.5
NORAD-58967,25.5857,174.5155,478.9
NORAD-58968,52.5689,89.4207,462.1
NORAD-58969,-48.5523,-46.3706,475.4
NORAD-58970,21.1733,178.6656,479.5
NORAD-58971,-50.4220,-111.6441,487.8
NORAD-58972,40.4177,55.4108,476.3
NORAD-58973,15.1813,27.5396,481.2
NORAD-58974,28.5487,39.8384,478.3
NORAD-58975,39.7683,54.3394,466.5
NORAD-58976,-12.5171,6.2893,485.0
NORAD-58977,12.1059,-173.7479,481.3
NORAD-58978,-25.9437,-5.4877,486.5
NORAD-58979,-4.8811,12.1809,471.7
NORAD-58980,-30.2735,-10.0363,486.8
NORAD-58981,47.1919,68.3268,462.6
NORAD-58983,51.6000,123.1532,462.0
NORAD-58984,-52.5930,-62.6226,477.8
NORAD-58985,-53.0508,-82.8821,475.6
NORAD-58986,-39.4513,-22.1483,475.0
NORAD-58987,81.6262,23.0746,664.2
NORAD-58989,-71.6152,159.1191,671.9
NORAD-58990,0.0756,82.0532,35794.8
NORAD-58991,0.7579,-152.2546,20341.3
NORAD-58992,-7.1515,-71.8980,490.8
NORAD-58993,-59.3497,154.1434,371.2
NORAD-58995,-0.0215,112.9586,35797.9
NORAD-58996,12.6555,19.5132,18686.6
NORAD-58997,80.6699,-1.3969,617.2
NORAD-58998,11.6087,-31.8950,481.7
NORAD-58999,20.5669,-39.3599,479.7
NORAD-59000,42.5439,-161.4822,475.8
NORAD-59002,-53.1354,66.3422,488.0
NORAD-59004,25.0577,-43.5322,479.1
NORAD-59005,37.6142,-58.2620,476.3
NORAD-59006,53.1407,-113.2841,474.5
NORAD-59007,47.3937,-77.5417,475.2
NORAD-59008,-37.8288,121.7806,487.4
NORAD-59009,33.4941,-52.7318,477.3
NORAD-59010,-11.1081,-13.9242,484.7
NORAD-59011,-6.4847,-17.4979,483.8
NORAD-59012,-28.9450,2.0517,486.7
NORAD-59013,-15.7266,-10.2214,484.9
NORAD-59014,-40.7551,17.7706,487.3
NORAD-59015,-44.1157,24.1444,487.7
NORAD-59016,-20.8343,-32.1689,481.2
NORAD-59017,11.1073,-46.4153,469.3
NORAD-59018,-47.6260,102.1545,487.8
NORAD-59019,-1.8632,-20.9782,483.6
NORAD-59020,-4.0027,112.6157,35804.2
NORAD-59021,1.6526,-148.7303,27243.9
NORAD-59023,-19.8895,-166.1159,491.7
NORAD-59024,-28.4224,-94.9041,492.3
NORAD-59025,17.8799,150.9277,488.0
NORAD-59027,21.7874,16.8477,487.1
NORAD-59028,23.9361,77.5630,487.1
NORAD-59029,-32.0519,-51.3959,491.6
NORAD-59030,30.3630,132.2708,485.8
NORAD-59031,-15.3324,-26.3705,491.4
NORAD-59032,41.2305,50.2877,484.6
NORAD-59033,-8.8971,177.3032,491.2
NORAD-59034,-22.6108,-165.8759,492.1
NORAD-59035,-34.1874,-145.6763,492.8
NORAD-59036,-34.1722,-153.5511,492.3
NORAD-59037,7.9871,0.1384,488.9
NORAD-59038,-39.7411,-129.3583,492.8
NORAD-59039,-35.4386,-139.2440,492.7
NORAD-59040,-21.4795,-37.7022,491.6
NORAD-59041,38.0606,110.6607,485.3
NORAD-59042,-34.7246,-145.2737,484.9
NORAD-59043,19.5230,145.3803,488.0
NORAD-59044,-42.9738,-101.3013,493.0
NORAD-59045,31.8160,126.0446,485.9
NORAD-59046,5.6049,161.6463,490.5
NORAD-59050,-22.6707,46.1011,784.3
NORAD-59051,6.7069,34.0789,828.6
NORAD-59065,-37.6719,63.2360,443.8
NORAD-59066,8.9788,137.2596,602.4
NORAD-59067,-9.6621,138.9299,572.3
NORAD-59068,9.4839,-40.8082,616.4
NORAD-59069,0.0316,33.6279,35793.3
NORAD-59070,15.7883,-148.1252,11043.2
NORAD-59071,-63.9352,149.4667,508.9
NORAD-59072,-31.7620,173.8597,744.4
NORAD-59073,-6.4912,174.4944,743.9
NORAD-59074,-12.8112,-99.4218,491.1
NORAD-59075,14.8006,77.8113,488.3
NORAD-59076,27.8617,59.7753,486.6
NORAD-59077,38.0166,37.3458,484.5
NORAD-59078,-30.0483,-123.5997,492.1
NORAD-59079,28.6039,-49.6412,486.2
NORAD-59081,42.8392,10.1960,484.4
NORAD-59082,40.6362,-18.4559,484.6
NORAD-59083,40.7474,-56.0777,484.5
NORAD-59084,-42.5488,-165.1641,492.6
NORAD-59085,12.4804,66.6862,488.0
NORAD-59086,-13.2066,109.6183,491.2
NORAD-59087,32.3719,-42.6065,485.7
NORAD-59088,24.5620,-56.0651,486.7
NORAD-59089,35.6750,-35.0877,485.0
NORAD-59090,25.8925,-100.7307,486.4
NORAD-59092,10.6808,83.4440,488.7
NORAD-59093,-33.8963,141.0750,492.6
NORAD-59095,-3.3542,-88.9433,490.3
NORAD-59096,6.5108,-78.3424,489.4
NORAD-59098,42.7690,-159.4550,572.3
NORAD-59099,46.4961,-153.3552,545.2
NORAD-59100,-45.9871,-131.6220,541.4
NORAD-59101,15.6547,29.3407,586.7
NORAD-59102,-42.2508,-139.5680,551.7
NORAD-59103,-16.8053,-143.2650,556.3
NORAD-59104,29.9192,31.2757,584.3
NORAD-59105,31.3059,31.4963,584.1
NORAD-59106,-53.7952,-140.2390,574.9
NORAD-59107,-81.0189,-33.7526,588.2
NORAD-59108,-59.1278,-139.4155,586.0
NORAD-59112,-61.8221,33.0121,402.9
NORAD-59117,-16.2467,-140.3213,474.4
NORAD-59120,74.5489,-163.4608,429.1
NORAD-59121,24.1624,37.2127,473.4
NORAD-59122,24.5089,-146.9637,486.3
NORAD-59123,73.0623,59.1598,470.4
NORAD-59124,3.8443,33.1492,481.9
NORAD-59125,81.7056,103.1725,455.4
NORAD-59126,-42.0751,30.6805,464.3
NORAD-59127,9.1861,42.8435,435.4
NORAD-59128,-7.8168,-143.9264,486.8
NORAD-59129,35.4145,-138.3156,403.7
NORAD-59130,-52.7527,31.0021,449.2
NORAD-59131,73.6013,61.3155,470.1
NORAD-59132,32.9297,36.9685,482.4
NORAD-59133,-51.6525,31.8803,447.7
NORAD-59134,35.9900,48.1567,425.7
NORAD-59135,70.4475,-169.3916,490.1
NORAD-59136,81.8706,102.6185,475.5
NORAD-59137,18.4988,35.7009,489.2
NORAD-59141,55.5940,-143.4903,418.7
NORAD-59146,-81.7392,-65.5247,399.9
NORAD-59148,3.5318,45.9912,414.5
NORAD-59152,-29.1854,-16.5064,492.1
NORAD-59153,-1.7957,-153.8918,490.2
NORAD-59154,42.7647,168.1241,483.6
NORAD-59155,13.4998,89.6551,488.0
NORAD-59156,26.7813,107.4673,486.4
NORAD-59157,42.6749,156.1961,484.2
NORAD-59158,40.9642,139.8344,484.4
NORAD-59159,-42.2924,-6.8002,492.7
NORAD-59160,36.1565,122.8168,485.6
NORAD-59161,-41.8219,-35.5040,494.1
NORAD-59162,-34.8029,-61.0066,492.7
NORAD-59163,-23.3851,-81.5402,492.2
NORAD-59164,-9.7763,-98.4818,491.1
NORAD-59165,-0.1956,-108.8923,490.1
NORAD-59166,14.1118,-124.7039,488.3
NORAD-59167,27.2731,-142.5878,486.5
NORAD-59168,-2.5724,68.5667,490.0
NORAD-59169,25.1122,101.4230,487.3
NORAD-59170,25.5080,62.2577,486.5
NORAD-59171,11.8056,84.2440,488.3
NORAD-59172,2.9994,-159.0280,489.7
NORAD-59173,37.5763,-164.6028,485.4
NORAD-59174,-24.7954,-126.1837,491.8
NORAD-59175,-14.7978,158.1371,477.4
NORAD-59178,-42.9031,-32.5119,492.7
NORAD-59179,-41.6529,-15.9310,491.0
NORAD-59180,11.7085,-135.8956,488.6
NORAD-59181,-40.3917,-60.8053,492.0
NORAD-59182,42.2069,159.5157,484.2
NORAD-59184,32.5258,-167.0042,485.8
NORAD-59185,23.0760,73.2349,486.7
NORAD-59186,7.5923,-153.1154,489.1
NORAD-59187,-34.4068,9.3250,492.4
NORAD-59188,0.3895,56.8946,489.9
NORAD-59189,-25.5567,-92.3084,492.2
NORAD-59190,37.9302,113.0779,484.7
NORAD-59191,33.8865,-173.3648,486.5
NORAD-59192,-13.8627,41.1672,491.3
NORAD-59193,-2.6633,-120.2358,490.3
NORAD-59194,24.6638,-153.3814,486.9
NORAD-59195,-42.4194,-44.6280,492.6
NORAD-59196,35.7182,-174.3059,485.5
NORAD-59197,-36.4243,-70.8689,492.3
NORAD-59198,-12.2249,-109.6885,490.9
NORAD-59199,27.7642,90.7726,486.1
NORAD-59200,14.7296,72.8110,487.8
NORAD-59201,50.4523,-10.4801,474.7
NORAD-59202,-48.4249,110.0193,475.1
NORAD-59203,22.5393,-109.8192,467.1
NORAD-59204,45.3897,5.2577,475.5
NORAD-59205,-51.1770,123.1288,487.6
NORAD-59206,-1.0108,55.3359,483.3
NORAD-59207,-42.5399,95.8117,475.0
NORAD-59208,-26.9800,74.8254,473.7
NORAD-59209,-4.9166,-131.5799,471.5
NORAD-59210,-14.8810,66.0323,485.0
NORAD-59211,-30.9147,68.4047,476.8
NORAD-59212,52.9640,-28.7427,474.9
NORAD-59213,-18.1127,66.6354,473.1
NORAD-59214,-35.2143,84.3137,474.4
NORAD-59215,4.4310,-124.5741,470.2
NORAD-59216,52.0655,-19.3624,474.7
NORAD-59217,-46.1430,-179.0497,475.0
NORAD-59218,-14.1548,-138.7354,472.3
NORAD-59219,-53.0808,146.0972,473.2
NORAD-59220,-8.9907,59.2467,472.0
NORAD-59221,-31.6675,-155.3594,474.1
NORAD-59222,48.1771,-2.1943,474.9
NORAD-59223,38.5307,18.0278,476.7
NORAD-59224,-15.5181,54.0513,511.2
NORAD-59225,23.5287,53.7833,476.0
NORAD-59228,-26.0157,-171.1845,366096.5
NORAD-59232,-33.1860,-28.1225,492.1
NORAD-59233,20.8397,-96.5816,487.6
NORAD-59234,31.0969,136.8495,485.6
NORAD-59235,11.7247,-85.3762,488.3
NORAD-59236,-41.3150,-76.9128,463.2
NORAD-59237,32.8491,-116.2711,486.0
NORAD-59238,-39.0320,-12.2618,492.6
NORAD-59239,-27.4651,62.7746,491.7
NORAD-59240,18.7335,129.1568,487.5
NORAD-59241,4.6542,112.8465,489.4
NORAD-59242,27.4711,141.6867,486.5
NORAD-59243,-2.6677,-69.6910,490.6
NORAD-59244,-42.9682,15.4632,492.9
NORAD-59246,-16.8265,-53.6776,491.0
NORAD-59247,18.1449,-96.5431,488.3
NORAD-59248,42.7592,-169.4292,484.3
NORAD-59249,37.6098,163.4811,484.9
NORAD-59250,25.2268,-114.0806,486.6
NORAD-59252,42.4656,172.1130,484.1
NORAD-59253,-29.5183,-35.2432,492.5
NORAD-59254,3.1362,73.5750,470.2
NORAD-59255,-10.0612,87.7894,484.4
NORAD-59256,23.3004,-81.4063,475.0
NORAD-59258,26.3758,-78.4259,466.3
NORAD-59259,-23.5392,99.1712,485.7
NORAD-59261,41.2946,-59.1038,471.7
NORAD-59263,8.3583,-93.9019,469.3
NORAD-59264,-12.5334,89.7308,474.7
NORAD-59265,-19.3306,-115.3857,473.1
NORAD-59266,-46.4038,131.9844,487.7
NORAD-59267,8.6167,73.6635,481.7
NORAD-59268,-27.9088,-123.5153,473.0
NORAD-59269,-43.4428,-145.3113,475.2
NORAD-59270,17.5060,-86.5540,467.7
NORAD-59271,-33.0735,95.1011,474.4
NORAD-59272,36.2311,-66.9568,470.1
NORAD-59273,-36.0595,113.1779,486.9
NORAD-59280,49.3783,12.1124,800.4
NORAD-59281,-35.2206,66.3388,806.1
NORAD-59282,-9.6694,-38.2806,810.3
NORAD-59283,43.4739,-142.8758,802.8
NORAD-59284,-14.7014,137.5825,813.6
NORAD-59285,-25.5640,-125.8646,805.3
NORAD-59289,-13.1963,95.4755,392.2
NORAD-59290,47.5746,-153.9779,432.5
NORAD-59291,29.0386,167.2403,434.8
NORAD-59296,-39.5379,128.4057,492.5
NORAD-59297,-2.3864,-167.6507,489.9
NORAD-59298,42.7281,-67.6888,484.1
NORAD-59299,41.4420,-100.8761,484.3
NORAD-59300,-0.4341,14.9403,489.9
NORAD-59301,-24.6306,36.9248,492.0
NORAD-59302,42.3710,-87.1397,483.7
NORAD-59303,25.3483,-134.6396,486.6
NORAD-59304,30.2917,-133.3211,485.9
NORAD-59305,36.1510,-113.6080,484.2
NORAD-59306,27.0790,-18.6989,486.9
NORAD-59307,11.9754,-151.9856,488.5
NORAD-59308,-16.5290,176.3913,490.7
NORAD-59309,-18.2136,170.8406,490.7
NORAD-59310,-9.1948,-178.5256,491.1
NORAD-59312,10.7549,-146.4562,488.5
NORAD-59313,-13.6929,20.0479,470.9
NORAD-59314,-19.4928,164.8651,491.7
NORAD-59315,-14.5449,30.5848,491.5
NORAD-59316,-6.4166,25.6997,490.8
NORAD-59317,37.4734,-40.7125,485.1
NORAD-59318,13.9096,-0.8878,488.8
NORAD-59319,-23.3432,-53.6774,1086.7
NORAD-59320,-11.6962,89.6550,475.5
NORAD-59321,42.1839,-132.8724,484.0
NORAD-59322,-41.6273,11.2661,381.2
NORAD-59323,-31.4733,117.6604,492.4
NORAD-59324,42.8876,-113.9388,484.2
NORAD-59325,42.8763,-123.3885,484.0
NORAD-59326,-41.4634,53.7797,493.1
NORAD-59327,-8.1583,141.9992,490.7
NORAD-59328,-22.1142,-2.9791,492.4
NORAD-59329,-33.6571,105.3655,490.5
NORAD-59330,10.6524,-40.3692,488.9
NORAD-59331,1.1390,-29.9720,490.0
NORAD-59332,-33.9986,28.7284,492.7
NORAD-59333,-26.5722,14.8514,492.3
NORAD-59334,40.6837,-142.0993,484.8
NORAD-59335,24.5416,-179.9403,487.0
NORAD-59336,11.0372,162.8578,488.6
NORAD-59337,-39.5350,33.4122,492.8
NORAD-59338,40.5067,-95.0575,484.0
NORAD-59339,-30.1278,112.4114,492.3
NORAD-59340,22.5647,-40.4336,487.1
NORAD-59341,-40.1650,93.8535,493.1
NORAD-59342,-13.2430,-14.1708,491.4
NORAD-59343,-16.8090,-99.0449,860.7
NORAD-59344,64.1060,84.4136,756.4
NORAD-59346,0.0471,35.8556,35790.4
NORAD-59348,19.8405,10.4072,487.6
NORAD-59349,20.4114,-112.6166,487.2
NORAD-59350,-9.1959,53.4615,490.6
NORAD-59351,-8.0064,-144.7298,491.0
NORAD-59352,-18.4696,64.4263,491.3
NORAD-59353,31.5491,2.4050,485.7
NORAD-59354,-30.4659,83.3749,492.0
NORAD-59355,6.3195,-129.2756,489.1
NORAD-59356,-39.6332,106.9134,492.5
NORAD-59357,-41.6771,146.9343,492.5
NORAD-59358,42.9282,-49.8563,484.2
NORAD-59359,-39.3433,162.4913,492.3
NORAD-59360,19.3061,21.4793,487.6
NORAD-59361,-21.6627,-161.2237,491.1
NORAD-59362,-29.9769,-174.2052,492.3
NORAD-59363,7.6004,-134.8075,488.8
NORAD-59364,42.2124,-70.7842,484.5
NORAD-59365,-42.9844,134.7728,492.5
NORAD-59366,5.2182,37.8875,489.5
NORAD-59367,40.2518,-21.6281,484.5
NORAD-59368,40.7665,-68.5773,484.4
NORAD-59369,-41.2947,142.3724,492.8
NORAD-59370,-26.5180,65.3754,492.3
NORAD-59371,-35.6260,-161.6156,483.4
NORAD-59373,-31.3340,-65.7660,1082.7
NORAD-59374,0.9386,155.0599,470.4
NORAD-59375,-32.6012,-52.4551,474.4
NORAD-59376,-12.7657,-35.7658,472.5
NORAD-59377,35.2813,74.0934,477.2
NORAD-59378,46.7106,26.5883,462.9
NORAD-59379,34.2928,122.9797,465.1
NORAD-59380,28.1306,132.1967,465.9
NORAD-59381,-8.3501,162.0554,472.0
NORAD-59382,23.9889,-6.5953,466.9
NORAD-59384,-52.9279,-108.6905,475.6
NORAD-59385,51.2559,42.9416,462.2
NORAD-59386,19.3272,140.5529,467.4
NORAD-59387,47.8586,97.8126,462.4
NORAD-59388,51.8960,80.8433,461.9
NORAD-59389,-19.5113,169.7283,473.0
NORAD-59390,15.0206,-14.4536,468.4
NORAD-59391,-24.0924,-43.4127,474.0
NORAD-59392,-43.6155,-160.2018,475.0
NORAD-59393,52.0767,34.3408,461.7
NORAD-59394,-38.3808,-62.3499,474.7
NORAD-59395,33.2085,32.5875,495.8
NORAD-59396,-29.1347,81.2383,438.3
NORAD-59397,8.1562,148.1810,469.3
NORAD-59398,-38.6289,-39.2434,493.5
NORAD-59399,7.3596,28.4357,489.0
NORAD-59400,-31.5277,-118.8857,492.5
NORAD-59401,-10.0487,-149.0178,491.2
NORAD-59402,32.9727,64.4806,485.7
NORAD-59403,30.9562,160.1192,485.9
NORAD-59404,-37.9701,-154.0317,492.4
NORAD-59405,-42.9302,-66.7883,493.1
NORAD-59406,-40.2160,-94.9562,492.9
NORAD-59407,21.1108,44.8889,487.3
NORAD-59409,-4.5876,-165.4110,490.4
NORAD-59410,18.4075,179.2042,487.7
NORAD-59411,42.9658,108.2734,483.7
NORAD-59412,41.0341,89.3567,484.4
NORAD-59413,25.9068,161.7994,483.5
NORAD-59414,42.5624,113.0871,484.6
NORAD-59415,4.4027,-164.6637,490.3
NORAD-59416,-19.2423,-138.0183,491.8
NORAD-59417,30.0857,154.8150,485.8
NORAD-59418,39.9043,136.4233,484.5
NORAD-59419,-21.0530,-3.8313,491.8
NORAD-59420,-7.1079,12.8250,491.1
NORAD-59421,50.6087,-105.4998,359.6
NORAD-59422,-6.5718,-34.7794,369.1
NORAD-59423,15.5672,-51.7342,365.4
NORAD-59424,36.0267,-72.6659,361.9
NORAD-59425,-27.9925,-16.3038,371.0
NORAD-59426,51.3028,-150.1078,359.2
NORAD-59427,18.7653,14.5676,467.7
NORAD-59429,4.0513,5.7211,482.7
NORAD-59430,-23.1781,-161.1350,473.5
NORAD-59431,-8.8538,-6.8332,471.9
NORAD-59432,27.5519,22.8031,465.9
NORAD-59433,13.3127,12.8745,480.6
NORAD-59434,-23.4087,-16.1950,486.1
NORAD-59435,-35.1702,-31.9508,474.5
NORAD-59436,-46.1500,-128.6286,475.0
NORAD-59437,8.7363,9.2869,481.7
NORAD-59438,-52.1818,-74.9699,475.7
NORAD-59439,4.3652,176.9265,470.4
NORAD-59441,31.1994,153.2772,465.5
NORAD-59442,-38.9352,-122.9927,471.3
NORAD-59443,44.5605,164.7003,569.3
NORAD-59444,-24.3630,40.5520,547.9
NORAD-59445,44.0823,163.3327,569.5
NORAD-59446,-29.3155,57.0952,580.6
NORAD-59447,-29.1043,24.2867,548.4
NORAD-59448,-30.2308,54.7562,580.5
NORAD-59449,44.6193,166.0242,569.6
NORAD-59450,-30.2621,56.5464,580.7
NORAD-59451,-20.0902,45.9047,558.0
NORAD-59452,44.0901,130.1808,572.1
NORAD-59456,-36.4850,-53.7986,492.2
NORAD-59457,40.1386,59.7355,484.7
NORAD-59458,-2.8919,-4.5239,490.2
NORAD-59459,20.6309,150.9290,486.8
NORAD-59460,18.9435,16.6571,487.5
NORAD-59462,-25.7633,-32.5230,492.3
NORAD-59463,40.8570,106.7317,484.4
NORAD-59464,11.4983,11.1377,488.7
NORAD-59465,-12.4303,-15.0575,491.3
NORAD-59466,35.9453,49.4885,485.1
NORAD-59467,-42.4684,-80.3923,492.7
NORAD-59468,-13.6202,-20.7813,490.5
NORAD-59469,-9.4916,-15.1896,490.9
NORAD-59470,42.9433,87.9289,484.0
NORAD-59471,31.3195,35.7529,486.0
NORAD-59473,41.8613,104.2957,484.2
NORAD-59474,41.4823,99.8179,484.6
NORAD-59475,42.2777,75.6900,484.2
NORAD-59476,24.9558,28.4318,486.8
NORAD-59477,-36.8004,176.7407,492.4
NORAD-59479,-1.4055,-66.8486,36485.4
NORAD-59481,64.4697,65.0073,825.8
NORAD-59484,42.1905,47.2178,484.0
NORAD-59486,-42.5341,-156.7104,492.6
NORAD-59487,6.4134,116.7132,489.3
NORAD-59488,-28.6356,167.1671,492.3
NORAD-59489,1.5061,122.0038,490.0
NORAD-59490,40.3069,20.6709,484.4
NORAD-59491,37.9855,12.0648,484.8
NORAD-59492,-15.7263,148.9354,491.4
NORAD-59493,12.8122,117.3230,488.8
NORAD-59494,-1.4983,133.0062,490.2
NORAD-59495,19.2997,-33.9507,487.5
NORAD-59496,24.6008,94.2798,486.6
NORAD-59497,-37.3884,-110.8797,492.8
NORAD-59498,-42.9855,-147.0767,492.3
NORAD-59499,-26.0776,155.1891,492.3
NORAD-59500,-17.5898,-116.3062,491.6
NORAD-59501,-7.8851,132.1345,491.1
NORAD-59502,-9.1326,-65.8558,490.8
NORAD-59503,-22.8124,-82.7003,492.0
NORAD-59504,26.1018,99.7805,487.5
NORAD-59505,-41.6365,-128.3196,492.8
NORAD-59506,35.8790,-12.2990,485.1
NORAD-59510,77.6530,119.3484,497.4
NORAD-59511,-39.8921,-142.1078,492.7
NORAD-59512,42.9604,14.5455,484.6
NORAD-59513,-37.1959,-172.7826,492.3
NORAD-59515,-33.1732,146.3146,492.5
NORAD-59516,23.0937,-50.5367,487.1
NORAD-59517,7.0773,94.2665,489.4
NORAD-59519,-20.6725,115.3132,491.7
NORAD-59520,31.0985,-37.4620,485.8
NORAD-59521,-4.9666,-83.0129,490.3
NORAD-59522,-17.5364,104.0527,491.4
NORAD-59523,39.9418,-13.8937,484.6
NORAD-59525,-21.2650,126.4974,492.1
NORAD-59526,-41.0819,171.0289,493.2
NORAD-59527,9.3717,-67.5162,488.3
NORAD-59529,16.9681,-62.1259,487.8
NORAD-59530,38.8531,42.2411,484.8
NORAD-59531,-7.3971,109.8727,490.7
NORAD-59533,-19.0224,-99.3140,491.5
NORAD-59534,-36.4090,-115.6907,492.1
NORAD-59535,-17.2936,143.1979,491.6
NORAD-59536,-9.7217,137.8469,491.4
NORAD-59537,37.6311,71.6247,485.0
NORAD-59539,32.8754,-8.5010,485.8
NORAD-59540,-16.8370,-71.1685,490.4
NORAD-59541,-42.9454,-140.0837,492.8
NORAD-59542,4.6725,122.2679,489.3
NORAD-59543,20.8731,-28.2076,487.6
NORAD-59544,11.7088,-39.4740,488.8
NORAD-59545,-29.5479,-89.6410,491.7
NORAD-59546,-34.7834,175.3477,492.8
NORAD-59547,42.5853,40.0767,484.6
NORAD-59548,18.7327,106.0048,487.5
NORAD-59549,-41.8118,-159.1963,492.7
NORAD-59550,-23.1861,154.5631,492.2
NORAD-59551,27.3236,93.7216,486.4
NORAD-59552,40.8909,15.8351,484.9
NORAD-59553,42.7669,44.5493,484.3
NORAD-59554,42.6916,-6.6963,484.6
NORAD-59555,-39.0492,-112.6431,492.7
NORAD-59556,-2.6595,-55.1339,490.0
NORAD-59557,18.6588,94.5236,500.7
NORAD-59564,39.2321,81.2145,485.0
NORAD-59565,-37.8357,-83.2182,492.6
NORAD-59566,36.2225,100.9624,485.3
NORAD-59567,-20.8090,-54.4035,491.5
NORAD-59568,42.7305,55.2345,484.4
NORAD-59569,2.6863,-27.5284,489.1
NORAD-59570,-27.6872,-61.1076,491.0
NORAD-59571,-11.9411,165.7008,491.2
NORAD-59572,24.0275,-5.4038,486.8
NORAD-59573,41.7165,45.9079,484.3
NORAD-59574,-40.8058,-138.8053,492.7
NORAD-59575,-6.9517,-37.8937,490.6
NORAD-59576,-42.8052,-110.3679,492.6
NORAD-59577,25.6048,120.0105,464.0
NORAD-59578,2.3463,150.1041,490.1
NORAD-59579,16.5387,134.0947,488.0
NORAD-59580,-25.3853,-176.8639,492.1
NORAD-59581,42.3814,74.4960,483.7
NORAD-59582,9.4054,-16.7482,488.3
NORAD-59583,40.9546,84.1398,484.0
NORAD-59584,-14.5818,-43.1105,491.0
NORAD-59585,-38.6938,-147.4295,492.2
NORAD-59586,-42.3743,173.1227,399.9
NORAD-59587,18.0031,-17.5354,461.8
NORAD-59588,25.9245,174.8930,938.8
NORAD-59590,-26.6914,75.8751,882.9
NORAD-59598,-54.7981,-87.5283,23234.1
NORAD-59599,-54.8420,-89.2425,22944.0
NORAD-59600,13.9941,163.1531,23229.8
NORAD-59601,-42.8857,-92.4896,492.5
NORAD-59602,-41.5813,-109.0472,492.7
NORAD-59603,-42.6619,-75.8300,493.0
NORAD-59604,38.7418,57.7551,484.9
NORAD-59605,-32.0336,-40.1032,491.9
NORAD-59606,-25.8637,-142.9044,492.0
NORAD-59607,-12.5138,-160.4201,491.3
NORAD-59608,-31.1816,-141.5576,492.3
NORAD-59609,-18.7212,-160.6827,492.0
NORAD-59610,-41.1601,-71.0663,492.8
NORAD-59611,6.7946,5.8208,489.0
NORAD-59612,37.7234,122.1285,484.9
NORAD-59613,1.7778,-176.0834,490.0
NORAD-59614,-19.8146,-20.7111,491.7
NORAD-59616,-10.5787,-9.5672,490.8
NORAD-59617,-38.2998,-119.8370,492.5
NORAD-59618,-41.2194,-104.2804,492.9
NORAD-59619,-33.4427,-129.1588,492.3
NORAD-59621,-0.0165,178.0856,490.5
NORAD-59622,-16.9260,-20.5077,491.5
NORAD-59623,-28.3632,-142.3214,492.1
NORAD-59625,-72.6518,178.6489,525.6
NORAD-59626,58.2435,-13.9119,523.7
NORAD-59631,26.3194,-108.5988,487.0
NORAD-59632,-13.2939,74.9972,491.0
NORAD-59633,41.6932,169.5814,484.4
NORAD-59634,21.8567,129.2128,487.0
NORAD-59635,-23.8505,-47.5381,492.1
NORAD-59636,-41.9460,-1.2895,493.1
NORAD-59637,42.5959,-157.0913,484.4
NORAD-59638,-10.2857,-64.5826,491.2
NORAD-59639,-35.1328,-26.8736,492.5
NORAD-59640,-15.7581,86.2287,491.2
NORAD-59641,36.9699,-130.3689,485.5
NORAD-59642,-37.9486,6.6125,492.4
NORAD-59643,-42.9187,18.0098,490.8
NORAD-59644,33.6632,149.2839,485.3
NORAD-59645,-37.3986,-9.8967,492.7
NORAD-59646,12.7882,117.8462,488.2
NORAD-59647,4.1144,-80.1919,489.7
NORAD-59650,-1.5494,102.1358,490.0
NORAD-59651,-28.6672,67.9840,492.1
NORAD-59652,39.8298,-150.3794,484.5
NORAD-59653,41.3284,174.3052,484.5
NORAD-59654,38.5217,126.9448,484.3
NORAD-59655,39.4781,64.3941,484.3
NORAD-59656,-26.9834,-27.1297,492.3
NORAD-59657,10.0541,16.8252,488.8
NORAD-59658,15.7749,167.8698,487.8
NORAD-59659,-11.0071,-165.9961,491.4
NORAD-59660,17.6100,22.2779,488.1
NORAD-59661,41.3686,111.2967,484.6
NORAD-59662,-13.7740,-9.3169,493.2
NORAD-59663,-21.8073,-149.1552,491.8
NORAD-59664,28.6534,149.6538,486.3
NORAD-59666,-37.3740,-49.0128,493.0
NORAD-59667,33.7231,136.3758,485.0
NORAD-59668,-34.4433,-134.2298,492.6
NORAD-59669,23.6867,33.8749,486.6
NORAD-59670,30.1876,40.9429,486.0
NORAD-59671,-40.0498,-91.6690,492.4
NORAD-59672,3.3982,6.0672,489.4
NORAD-59673,41.9370,80.2690,484.2
NORAD-59674,42.9818,92.4477,483.9
NORAD-59675,-4.3313,1.2405,490.3
NORAD-59676,35.1820,54.9275,484.4
NORAD-59679,79.9511,105.1894,464.7
NORAD-59680,82.6308,67.7203,455.9
NORAD-59682,-39.4631,-34.5782,493.9
NORAD-59683,6.0657,-158.7653,489.3
NORAD-59684,-39.4180,-101.7294,492.9
NORAD-59685,-0.5542,23.3102,490.0
NORAD-59686,-36.5442,-121.5433,492.6
NORAD-59687,42.7062,105.7536,484.0
NORAD-59688,42.6131,94.1195,484.5
NORAD-59689,36.3568,151.4468,485.6
NORAD-59690,-30.3049,-22.6131,492.6
NORAD-59691,-8.2924,-143.2461,490.9
NORAD-59693,-42.9810,-73.9720,492.7
NORAD-59694,-42.2124,-79.1000,492.6
NORAD-59695,-42.7526,-76.6331,493.0
NORAD-59696,-35.7752,-105.1693,492.8
NORAD-59697,42.3940,125.2606,482.3
NORAD-59698,13.7692,39.0959,488.3
NORAD-59699,37.5026,79.1816,484.8
NORAD-59700,-23.7190,-4.1420,491.8
NORAD-59701,-14.8013,7.4815,491.3
NORAD-59702,26.9616,56.8821,486.5
NORAD-59703,25.5170,172.7577,486.3
NORAD-59704,-41.9293,-50.4618,492.6
NORAD-59705,-35.8219,29.6188,20214.7
NORAD-59706,-37.5603,27.1667,20209.6
NORAD-59708,-46.0932,-38.7757,372.0
NORAD-59709,-7.2699,7.5024,368.7
NORAD-59710,14.5453,24.1526,365.6
NORAD-59711,35.2169,44.8338,361.8
NORAD-59712,50.2138,77.0230,359.7
NORAD-59713,51.5719,121.8543,359.2
NORAD-59714,38.1021,156.6998,361.2
NORAD-59715,-4.0300,-164.3797,368.0
NORAD-59716,17.9896,178.5576,364.8
NORAD-59717,-25.6600,-146.3515,370.7
NORAD-59718,-44.0624,-121.0016,372.0
NORAD-59719,-28.8843,-11.3885,371.2
NORAD-59720,-53.0998,-80.6720,372.3
NORAD-59721,44.0058,-94.7352,471.2
NORAD-59722,27.4762,-118.1405,473.6
NORAD-59723,-41.7515,177.0941,486.8
NORAD-59724,-47.8545,162.4760,482.9
NORAD-59725,-44.2293,85.3801,483.1
NORAD-59726,-27.2797,61.3062,482.1
NORAD-59727,52.9622,-57.7237,469.8
NORAD-59728,-58.0689,-115.1974,622.5
NORAD-59729,-11.5515,120.7225,529.0
NORAD-59730,-34.9173,98.9562,491.7
NORAD-59731,27.0622,-179.5259,487.1
NORAD-59733,-28.9684,4.0952,492.1
NORAD-59734,-41.5268,68.7403,493.4
NORAD-59735,-8.7173,130.9697,490.6
NORAD-59736,-23.4939,119.6168,491.7
NORAD-59737,-42.2738,44.8615,492.1
NORAD-59738,-40.1793,82.5166,492.2
NORAD-59739,37.5223,-157.3295,484.2
NORAD-59740,12.3742,-45.8201,489.0
NORAD-59741,-16.1521,-14.1969,491.8
NORAD-59742,33.3794,-77.1302,485.8
NORAD-59743,-22.4578,114.1528,491.7
NORAD-59744,14.0525,162.8509,489.1
NORAD-59745,42.7380,-130.4059,484.9
NORAD-59746,-34.0909,93.9683,491.6
NORAD-59747,4.4810,152.1331,489.6
NORAD-59748,-42.8002,64.0021,492.2
NORAD-59749,-1.9348,-30.1803,490.3
NORAD-59750,25.8274,-63.4426,487.0
NORAD-59751,40.9928,-101.7587,484.8
NORAD-59752,-9.8966,136.5714,491.0
NORAD-59754,14.5031,-95.8060,365.6
NORAD-59755,50.1924,-42.9882,359.3
NORAD-59756,51.6112,1.6949,359.1
NORAD-59757,38.1937,36.6594,361.3
NORAD-59758,18.0879,58.5695,364.8
NORAD-59759,-3.9959,75.6711,368.2
NORAD-59760,-25.5359,93.6031,370.4
NORAD-59761,-43.9958,118.9337,372.2
NORAD-59762,-53.0877,158.9754,372.8
NORAD-59763,-46.1973,-158.9806,372.8
NORAD-59764,-37.3671,-146.2583,327.8
NORAD-59765,-28.5084,-131.6482,371.1
NORAD-59766,48.2095,-133.9440,475.2
NORAD-59767,26.9421,127.7421,474.2
NORAD-59768,51.0915,-148.8139,423.2
NORAD-59769,-6.9333,100.9060,483.7
NORAD-59770,33.5106,135.8007,477.7
NORAD-59771,-25.0701,85.6488,486.3
NORAD-59772,44.0310,151.7415,471.3
NORAD-59773,-12.1798,-166.6224,509.9
NORAD-59774,-9.2944,24.2745,487.1
NORAD-59775,-24.4177,-149.0637,495.4
NORAD-59776,-7.3720,-149.2801,466.0
NORAD-59777,-81.9864,-43.2583,473.4
NORAD-59778,79.4685,163.6423,445.8
NORAD-59779,-46.8764,-155.5906,807.4
NORAD-59780,-46.3628,-155.7663,807.6
NORAD-59781,-39.0469,-157.8601,807.6
NORAD-59782,0.0369,169.7186,489.8
NORAD-59783,-4.7927,164.5003,490.3
NORAD-59784,29.1044,-47.2797,486.4
NORAD-59785,38.8337,-70.2886,484.7
NORAD-59786,-42.7268,74.8975,492.8
NORAD-59787,-41.0822,103.2028,492.7
NORAD-59788,-30.9944,32.7760,492.8
NORAD-59789,-37.4149,47.7712,492.9
NORAD-59790,-4.5522,-2.3604,490.8
NORAD-59791,9.8997,-18.0048,488.8
NORAD-59794,23.5109,-34.9894,486.9
NORAD-59795,34.9121,-55.6116,485.3
NORAD-59797,40.1581,-71.9538,484.4
NORAD-59798,-21.6443,148.0652,490.4
NORAD-59799,28.9007,-150.6025,486.0
NORAD-59800,42.9389,-100.3258,484.4
NORAD-59801,38.6697,-127.8065,484.5
NORAD-59802,-33.4320,128.1934,492.2
NORAD-59803,1.7615,175.0657,489.6
NORAD-59804,16.0506,-168.9038,488.8
NORAD-59805,-81.6847,-151.0102,532.8
NORAD-59806,72.7565,121.9254,510.8
NORAD-59807,-1.8054,147.0563,527.5
NORAD-59808,-15.2483,-35.8272,527.3
NORAD-59809,-50.8704,-141.0002,473.2
NORAD-59810,82.4606,64.8668,532.0
NORAD-59835,-42.9032,143.9113,492.8
NORAD-59836,30.0827,-82.9192,486.1
NORAD-59837,8.2212,49.4500,489.1
NORAD-59838,-40.3816,172.1859,492.6
NORAD-59839,17.4629,-101.5721,488.0
NORAD-59841,20.4576,27.0265,487.2
NORAD-59842,33.7480,12.6654,485.4
NORAD-59843,-23.9796,-150.5211,491.6
NORAD-59844,-38.3407,116.2589,493.0
NORAD-59845,-16.7813,70.2336,491.6
NORAD-59846,-35.2793,-171.3545,492.6
NORAD-59847,-1.3941,-122.7286,490.4
NORAD-59848,7.1188,43.7350,489.6
NORAD-59849,-28.5930,94.0306,492.3
NORAD-59850,-15.6687,75.7984,491.5
NORAD-59851,-1.3959,59.8310,490.1
NORAD-59853,42.5808,-41.0378,484.3
NORAD-59854,36.8803,-67.7690,485.0
NORAD-59855,-7.3739,59.3562,490.9
NORAD-59856,-10.4234,-133.4506,490.8
NORAD-59857,21.9833,32.7472,487.2
NORAD-59858,2.0784,-123.2085,489.6
NORAD-59859,-25.5167,-144.9222,491.8
NORAD-59860,15.9285,44.1432,488.1
NORAD-59862,-21.6502,87.0576,492.2
NORAD-59863,38.5800,3.2071,484.6
NORAD-59864,9.9480,-106.8404,488.8
NORAD-59865,-42.9782,150.8777,492.6
NORAD-59866,-3.9481,48.4797,490.0
NORAD-59867,42.9307,-24.4152,484.1
NORAD-59868,-12.9100,-172.6089,491.2
NORAD-59869,23.5521,-89.8557,486.8
NORAD-59870,26.5884,-89.6001,486.6
NORAD-59871,10.1016,44.0083,488.6
NORAD-59873,42.3269,-47.8915,484.8
NORAD-59874,1.6256,60.1814,489.8
NORAD-59875,2.8689,26.5705,489.8
NORAD-59876,34.9532,-69.2020,485.2
NORAD-59877,-42.1200,134.2776,492.8
NORAD-59878,-4.5038,60.6607,438.4
NORAD-59879,18.8305,-107.0532,487.4
NORAD-59880,28.7956,25.8815,486.3
NORAD-59881,-18.8376,-65.5106,523.1
NORAD-59884,43.7535,149.7710,592.0
NORAD-59885,1.1476,-91.8460,490.1
NORAD-59886,10.6727,-102.2465,488.9
NORAD-59887,-20.7412,69.3408,491.5
NORAD-59888,42.0798,-166.0968,485.3
NORAD-59889,-6.7024,-86.8555,490.5
NORAD-59890,-42.6108,-10.0086,492.9
NORAD-59891,-13.1925,-76.1053,491.2
NORAD-59892,-32.8374,38.3247,492.4
NORAD-59893,35.4334,-140.2458,485.9
NORAD-59894,-18.9137,-76.0360,492.0
NORAD-59895,-26.1615,57.2310,492.2
NORAD-59896,29.8085,-131.8970,486.6
NORAD-59897,35.3243,139.1774,485.1
NORAD-59898,17.2181,-113.4351,488.1
NORAD-59899,-37.0007,-36.8008,492.8
NORAD-59900,24.3869,-119.6356,487.3
NORAD-59901,-31.2492,-57.0355,492.5
NORAD-59902,42.0505,165.0766,484.1
NORAD-59903,-39.0384,28.6639,492.6
NORAD-59904,-26.3980,-58.5379,492.4
NORAD-59905,7.7589,-102.4577,489.6
NORAD-59906,-41.8055,-24.0998,492.7
NORAD-59907,-29.4194,0.0984,407.9
NORAD-59908,-50.6676,13.7302,410.7
NORAD-59909,-5.3811,80.7950,898.0
NORAD-59910,44.8993,172.2642,903.1
NORAD-59911,-44.6559,-12.6024,903.9
NORAD-59912,7.5023,-101.6431,910.6
NORAD-59915,-0.0057,38.2292,35788.1
NORAD-59916,19.9846,79.2050,992.8
NORAD-59917,48.6714,82.5438,521.7
NORAD-59918,64.5514,-72.2298,505.5
NORAD-59919,31.0558,87.9835,542.8
NORAD-59920,-81.0647,152.9792,515.8
NORAD-59921,-42.7563,99.5322,569.6
NORAD-59922,-39.7881,-179.8267,492.4
NORAD-59923,-7.6280,-71.6509,490.2
NORAD-59924,-31.1429,-118.4227,492.3
NORAD-59925,16.0256,94.7198,488.1
NORAD-59926,-4.8039,121.3103,490.3
NORAD-59927,23.2879,88.7302,486.9
NORAD-59928,6.8412,-56.0445,488.9
NORAD-59929,-32.2314,155.9027,507.3
NORAD-59930,29.0642,-26.9077,486.2
NORAD-59931,31.2799,75.5847,485.8
NORAD-59932,-12.2935,-76.8972,490.8
NORAD-59933,16.2120,-45.2944,487.7
NORAD-59934,-25.4580,144.0315,492.0
NORAD-59936,-42.6862,-161.4583,492.7
NORAD-59937,-18.2963,137.7261,491.5
NORAD-59938,38.7601,-4.0849,484.7
NORAD-59939,0.0619,116.0780,490.0
NORAD-59940,-30.6726,156.4156,492.3
NORAD-59941,-42.3949,-168.3534,492.6
NORAD-59942,9.6314,105.6977,488.9
NORAD-59943,-33.3090,-108.1173,492.7
NORAD-59944,-21.4417,-88.2629,491.7
NORAD-59945,42.5891,74.4284,360.9
NORAD-59947,52.8309,35.8467,359.5
NORAD-59948,1.9331,116.4283,367.8
NORAD-59949,-49.3183,-123.0742,372.2
NORAD-59950,-20.1381,133.7792,370.3
NORAD-59952,-52.1955,-167.1840,372.3
NORAD-59954,-12.7306,-72.2144,369.5
NORAD-59955,9.3660,-55.4118,366.4
NORAD-59956,30.5063,-36.3643,363.5
NORAD-59957,47.5830,-7.4887,360.4
NORAD-59958,48.7480,-157.1938,462.8
NORAD-59959,-14.3569,-25.1224,472.6
NORAD-59960,-39.6583,2.1687,475.3
NORAD-59961,22.4357,-54.1322,467.2
NORAD-59962,-31.8911,-8.4349,474.6
NORAD-59963,52.3406,-139.6814,462.0
NORAD-59964,-5.1717,-32.2778,471.8
NORAD-59965,77.5984,87.8707,493.0
NORAD-59969,36.1617,-122.0927,1098.8
NORAD-59970,-68.0405,-74.1496,1133.8
NORAD-59971,-10.8556,103.2559,1082.4
NORAD-59972,70.6102,-105.8078,1137.4
NORAD-59973,48.5709,79.1861,1068.3
NORAD-59974,62.0959,77.4007,1063.2
NORAD-59975,-51.7014,43.0270,1115.6
NORAD-59976,-70.4978,148.9362,1095.8
NORAD-59977,-68.3410,44.1930,1114.8
NORAD-59978,0.3940,119.3166,35178.2
NORAD-59979,-1.0255,161.3842,34833.5
NORAD-59980,1.7727,58.3158,35372.3
NORAD-59981,-1.3047,154.3279,34946.6
NORAD-59983,0.0901,-46.3438,34443.3
NORAD-59984,58.1650,-87.6354,1005.2
NORAD-59985,-3.6882,48.4271,36087.8
NORAD-59986,3.6427,-118.9751,35480.8
NORAD-59987,-4.0395,68.2965,35777.3
NORAD-59989,-8.1477,105.5653,37037.1
NORAD-59990,-2.9786,35.5877,36197.8
NORAD-59991,7.6100,-94.2667,36109.1
NORAD-59992,-5.0904,157.9315,37179.2
NORAD-59993,-69.2000,-89.9926,765.6
NORAD-59994,81.9150,-127.6157,867.2
NORAD-59995,-81.0687,96.7665,902.9
NORAD-59996,-15.3261,-28.8021,891.3
NORAD-59997,-69.4416,-86.3573,932.0
NORAD-59998,-45.2940,-97.9618,949.8
NORAD-59999,21.8004,72.7165,924.4
NORAD-60002,11.4654,68.7160,71888.5
NORAD-60003,31.7611,70.2902,920.3
NORAD-60004,3.3688,-119.7596,911.9
NORAD-60005,-70.4050,83.0256,887.6
NORAD-60007,-78.1421,-150.4113,888.1
NORAD-60008,23.6013,-154.8313,891.0
NORAD-60012,-60.6061,-178.7643,541.5
NORAD-60013,-37.4238,-13.7650,504.9
NORAD-60014,-82.2361,-105.6443,595.4
NORAD-60015,50.0928,164.2526,500.3
NORAD-60016,-17.5341,-11.8931,481.0
NORAD-60017,2.9481,-27.7611,477.9
NORAD-60018,-42.9373,110.6772,487.5
NORAD-60019,-4.8953,151.1237,484.1
NORAD-60020,-45.8271,25.5292,487.7
NORAD-60021,44.5234,-75.0727,463.1
NORAD-60022,20.6433,-44.0352,467.3
NORAD-60023,18.2153,169.0318,480.0
NORAD-60024,35.3603,-173.1530,477.1
NORAD-60026,42.6626,-69.1592,476.0
NORAD-60027,50.7187,-91.8499,474.7
NORAD-60028,52.3115,-129.3264,474.2
NORAD-60029,22.7193,173.0326,479.5
NORAD-60030,37.4605,-62.6468,464.0
NORAD-60031,2.7187,-80.2549,470.4
NORAD-60032,4.3939,158.1080,482.9
NORAD-60034,45.8545,-154.7584,475.5
NORAD-60035,-31.6518,127.3451,486.7
NORAD-60036,-18.5244,140.2878,485.6
NORAD-60037,31.2801,-52.5782,477.3
NORAD-60038,-46.4502,-99.0482,372.0
NORAD-60039,-28.8602,-71.4472,370.9
NORAD-60040,-7.5896,-52.8297,368.6
NORAD-60041,14.4701,-35.9985,365.4
NORAD-60042,35.2466,-15.2200,361.9
NORAD-60043,50.2521,17.0913,359.5
NORAD-60044,51.6051,61.5614,359.4
NORAD-60045,38.1348,96.5557,361.5
NORAD-60046,18.0278,118.4368,364.2
NORAD-60047,-3.9048,135.4385,368.4
NORAD-60048,-53.0914,-141.0219,372.4
NORAD-60049,-25.5170,153.4175,370.4
NORAD-60050,-44.0212,178.8240,372.0
NORAD-60051,-47.8558,32.8306,483.4
NORAD-60052,15.6329,169.4595,480.7
NORAD-60053,-12.1114,148.1588,485.1
NORAD-60054,40.7542,-162.4815,476.3
NORAD-60055,49.6088,-140.9782,474.7
NORAD-60056,28.9850,-178.1512,478.5
NORAD-60057,1.7864,158.7225,482.9
NORAD-60058,-26.6591,-172.7600,341882.2
NORAD-60059,30.3508,-96.1995,362.7
NORAD-60060,47.4617,-67.5020,359.6
NORAD-60061,52.8830,-24.5407,359.0
NORAD-60062,42.4255,14.3367,360.9
NORAD-60063,23.3037,38.6891,363.9
NORAD-60064,1.5136,56.3379,367.2
NORAD-60065,-20.4069,73.6132,370.3
NORAD-60066,-40.0615,96.4502,371.6
NORAD-60067,-52.1457,132.7652,372.2
NORAD-60068,-49.4078,176.9388,372.0
NORAD-60069,-33.7479,-152.1324,371.4
NORAD-60070,-12.9917,-132.0899,369.6
NORAD-60071,9.1927,-115.1811,366.2
NORAD-60077,-52.6992,-3.7111,475.5
NORAD-60079,-44.2543,107.9756,642.0
NORAD-60081,43.3035,-72.4290,629.3
NORAD-60082,60.3341,-69.7565,640.3
NORAD-60083,39.5720,92.5951,631.5
NORAD-60084,-42.1573,-87.9365,643.6
NORAD-60085,-72.3686,156.5796,560.6
NORAD-60086,0.0566,19.2048,35792.0
NORAD-60087,-11.1018,6.8700,22941.6
NORAD-60088,-3.5902,-100.0878,621.6
NORAD-60089,28.7486,10.9992,619.6
NORAD-60091,1.9261,-65.2923,483.0
NORAD-60092,-10.2690,108.0136,472.1
NORAD-60093,5.6613,-68.0953,469.8
NORAD-60094,26.4196,137.6006,466.5
NORAD-60095,-49.1377,55.8688,475.3
NORAD-60096,51.1949,-132.4922,463.1
NORAD-60097,-16.6891,-50.9034,485.4
NORAD-60098,-50.3581,0.8167,475.4
NORAD-60099,-24.5073,95.8678,486.1
NORAD-60100,8.3132,122.0642,469.0
NORAD-60101,32.3613,-92.1307,465.4
NORAD-60102,50.8272,-176.6974,464.6
NORAD-60103,42.0895,159.0177,474.0
NORAD-60104,-21.7710,-46.5060,473.7
NORAD-60105,-28.1120,92.2542,474.1
NORAD-60106,-0.8864,115.1308,470.6
NORAD-60107,-30.5245,-37.6920,474.0
NORAD-60108,-29.8358,-38.4618,486.6
NORAD-60109,-32.9678,86.7834,486.8
NORAD-60110,17.5359,129.4518,467.8
NORAD-60111,-36.2394,82.5493,483.5
NORAD-60112,-41.4198,-22.5542,487.5
NORAD-60113,19.8160,-76.3344,364.9
NORAD-60114,39.6886,-53.5867,361.1
NORAD-60115,52.1174,-17.6059,359.7
NORAD-60116,49.3301,27.0676,359.7
NORAD-60117,33.5791,57.9151,362.1
NORAD-60118,12.6558,78.0137,365.6
NORAD-60119,-9.4957,94.8558,369.1
NORAD-60120,-30.7016,114.0313,371.0
NORAD-60121,-42.3430,-135.6783,372.1
NORAD-60122,-52.8564,-174.3364,372.6
NORAD-60123,-23.3483,-111.5166,370.4
NORAD-60124,-2.0417,-93.4857,367.8
NORAD-60125,-47.5315,142.5338,372.1
NORAD-60126,-13.5540,95.0041,480.6
NORAD-60127,6.8582,110.5437,477.9
NORAD-60128,32.5503,-103.4754,473.3
NORAD-60129,26.7890,-98.5726,478.7
NORAD-60130,52.9630,-171.2655,470.0
NORAD-60131,13.1342,-85.0135,476.8
NORAD-60132,-43.1561,-31.8894,487.6
NORAD-60133,-0.0081,-75.1939,35794.6
NORAD-60134,5.9267,45.9392,33351.4
NORAD-60135,-17.4472,-128.1930,472.9
NORAD-60136,-8.4258,-135.4195,471.9
NORAD-60137,-52.0141,-68.1772,475.8
NORAD-60138,38.6053,74.5319,464.1
NORAD-60140,19.3147,-156.9595,467.5
NORAD-60141,43.5119,172.9577,463.4
NORAD-60142,45.4263,87.2942,463.3
NORAD-60143,30.5632,64.0261,465.6
NORAD-60144,52.5448,140.2666,462.0
NORAD-60145,-14.7795,26.4946,472.8
NORAD-60146,3.7469,40.6709,470.3
NORAD-60147,-5.5025,33.7382,471.4
NORAD-60148,53.1082,115.6973,469.7
NORAD-60149,-42.1564,-99.1467,474.9
NORAD-60150,36.2985,-175.0989,464.6
NORAD-60151,10.1851,-149.4955,469.1
NORAD-60152,-34.6897,-110.6053,474.6
NORAD-60153,13.0960,47.8769,468.6
NORAD-60154,22.0036,55.4430,467.1
NORAD-60155,-53.0957,-48.7014,475.5
NORAD-60156,-40.0128,-1.0325,475.0
NORAD-60157,-46.4824,-14.1521,475.2
NORAD-60179,0.0284,101.6118,35791.2
NORAD-60182,42.8317,165.5445,633.9
NORAD-60183,-47.5438,82.6198,372.1
NORAD-60184,-52.8591,125.7067,372.2
NORAD-60185,-42.4081,164.2569,371.8
NORAD-60186,-23.3271,-171.4429,370.7
NORAD-60187,-1.5892,-153.8301,368.0
NORAD-60188,19.9068,-136.2073,364.7
NORAD-60189,39.6803,-113.5523,361.3
NORAD-60190,52.1726,-77.1437,359.1
NORAD-60191,49.3495,-32.9577,359.6
NORAD-60192,33.5345,-1.9823,362.2
NORAD-60193,12.6808,18.0435,365.9
NORAD-60194,-9.4334,34.8521,368.9
NORAD-60195,-30.6264,53.9912,371.1
NORAD-60196,52.5136,143.0859,469.9
NORAD-60197,-53.1292,-51.6804,475.5
NORAD-60198,-4.6654,37.6154,479.5
NORAD-60199,-15.2405,-128.2016,472.7
NORAD-60200,49.3538,101.8151,470.4
NORAD-60201,34.9496,72.6178,472.8
NORAD-60202,15.8518,53.3618,476.2
NORAD-60203,72.5712,138.7344,358.6
NORAD-60206,34.0876,-77.7981,448.6
NORAD-60207,-34.1140,-67.1771,453.6
NORAD-60209,-34.8717,-61.0730,394.2
NORAD-60210,39.8525,-65.7582,368.8
NORAD-60211,81.6077,14.6276,604.1
NORAD-60212,81.6069,14.6478,603.7
NORAD-60213,-56.2843,109.3825,546.7
NORAD-60214,41.4802,-65.7848,511.0
NORAD-60233,-0.0090,41.9983,35782.1
NORAD-60234,-1.2274,81.6509,66796.2
NORAD-60235,38.9939,-135.1293,532.7
NORAD-60236,-38.6063,-90.0860,569.0
NORAD-60237,-9.4856,-119.9415,539.9
NORAD-60238,-52.8495,-0.2386,567.4
NORAD-60239,-31.6272,-90.1452,570.4
NORAD-60240,28.7247,-132.3646,533.5
NORAD-60241,58.4321,113.0160,531.6
NORAD-60242,54.8337,93.0561,518.0
NORAD-60243,-29.0908,-116.2650,538.6
NORAD-60246,-69.0472,89.4280,408.5
NORAD-60249,-6.8412,-26.7871,508.8
NORAD-60251,74.9518,-126.7075,788.9
NORAD-60252,38.8662,93.1169,804.0
NORAD-60255,39.3448,-86.9153,472.1
NORAD-60256,51.5350,-157.4990,474.6
NORAD-60257,33.1763,161.2306,477.7
NORAD-60258,53.1406,-138.5524,474.5
NORAD-60259,51.6528,-119.6114,474.7
NORAD-60260,16.2627,143.8512,480.6
NORAD-60261,49.6512,-166.2247,474.2
NORAD-60262,-51.0056,18.5622,483.5
NORAD-60263,50.9530,-161.3396,470.1
NORAD-60264,-38.4495,94.8223,482.8
NORAD-60265,-37.4350,97.0357,489.8
NORAD-60266,-21.4874,114.1535,482.1
NORAD-60267,-47.3165,76.9973,487.7
NORAD-60268,11.6715,140.1466,481.3
NORAD-60269,-19.6631,-33.6124,481.2
NORAD-60270,51.8649,-120.9652,464.6
NORAD-60271,29.0317,156.4781,478.3
NORAD-60272,-37.3296,96.4781,487.7
NORAD-60273,52.7758,-128.9015,474.4
NORAD-60274,-1.1011,130.4297,478.9
NORAD-60275,-24.9964,110.8546,486.3
NORAD-60276,2.4089,133.0492,482.9
NORAD-60277,-53.1397,41.6138,487.9
NORAD-60278,-29.3778,106.4885,486.6
NORAD-60279,51.4402,-158.6342,470.4
NORAD-60280,-2.3285,129.6364,483.8
NORAD-60281,-11.5121,122.6251,486.8
NORAD-60282,-16.1823,118.8575,485.7
NORAD-60283,20.6448,147.7347,475.3
NORAD-60284,-22.9128,-42.6157,486.1
NORAD-60285,-51.1648,62.8878,483.5
NORAD-60286,25.0722,151.8563,479.0
NORAD-60287,0.5333,131.7744,478.9
NORAD-60288,52.7927,-147.8810,474.5
NORAD-60289,-0.7085,-48.4420,479.0
NORAD-60290,-44.4213,84.2121,487.6
NORAD-60291,41.1093,172.1312,476.4
NORAD-60292,37.8426,166.9058,472.3
NORAD-60293,47.4229,-174.0696,475.4
NORAD-60294,19.0807,146.3662,475.9
NORAD-60295,51.5838,-119.7896,470.2
NORAD-60296,21.1042,-65.7384,475.5
NORAD-60297,-39.3056,-11.2157,482.9
NORAD-60298,0.7811,-49.5561,478.7
NORAD-60299,22.1324,-94.6573,479.4
NORAD-60300,-49.7926,69.0248,487.9
NORAD-60301,51.6114,-58.2792,359.2
NORAD-60302,38.1895,-23.3400,361.3
NORAD-60303,18.1723,-1.5042,364.8
NORAD-60304,-3.9022,15.6145,368.3
NORAD-60305,-25.5346,33.6140,370.6
NORAD-60306,-44.0442,59.0511,371.8
NORAD-60307,-46.1283,141.2066,372.0
NORAD-60308,-53.0693,98.4368,371.8
NORAD-60309,-28.4822,168.3953,370.9
NORAD-60310,-7.1066,-173.0214,368.8
NORAD-60312,35.1777,-135.1370,361.8
NORAD-60313,50.2049,-102.9330,359.5
NORAD-60314,-8.0360,9.9457,484.4
NORAD-60315,50.7007,82.1993,462.0
NORAD-60316,37.4996,160.6320,466.9
NORAD-60317,22.6106,34.1454,467.1
NORAD-60318,-21.7733,-1.3667,485.7
NORAD-60319,27.2968,38.7020,461.2
NORAD-60320,-24.4213,-3.8383,481.3
NORAD-60321,48.6904,137.2485,462.4
NORAD-60326,15.2120,-93.9518,121386.3
NORAD-60327,-0.0646,152.9704,35804.7
NORAD-60329,-52.2005,79.2323,483.8
NORAD-60330,-53.0674,69.2859,487.8
NORAD-60331,-50.9567,31.3379,475.3
NORAD-60332,-23.2294,135.5017,481.7
NORAD-60333,-39.5177,116.8172,487.4
NORAD-60334,-14.1901,144.0173,485.2
NORAD-60335,-0.2831,154.6983,483.3
NORAD-60336,13.6296,165.3483,481.1
NORAD-60338,31.2594,-178.0952,478.0
NORAD-60339,39.0904,-167.6719,476.6
NORAD-60340,48.5655,-147.0791,474.6
NORAD-60341,48.5436,-83.3828,474.6
NORAD-60342,53.0432,-110.4094,474.3
NORAD-60343,53.0411,-120.1938,474.4
NORAD-60344,39.1931,-63.0203,476.5
NORAD-60345,22.7246,-43.6922,479.3
NORAD-60346,27.0942,-47.9365,478.5
NORAD-60347,-3.0646,151.9065,479.1
NORAD-60348,50.1265,-142.1146,470.3
NORAD-60349,2.3580,-29.3282,469.7
NORAD-60350,52.1098,-100.4418,469.9
NORAD-60351,-6.9376,-22.3534,471.3
NORAD-60352,-41.5052,18.5833,482.6
NORAD-60355,-48.5155,-94.1526,475.3
NORAD-60356,2.9929,31.2936,483.0
NORAD-60358,17.0611,42.3317,480.2
NORAD-60359,7.7100,34.8746,482.0
NORAD-60360,9.8660,-159.4671,477.2
NORAD-60361,34.3780,59.8233,477.7
NORAD-60362,12.4558,38.5555,481.0
NORAD-60363,50.2612,93.3170,474.7
NORAD-60364,-53.1014,-64.5616,483.7
NORAD-60365,28.7693,52.5884,473.9
NORAD-60366,52.9192,111.6542,474.3
NORAD-60367,-31.2565,1.3673,482.4
NORAD-60368,25.9596,50.4095,478.9
NORAD-60370,49.2154,148.5050,475.0
NORAD-60371,-23.7189,9.1827,486.3
NORAD-60372,21.5616,46.2448,479.6
NORAD-60373,-11.7451,19.4185,480.4
NORAD-60374,45.2977,77.4779,471.0
NORAD-60375,45.4487,77.8250,463.4
NORAD-60376,53.1157,121.2938,474.4
NORAD-60377,-47.0447,-25.1503,483.5
NORAD-60379,20.6822,171.2139,1063.9
NORAD-60380,-60.4452,-7.5486,1083.2
NORAD-60381,-20.6868,-8.8561,1088.7
NORAD-60382,-39.2157,169.8663,1073.9
NORAD-60383,80.9023,177.2191,1067.2
NORAD-60384,-19.2173,170.2232,1072.0
NORAD-60385,12.1110,162.6786,806.3
NORAD-60386,-59.3864,169.0866,1074.4
NORAD-60387,61.0791,172.7503,1067.6
NORAD-60388,40.9392,171.1498,1071.3
NORAD-60389,-40.8950,-8.4097,1087.4
NORAD-60390,59.2819,-10.9039,1075.6
NORAD-60391,-80.5661,-2.8541,1083.9
NORAD-60392,39.1662,-10.0320,1082.6
NORAD-60393,78.8659,-14.4142,1072.5
NORAD-60394,19.4011,-9.4247,1085.6
NORAD-60395,-0.9749,-8.9777,1089.0
NORAD-60396,-79.0726,165.2019,1077.3
NORAD-60397,11.3922,165.5744,853.1
NORAD-60398,18.0463,-61.4469,364.7
NORAD-60399,-44.0689,-0.9435,372.3
NORAD-60400,-53.0924,39.1453,372.3
NORAD-60401,-46.1438,81.1181,372.0
NORAD-60402,-28.4727,108.3621,370.9
NORAD-60403,-7.5765,127.3074,368.9
NORAD-60404,14.5278,144.1749,365.5
NORAD-60405,35.2159,164.8683,362.0
NORAD-60406,50.2252,-162.8877,359.6
NORAD-60407,51.5869,-118.2109,359.2
NORAD-60408,38.1574,-83.3404,360.9
NORAD-60409,-3.9523,-44.4043,368.4
NORAD-60410,-25.6244,-26.3507,370.8
NORAD-60411,19.7399,125.6422,475.5
NORAD-60412,23.3985,120.9177,466.9
NORAD-60413,-13.4518,150.0806,472.4
NORAD-60414,-20.8769,157.7631,481.7
NORAD-60415,14.2731,128.8242,468.5
NORAD-60416,-10.9265,139.5321,480.1
NORAD-60417,17.6381,-26.1169,468.1
NORAD-60418,8.3685,-33.5545,469.5
NORAD-60419,-8.4448,69.5534,614.4
NORAD-60420,52.8384,-33.8843,581.4
NORAD-60422,55.0492,70.2546,38990.1
NORAD-60423,34.7563,-41.5410,28005.6
NORAD-60424,-24.0641,-159.0775,593.4
NORAD-60425,44.1631,69.0436,463.2
NORAD-60426,52.7866,16.6412,461.9
NORAD-60427,37.1029,81.1950,464.3
NORAD-60428,37.4850,-29.0024,464.5
NORAD-60429,-47.3309,-118.2869,475.1
NORAD-60430,27.0587,91.7791,465.8
NORAD-60431,11.6581,-55.1290,468.7
NORAD-60432,52.7039,35.9904,462.1
NORAD-60433,44.4854,-16.7052,463.4
NORAD-60434,42.6933,70.5774,463.5
NORAD-60435,-9.4241,121.3493,472.2
NORAD-60436,-35.6038,146.5965,474.4
NORAD-60437,53.0281,19.1979,462.0
NORAD-60438,-42.9194,158.3061,475.0
NORAD-60439,35.3723,82.1560,464.6
NORAD-60440,-52.3139,-169.9121,475.2
NORAD-60441,-39.1131,-103.5895,475.4
NORAD-60442,-48.7172,172.7223,475.2
NORAD-60443,52.2603,38.7779,462.0
NORAD-60444,-0.1503,114.3349,471.0
NORAD-60445,-4.4780,-69.4885,471.4
NORAD-60446,51.5009,-3.7612,464.8
NORAD-60447,-22.7079,-84.3615,473.7
NORAD-60448,-6.2921,-49.3584,818.0
NORAD-60452,-9.2429,30.1834,526.0
NORAD-60453,0.5888,112.1264,531.3
NORAD-60454,34.3762,-31.0202,417.4
NORAD-60458,28.1027,-17.4567,458.1
NORAD-60459,-16.1735,132.6828,469.7
NORAD-60460,14.5264,116.8283,505.4
NORAD-60461,-26.7722,-102.6067,482.4
NORAD-60462,4.6381,129.5756,506.2
NORAD-60463,10.2168,107.9416,477.5
NORAD-60464,-32.7348,-169.4050,480.9
NORAD-60465,11.8993,114.9734,491.4
NORAD-60466,31.3762,-11.5922,452.8
NORAD-60468,32.1079,-19.4502,468.9
NORAD-60469,-13.1911,-25.1411,467.6
NORAD-60470,-82.6017,-110.8933,487.5
NORAD-60471,-36.8143,-27.4739,469.9
NORAD-60472,-56.6313,163.3814,509.8
NORAD-60473,-63.8639,174.8097,461.1
NORAD-60474,8.9763,158.3387,456.0
NORAD-60475,-6.2712,-29.0286,504.0
NORAD-60476,60.9935,-3.7437,422.4
NORAD-60478,20.3765,157.5263,449.9
NORAD-60479,-50.1881,-32.5092,480.4
NORAD-60480,-28.8392,163.9881,454.7
NORAD-60481,-27.9494,-24.7307,454.3
NORAD-60484,-49.8416,171.6610,365.7
NORAD-60485,63.2528,142.0272,468.7
NORAD-60486,3.6955,-18.8992,444.1
NORAD-60487,56.8157,-9.3057,448.8
NORAD-60488,80.0384,113.9627,432.3
NORAD-60489,-75.5417,-171.7659,465.2
NORAD-60490,-45.3228,166.0184,467.0
NORAD-60491,-82.2927,-90.9933,392.9
NORAD-60492,20.0023,-17.7972,450.5
NORAD-60493,-75.3626,-52.5935,491.7
NORAD-60494,-21.2213,162.5977,455.9
NORAD-60495,-61.8491,-33.4683,454.0
NORAD-60496,-33.5726,-31.3156,500.1
NORAD-60497,64.9777,-3.7930,438.6
NORAD-60498,-39.7983,163.6326,490.3
NORAD-60499,-72.2133,-41.7360,396.4
NORAD-60500,81.1310,101.0439,475.3
NORAD-60501,-8.8313,-20.8049,444.6
NORAD-60504,-74.6406,-51.9552,483.0
NORAD-60505,-82.6132,-112.3429,448.5
NORAD-60506,-34.7308,-30.4271,486.6
NORAD-60507,42.5471,163.5172,437.3
NORAD-60508,62.8203,155.6164,351.0
NORAD-60509,-82.2170,-89.4173,446.0
NORAD-60510,5.4580,159.1428,455.5
NORAD-60511,6.4773,162.9117,416.1
NORAD-60512,-81.4800,-139.6157,453.3
NORAD-60513,6.6534,156.9991,472.4
NORAD-60514,-39.6665,-25.7403,454.5
NORAD-60516,-7.5922,160.7483,458.7
NORAD-60517,17.3951,-17.7670,448.0
NORAD-60518,16.6401,-16.5387,443.3
NORAD-60519,-31.9622,-22.6221,440.8
NORAD-60520,55.4396,0.8409,362.3
NORAD-60521,48.6087,1.6756,293.6
NORAD-60522,-44.8067,-33.4820,505.1
NORAD-60524,7.3159,159.6082,450.1
NORAD-60525,-54.7343,172.7973,444.0
NORAD-60526,75.5050,132.2933,434.4
NORAD-60527,-3.9061,158.0597,469.7
NORAD-60528,48.5496,151.4027,453.5
NORAD-60530,-3.2411,-30.0510,588.3
NORAD-60531,15.5504,-25.8067,577.7
NORAD-60532,35.8981,145.0465,586.1
NORAD-60533,81.0562,37.4848,528.6
NORAD-60534,-67.7315,-48.5645,593.4
NORAD-60535,-42.5777,-34.6282,583.8
NORAD-60536,8.9875,-19.7812,540.1
NORAD-60537,-27.2462,-33.7826,591.3
NORAD-60538,-56.6902,-37.1384,571.6
NORAD-60539,58.3081,140.1348,564.2
NORAD-60540,-25.5713,-32.0534,593.0
NORAD-60541,17.4705,-14.0829,517.6
NORAD-60542,40.8553,-18.2832,556.4
NORAD-60543,-78.0682,-174.2833,615.3
NORAD-60544,-55.8115,-42.9275,607.0
NORAD-60545,-26.3607,-32.8421,594.3
NORAD-60546,6.2887,-26.3279,576.6
NORAD-60547,15.0246,-14.4131,517.9
NORAD-60548,82.1797,73.4270,562.7
NORAD-60549,-70.5488,174.7191,588.6
NORAD-60550,-16.9960,154.0117,581.4
NORAD-60551,47.8576,142.9230,575.9
NORAD-60552,66.0634,-9.8434,571.4
NORAD-60553,37.3262,-22.9996,583.7
NORAD-60554,-80.5701,-80.5547,578.8
NORAD-60555,66.3948,-7.4590,557.8
NORAD-60556,-55.6054,-27.5847,418.3
NORAD-60558,73.5427,9.0680,355.2
NORAD-60559,0.1701,-19.8218,452.7
NORAD-60560,82.6260,77.2358,330.3
NORAD-60561,-49.5795,168.8103,454.7
NORAD-60562,59.4801,143.3897,476.1
NORAD-60563,-42.8266,-25.2130,441.9
NORAD-60565,-5.2933,165.9726,507.3
NORAD-60573,58.0155,-17.8217,583.1
NORAD-60574,50.0445,-16.7118,561.8
NORAD-60575,-24.5514,-33.2150,592.7
NORAD-60576,64.9717,144.2997,527.7
NORAD-60577,14.0008,-20.9285,544.3
NORAD-60578,-29.2227,161.1928,554.8
NORAD-60579,25.7485,154.9334,539.2
NORAD-60580,-42.6898,-30.7221,557.3
NORAD-60583,43.7968,159.1428,471.3
NORAD-60584,16.5481,-168.5541,467.9
NORAD-60585,-10.8680,-145.3502,484.5
NORAD-60586,-12.0855,14.7102,472.6
NORAD-60587,-1.7717,-154.3976,471.5
NORAD-60588,15.6522,36.0061,468.4
NORAD-60589,38.1262,170.4570,476.5
NORAD-60590,-37.7867,-11.5199,474.9
NORAD-60591,17.0305,-166.8352,480.4
NORAD-60592,-37.0974,-121.2832,474.7
NORAD-60593,-44.1912,-109.0554,475.0
NORAD-60594,51.8217,131.9765,462.0
NORAD-60595,10.1805,33.7594,476.9
NORAD-60596,33.9761,174.0143,465.0
NORAD-60597,30.1327,-179.3171,478.0
NORAD-60598,41.7533,164.5034,476.1
NORAD-60599,3.1220,-155.9363,482.5
NORAD-60600,-40.4852,-113.9177,487.5
NORAD-60601,25.4677,-176.5832,466.3
NORAD-60602,-52.8299,-57.3217,475.6
NORAD-60603,-11.0888,-147.3037,472.0
NORAD-60604,-1.2621,27.9421,483.5
NORAD-60605,-6.1557,-69.0885,1618.9
NORAD-60606,-0.9118,118.2059,35793.7
NORAD-60608,13.5228,83.3344,1417.8
NORAD-60609,-23.8816,-129.2846,1261.8
NORAD-60610,-46.5226,156.8452,716.8
NORAD-60611,73.9487,-84.9622,1342.7
NORAD-60612,-81.3880,-74.7902,1375.5
NORAD-60613,27.5011,-62.7708,1271.7
NORAD-60616,-33.5842,39.5449,1303.7
NORAD-60617,-35.4832,48.1636,1264.9
NORAD-60618,15.9881,73.4303,1380.7
NORAD-60620,-25.0992,-16.4249,650.9
NORAD-60621,52.1177,-20.6600,604.8
NORAD-60622,-72.0366,-14.9241,667.9
NORAD-60623,15.9016,-18.0618,667.3
NORAD-60624,-43.3385,-15.3684,644.6
NORAD-60625,41.6836,-18.8308,769.6
NORAD-60626,-10.7108,-20.5183,594.4
NORAD-60627,-34.6035,109.7364,1318.9
NORAD-60628,-69.9734,147.3851,810.0
NORAD-60630,55.6615,-89.3209,503.3
NORAD-60632,-77.7898,-10.5610,670.5
NORAD-60633,-36.3683,166.6552,891.4
NORAD-60634,-46.2961,162.2507,671.8
NORAD-60635,84.5640,-40.8082,977.0
NORAD-60636,6.1599,165.3235,860.7
NORAD-60639,53.3401,140.4278,783.2
NORAD-60641,16.5145,34.3434,950.6
NORAD-60643,-61.9903,-17.9852,734.4
NORAD-60644,32.7857,159.7011,580.8
NORAD-60645,47.3648,-22.3238,1043.0
NORAD-60646,66.9792,-21.5464,653.7
NORAD-60648,18.7105,-13.1524,607.7
NORAD-60649,-80.0399,-14.2405,681.8
NORAD-60650,50.0681,158.4848,792.7
NORAD-60651,36.0841,153.2888,794.4
NORAD-60652,-38.8241,-23.2242,710.7
NORAD-60653,4.0247,134.6889,806.0
NORAD-60654,-4.6004,-22.9634,561.0
NORAD-60655,3.5179,165.3910,842.9
NORAD-60656,-59.4121,168.6090,602.0
NORAD-60657,-39.7536,-24.4715,675.9
NORAD-60658,26.2340,162.6648,749.0
NORAD-60659,-10.2279,-14.0799,817.2
NORAD-60660,-52.2554,159.0516,696.1
NORAD-60661,-0.3073,152.4341,776.2
NORAD-60662,47.2183,-16.8841,797.0
NORAD-60663,82.1080,-12.5093,814.4
NORAD-60664,74.5796,-19.1438,742.5
NORAD-60666,-52.2518,166.5442,922.6
NORAD-60668,-1.7809,161.2004,808.6
NORAD-60669,71.6269,159.2297,808.2
NORAD-60671,52.1052,173.2089,1013.9
NORAD-60672,-31.0078,-44.4295,665.0
NORAD-60673,58.9888,2.2476,551.8
NORAD-60674,82.2519,-26.5418,684.4
NORAD-60675,74.5192,-15.8300,821.5
NORAD-60676,-15.8990,161.2499,908.7
NORAD-60678,-14.0066,154.2520,758.2
NORAD-60679,24.3187,7.9743,740.9
NORAD-60680,-28.7777,-18.4606,707.3
NORAD-60681,-29.1541,-10.5696,824.6
NORAD-60682,74.9823,169.0098,800.9
NORAD-60683,-84.6140,154.2327,830.4
NORAD-60684,39.9763,-32.6370,792.8
NORAD-60685,-22.8307,161.5627,736.1
NORAD-60686,-8.8099,161.2648,799.0
NORAD-60687,15.4671,166.8801,871.8
NORAD-60688,13.5697,-15.3369,792.4
NORAD-60689,38.8760,165.5450,819.4
NORAD-60690,-18.5185,-12.4817,827.4
NORAD-60691,-53.2888,-13.9193,693.9
NORAD-60692,10.1530,162.5708,704.0
NORAD-60693,65.3109,-14.4501,813.4
NORAD-60694,35.1343,-14.0145,794.9
NORAD-60695,-19.8137,-11.0931,824.7
NORAD-60696,-26.8215,-10.9655,829.6
NORAD-60697,-50.8650,167.0158,896.6
NORAD-60698,88.9707,-85.2513,807.9
NORAD-60699,34.9554,-39.5059,792.3
NORAD-60701,53.2584,-164.6842,870.4
NORAD-60702,-22.0685,-41.6252,779.9
NORAD-60703,22.2816,18.0562,855.2
NORAD-60704,54.2684,-10.1326,519.0
NORAD-60706,-6.2461,-17.3531,659.6
NORAD-60707,69.5800,-22.2201,795.8
NORAD-60708,33.5822,165.2764,817.6
NORAD-60709,-30.3813,-14.8174,813.6
NORAD-60710,-37.1655,-178.3457,870.7
NORAD-60711,39.8160,151.2106,770.0
NORAD-60712,-59.9279,146.8321,770.6
NORAD-60713,-31.6454,-12.7945,844.7
NORAD-60714,71.9265,167.8942,794.2
NORAD-60715,54.2026,171.3921,855.6
NORAD-60716,31.0667,-12.7416,609.0
NORAD-60717,16.1489,-27.9816,612.7
NORAD-60718,-20.7749,0.9326,821.7
NORAD-60719,22.6150,179.5741,774.6
NORAD-60720,53.0818,-110.6962,359.0
NORAD-60721,46.2262,-68.5682,360.3
NORAD-60722,28.6248,-41.2823,363.0
NORAD-60723,-14.8844,-5.7445,369.9
NORAD-60724,7.2061,-22.6230,366.7
NORAD-60725,-35.4496,14.9653,371.3
NORAD-60726,-50.3025,47.2291,372.1
NORAD-60727,-51.5593,91.7554,372.2
NORAD-60728,-38.0956,126.5311,371.6
NORAD-60729,-18.1677,148.2194,370.0
NORAD-60730,3.9502,165.3881,367.1
NORAD-60731,25.3707,-176.8101,364.0
NORAD-60732,44.1691,-150.9589,360.4
NORAD-60733,-23.0358,-31.1294,486.0
NORAD-60734,-17.2273,-178.8302,473.0
NORAD-60737,9.5013,160.5834,481.5
NORAD-60738,-4.4336,171.0876,483.7
NORAD-60739,-18.1672,-178.0394,485.4
NORAD-60740,-31.3150,-165.1807,486.7
NORAD-60745,-40.0682,32.2075,435.7
NORAD-60746,15.4436,-146.0715,472.8
NORAD-60747,-38.6491,33.0206,456.1
NORAD-60748,21.2895,37.3950,486.1
NORAD-60749,-50.0918,-136.9514,500.0
NORAD-60750,-24.3471,29.4861,495.9
NORAD-60753,54.5179,173.2613,874.5
NORAD-60754,86.0327,177.9539,802.3
NORAD-60755,60.7464,152.3208,919.6
NORAD-60757,-21.5574,173.4828,897.4
NORAD-60758,80.3020,-23.6261,750.3
NORAD-60759,-55.8930,-12.4254,847.7
NORAD-60760,6.8369,-13.1018,559.8
NORAD-60761,-1.8484,159.7148,647.3
NORAD-60762,18.1764,164.3274,790.5
NORAD-60763,-66.2064,-15.4573,663.2
NORAD-60764,-17.4278,-19.5057,825.6
NORAD-60765,-66.8955,-35.5807,728.6
NORAD-60766,-81.7781,-9.1138,668.6
NORAD-60767,-3.5282,164.9135,884.3
NORAD-60768,18.7949,-11.6867,656.7
NORAD-60769,22.2109,-12.4013,739.1
NORAD-60770,-1.5185,-14.9686,766.0
NORAD-60771,-75.5573,156.0445,717.2
NORAD-60772,-34.7348,156.1715,808.9
NORAD-60774,23.0808,-173.7410,475.1
NORAD-60775,-14.0900,-9.1309,805.9
NORAD-60776,19.4573,173.4997,495.0
NORAD-60778,-19.8604,-21.3647,511.5
NORAD-60779,60.6364,-25.1738,586.8
NORAD-60780,-17.9345,159.8939,728.2
NORAD-60781,-69.1965,157.5330,859.9
NORAD-60783,-79.3366,160.2867,709.2
NORAD-60784,-68.5673,161.3719,742.3
NORAD-60785,-85.0904,149.1145,690.5
NORAD-60786,4.3835,176.8012,423.6
NORAD-60787,41.0707,-17.6835,794.1
NORAD-60788,76.3750,165.9328,802.9
NORAD-60790,87.8595,-64.2955,793.5
NORAD-60791,13.3648,-26.9608,800.8
NORAD-60792,-8.4298,164.0849,755.1
NORAD-60793,28.7542,169.1335,873.7
NORAD-60794,81.3554,164.6229,44.3
NORAD-60795,-45.7621,165.6311,897.2
NORAD-60796,-65.9956,-13.5553,840.2
NORAD-60797,62.7152,152.6030,768.5
NORAD-60798,-76.6528,-5.6126,878.9
NORAD-60799,-0.2698,-22.6087,648.7
NORAD-60800,86.0647,-178.7775,827.3
NORAD-60801,10.1952,151.5789,700.0
NORAD-60802,53.0980,165.1754,793.0
NORAD-60803,-18.2131,32.0943,456.1
NORAD-60804,-11.7631,169.2220,910.0
NORAD-60805,9.7477,10.8582,799.3
NORAD-60807,-54.0819,-11.1595,853.4
NORAD-60808,-3.2018,-13.5688,651.6
NORAD-60810,-81.5028,-167.0727,875.5
NORAD-60811,12.1964,129.5220,618.3
NORAD-60812,31.0464,-20.3251,756.5
NORAD-60813,54.6246,-23.5577,791.8
NORAD-60814,-26.6014,171.3345,932.6
NORAD-60815,77.0993,153.2479,784.9
NORAD-60816,-0.3805,167.8758,807.2
NORAD-60817,12.8878,175.9573,908.3
NORAD-60818,73.3357,-30.8423,743.9
NORAD-60819,75.2313,-21.1652,635.1
NORAD-60820,62.2960,-17.5942,787.5
NORAD-60822,51.7107,-19.4580,732.1
NORAD-60823,-67.8865,-4.8034,808.6
NORAD-60825,39.7706,146.4128,769.0
NORAD-60826,-45.0376,-16.3928,838.2
NORAD-60827,-30.4272,-9.2094,769.3
NORAD-60828,-7.1806,-11.2452,766.3
NORAD-60830,69.8016,163.8664,987.7
NORAD-60831,-81.8664,-6.9608,875.4
NORAD-60834,24.2604,169.2858,958.3
NORAD-60836,-50.0249,158.0233,737.8
NORAD-60837,63.5388,-1.8505,799.4
NORAD-60838,-30.6127,168.0134,770.6
NORAD-60839,-75.9808,-8.1123,836.4
NORAD-60840,-52.9026,-20.6702,661.2
NORAD-60841,-88.1563,18.3135,857.8
NORAD-60842,-7.0173,-31.7262,630.7
NORAD-60843,-4.9838,167.0097,890.5
NORAD-60844,-75.0648,125.4666,795.3
NORAD-60845,56.0813,-17.6195,678.7
NORAD-60847,22.0587,161.1982,791.8
NORAD-60848,-20.3152,-43.3832,686.9
NORAD-60849,-48.9084,-7.9527,626.5
NORAD-60850,19.9793,153.9331,816.6
NORAD-60852,-67.8881,-48.0901,919.3
NORAD-60854,66.6265,-27.1264,630.1
NORAD-60855,56.6853,169.0044,848.0
NORAD-60856,71.0763,-176.3155,1093.1
NORAD-60857,-24.2768,159.3294,772.0
NORAD-60858,1.9170,-26.1400,817.9
NORAD-60859,-6.8372,126.1466,738.8
NORAD-60860,-69.5426,-7.3663,868.9
NORAD-60861,-38.8710,161.4298,476.5
NORAD-60863,41.4359,-15.9713,795.4
NORAD-60864,64.0784,-160.9072,780.5
NORAD-60865,-43.5035,-19.0050,697.4
NORAD-60866,-60.9450,-22.4719,644.8
NORAD-60870,71.1516,-38.2851,830.2
NORAD-60871,-60.4492,164.5560,770.9
NORAD-60872,25.3413,-22.6927,805.1
NORAD-60873,21.3889,175.6851,880.3
NORAD-60874,19.2132,151.3410,792.6
NORAD-60875,12.9672,144.3070,354.5
NORAD-60876,-42.1137,-10.9506,839.8
NORAD-60877,52.9895,-6.4919,994.9
NORAD-60878,-84.6766,152.3888,574.7
NORAD-60879,-29.9204,167.5900,881.6
NORAD-60880,-36.7849,-9.8181,618.8
NORAD-60881,0.2294,165.0475,833.0
NORAD-60882,-4.2252,168.5275,1047.8
NORAD-60883,-87.0137,-15.8678,705.2
NORAD-60884,58.2073,174.6137,953.5
NORAD-60885,-78.8705,156.1380,790.9
NORAD-60886,0.5913,-13.2252,810.5
NORAD-60889,24.7579,165.7356,831.1
NORAD-60890,-1.3729,160.0176,719.5
NORAD-60891,84.1656,-160.4171,845.2
NORAD-60892,-57.1136,-3.1367,868.0
NORAD-60894,-4.6631,-9.4534,801.3
NORAD-60895,27.5877,13.8680,787.4
NORAD-60896,50.4066,-71.7988,801.3
NORAD-60897,19.2761,164.0660,760.1
NORAD-60898,-57.8982,129.5485,783.9
NORAD-60899,71.2654,3.8348,826.2
NORAD-60900,25.2001,-22.8506,807.9
NORAD-60901,61.1195,160.8905,698.8
NORAD-60902,-48.2735,162.5895,734.8
NORAD-60903,-12.6812,167.7116,369.5
NORAD-60904,9.4645,-175.4553,366.3
NORAD-60905,47.3857,-127.4272,360.1
NORAD-60906,52.8861,-84.3037,358.9
NORAD-60907,42.5096,-45.5373,361.1
NORAD-60908,23.4249,-21.1371,363.9
NORAD-60909,30.2829,-155.9938,362.8
NORAD-60910,1.6695,-3.4932,367.8
NORAD-60911,-20.2923,13.7961,370.5
NORAD-60912,-39.9579,36.5597,372.0
NORAD-60913,-52.2242,72.9262,372.2
NORAD-60915,-33.4541,147.7782,371.3
NORAD-60916,-52.6586,-76.7410,483.6
NORAD-60917,-42.6407,-41.1370,483.2
NORAD-60918,-43.2801,-41.6779,487.5
NORAD-60919,-48.4122,-119.7227,487.9
NORAD-60920,-46.5846,-49.1600,487.7
NORAD-60921,-25.1604,-18.1483,481.8
NORAD-60922,30.7051,29.4745,478.0
NORAD-60923,-10.1634,-4.5852,484.7
NORAD-60924,-23.7415,8.7755,370.5
NORAD-60925,39.7260,66.3959,361.2
NORAD-60926,49.3041,147.0713,359.6
NORAD-60927,52.1656,102.6907,359.0
NORAD-60928,33.4433,178.0038,362.3
NORAD-60929,12.6163,-162.0302,365.7
NORAD-60930,-9.5335,-145.1934,369.0
NORAD-60931,-30.7210,-126.0253,371.0
NORAD-60932,-47.5624,-97.4586,372.3
NORAD-60933,-52.8561,-54.3895,372.6
NORAD-60934,-42.3356,-15.7400,371.8
NORAD-60935,-1.9627,26.4925,368.0
NORAD-60936,20.0185,43.7629,364.5
NORAD-60937,46.9212,-24.8672,463.0
NORAD-60938,-53.1096,65.3051,293.2
NORAD-60939,51.3299,-41.7725,462.3
NORAD-60940,-20.0877,-167.9166,473.4
NORAD-60941,-52.8460,109.7650,475.3
NORAD-60942,51.8521,-79.5602,462.1
NORAD-60943,47.6966,-96.7289,461.8
NORAD-60944,-2.9228,30.4819,471.1
NORAD-60945,1.1172,-53.6876,417.2
NORAD-60946,-7.3731,-16.5796,504.1
NORAD-60947,6.9645,4.2431,503.6
NORAD-60948,-15.0376,-28.5772,503.2
NORAD-60949,-24.9851,-47.5280,507.3
NORAD-60950,2.5439,-2.4215,502.6
NORAD-60960,20.2166,171.9633,832.2
NORAD-60961,2.1835,-14.9039,789.9
NORAD-60962,-37.4438,166.1708,856.9
NORAD-60963,18.0172,-17.4559,680.3
NORAD-60964,22.7436,-12.4020,796.3
NORAD-60965,-14.0476,-29.2943,635.0
NORAD-60966,54.4356,153.7538,787.6
NORAD-60967,18.9351,152.9261,951.8
NORAD-60968,-7.4261,-13.7824,816.8
NORAD-60969,1.9335,-13.9227,806.8
NORAD-60970,-39.8954,164.7169,886.7
NORAD-60971,81.7266,-21.8648,691.7
NORAD-60972,-30.9273,-14.7457,808.6
NORAD-60974,11.9777,140.5431,750.9
NORAD-60975,-23.7542,-22.0027,622.2
NORAD-60976,-6.1637,-22.7299,671.1
NORAD-60979,5.6089,161.3057,650.4
NORAD-60980,-14.0437,-21.1460,763.9
NORAD-60981,87.8830,-172.3322,832.8
NORAD-60982,80.4748,-169.3921,759.3
NORAD-60983,61.1034,-37.9125,781.3
NORAD-60984,-88.9301,71.1096,745.7
NORAD-60986,-38.2477,18.1748,801.1
NORAD-60987,84.8067,-25.9226,810.1
NORAD-60988,-4.6751,-5.1144,833.2
NORAD-60989,14.3020,-27.2269,796.8
NORAD-60991,-23.4130,-51.4749,369.8
NORAD-60992,-47.4612,-157.5614,372.1
NORAD-60993,39.6451,6.4417,361.2
NORAD-60994,52.0822,42.2407,359.4
NORAD-60995,49.4107,86.8662,359.8
NORAD-60996,33.6975,117.8688,362.3
NORAD-60997,20.9478,108.8410,364.5
NORAD-60998,12.8759,137.9415,366.0
NORAD-60999,-9.4305,154.9057,368.3
NORAD-61000,-30.4687,173.8679,371.5
NORAD-61001,-52.8917,-114.7572,372.5
NORAD-61002,-42.5012,-75.8771,371.9
NORAD-61003,27.5171,166.7507,466.4
NORAD-61004,0.3215,144.0744,470.3
NORAD-61005,35.7813,176.4530,464.8
NORAD-61006,-48.4336,86.2516,475.4
NORAD-61007,-30.7563,101.4124,474.3
NORAD-61008,9.6086,151.0289,469.1
NORAD-61010,-26.8576,121.5826,474.1
NORAD-61011,20.0756,66.5848,622.0
NORAD-61012,-9.6477,92.8901,621.8
NORAD-61013,47.2491,-31.2854,617.7
NORAD-61014,-46.2089,56.7285,630.8
NORAD-61015,42.6685,33.9890,608.1
NORAD-61016,-33.5206,-129.0775,638.3
NORAD-61017,-4.2791,-99.2858,625.1
NORAD-61018,-49.7667,-178.3969,637.8
NORAD-61019,-38.4679,125.9162,633.6
NORAD-61020,25.0800,-72.2603,621.7
NORAD-61045,-41.7818,89.0074,518.2
NORAD-61046,26.7983,153.7593,510.3
NORAD-61047,32.3431,159.6256,508.4
NORAD-61048,38.1316,-85.2192,501.0
NORAD-61049,-35.3933,-16.6548,510.4
NORAD-61050,9.0093,4.5335,365.9
NORAD-61051,30.5027,23.8602,362.5
NORAD-61053,52.8542,95.7538,359.2
NORAD-61054,42.2673,134.5156,360.8
NORAD-61055,23.1455,158.7263,363.9
NORAD-61056,-29.7336,-157.3684,373.4
NORAD-61057,-20.1219,-166.0167,370.2
NORAD-61058,-39.8648,-143.2541,371.6
NORAD-61059,-52.1565,-107.2626,372.3
NORAD-61060,-49.3317,-62.8992,371.9
NORAD-61061,-33.3611,-31.7724,371.0
NORAD-61062,-12.8628,-12.1047,369.2
NORAD-61063,51.8386,-82.9004,470.1
NORAD-61064,50.5637,-124.5467,470.1
NORAD-61065,46.2650,-61.2417,475.2
NORAD-61066,42.2254,-146.6609,475.8
NORAD-61068,18.4110,-175.7240,475.8
NORAD-61069,37.1514,-155.6078,472.5
NORAD-61070,52.3979,-86.3930,474.2
NORAD-61071,-50.8750,-163.4838,486.3
NORAD-61072,30.6067,47.5035,572.6
NORAD-61074,12.8489,160.1159,793.4
NORAD-61075,-52.2764,-13.7349,629.9
NORAD-61076,85.9163,-27.1619,794.3
NORAD-61077,-85.9390,107.1545,731.8
NORAD-61078,55.3453,166.4215,784.2
NORAD-61079,-71.0973,-25.0741,820.6
NORAD-61080,67.0562,1.8431,746.5
NORAD-61081,77.6910,163.1061,703.2
NORAD-61082,24.1593,-14.3859,842.5
NORAD-61083,-50.0718,151.9161,705.6
NORAD-61084,-50.2125,164.5293,906.5
NORAD-61085,13.5158,177.1603,858.8
NORAD-61086,3.9837,-20.0938,574.3
NORAD-61087,-14.2506,153.2951,772.9
NORAD-61088,-3.2449,-16.1009,813.9
NORAD-61089,0.1876,171.1156,893.2
NORAD-61090,-7.4874,138.3254,760.7
NORAD-61092,23.9959,151.7551,428.3
NORAD-61094,-24.5085,-12.9327,833.0
NORAD-61095,-47.3468,163.5417,850.4
NORAD-61096,-63.7666,163.6272,708.3
NORAD-61097,46.7412,163.8546,789.1
NORAD-61098,-86.1051,156.4277,825.0
NORAD-61099,-80.4574,159.4452,835.3
NORAD-61100,11.5530,164.2386,789.0
NORAD-61101,-10.7520,166.6449,884.6
NORAD-61102,-65.7241,130.6795,678.1
NORAD-61103,-57.8650,159.0715,764.0
NORAD-61104,-85.1979,153.6204,875.1
NORAD-61105,-14.6041,164.9737,856.0
NORAD-61107,-8.4093,4.0284,800.6
NORAD-61108,3.2057,164.2091,816.0
NORAD-61109,15.7562,-8.4297,799.3
NORAD-61110,89.0359,-93.8526,901.9
NORAD-61111,79.6398,161.0745,790.5
NORAD-61112,56.3237,165.5138,734.0
NORAD-61113,13.2505,124.6672,837.0
NORAD-61114,45.2937,161.5429,756.4
NORAD-61115,85.9246,-172.8005,800.0
NORAD-61117,30.0093,164.6867,631.4
NORAD-61119,2.4713,161.7648,609.4
NORAD-61120,-84.8616,154.3927,877.7
NORAD-61121,-10.7585,-21.6567,784.4
NORAD-61122,-69.2157,160.1070,706.5
NORAD-61123,-41.3846,164.5949,881.3
NORAD-61124,-24.9350,-21.2981,616.4
NORAD-61125,7.4796,154.3707,899.3
NORAD-61126,84.1768,177.9145,485.8
NORAD-61127,-67.5622,-12.2064,676.4
NORAD-61128,78.1604,-11.2972,679.5
NORAD-61129,-79.2320,-12.1414,697.8
NORAD-61130,3.8375,133.2468,756.8
NORAD-61131,50.9279,-179.4882,724.2
NORAD-61132,82.4626,-26.3160,775.0
NORAD-61133,13.7298,156.9149,767.6
NORAD-61134,66.1312,-16.6884,849.8
NORAD-61135,58.7982,-25.0900,907.4
NORAD-61136,2.4000,174.5121,885.1
NORAD-61137,-44.7710,-12.2638,796.6
NORAD-61138,-42.4711,164.0514,902.9
NORAD-61139,-27.3640,-15.5057,806.9
NORAD-61141,-4.6104,119.1607,702.8
NORAD-61142,37.7698,147.8555,787.6
NORAD-61143,15.4451,-7.9623,653.9
NORAD-61144,38.4724,158.7308,793.9
NORAD-61145,-50.7445,-24.6970,613.1
NORAD-61146,20.2186,176.4379,870.0
NORAD-61147,40.6635,164.7013,906.8
NORAD-61149,2.7686,-19.7635,787.9
NORAD-61150,-28.0344,-26.7606,630.5
NORAD-61151,51.2038,174.5751,591.8
NORAD-61152,30.5006,-16.3104,686.4
NORAD-61153,-31.9264,-13.9440,816.0
NORAD-61154,5.3461,3.2539,604.9
NORAD-61155,-10.1802,-55.7473,867.3
NORAD-61157,87.1027,175.0082,769.9
NORAD-61158,-61.6907,121.1530,841.8
NORAD-61159,49.9848,-21.9481,765.9
NORAD-61160,1.9350,-16.7486,775.5
NORAD-61161,-75.7787,140.8195,653.4
NORAD-61163,-65.1469,-52.0051,483.3
NORAD-61164,88.7691,-84.6802,759.2
NORAD-61166,-78.1278,-18.5731,647.3
NORAD-61167,-12.7546,159.8552,745.8
NORAD-61168,-13.4198,-97.2716,532.4
NORAD-61169,15.1725,99.5242,731.4
NORAD-61170,37.2648,-35.3390,780.4
NORAD-61171,52.9299,162.6441,762.1
NORAD-61174,61.9737,-19.6721,818.1
NORAD-61175,-12.5285,174.3649,976.3
NORAD-61176,81.3253,173.2501,768.5
NORAD-61178,13.6651,161.2533,840.3
NORAD-61180,-66.2899,-17.8954,359.1
NORAD-61182,14.9823,124.1329,23243.4
NORAD-61183,50.6128,-124.5806,23228.1
NORAD-61184,-40.6257,76.2713,22977.6
NORAD-61185,5.4724,-160.4071,22048.1
NORAD-61186,14.0866,-155.4994,21532.3
NORAD-61187,22.1094,-2.6968,21533.5
NORAD-61189,79.5241,31.1875,538.3
NORAD-61190,-29.3266,-19.6013,554.7
NORAD-61191,20.6091,-12.0297,547.0
NORAD-61192,-30.0754,169.0481,557.3
NORAD-61193,37.9590,159.4836,551.7
NORAD-61194,-82.2237,-118.2680,543.4
NORAD-61195,-14.9362,156.4790,907.3
NORAD-61196,41.4850,78.4094,900.1
NORAD-61197,12.0614,-26.0331,910.7
NORAD-61198,-39.3881,-93.9903,916.6
NORAD-61200,-51.6286,151.6305,372.2
NORAD-61201,-38.2941,-173.4889,371.6
NORAD-61202,-18.2773,-151.5843,370.2
NORAD-61203,3.6045,-134.5962,367.4
NORAD-61204,25.4062,-116.4976,363.6
NORAD-61205,53.0941,-50.8013,359.0
NORAD-61206,46.1138,-8.7469,360.3
NORAD-61207,43.9568,-91.1214,360.3
NORAD-61208,28.4297,18.4662,363.3
NORAD-61209,6.9727,37.0925,366.7
NORAD-61210,-14.7068,54.3830,369.5
NORAD-61211,-35.2707,75.0032,371.5
NORAD-61212,-50.2191,107.1507,372.3
NORAD-61213,19.6560,55.3250,467.7
NORAD-61214,-25.9680,18.4886,473.8
NORAD-61215,12.6101,-149.4294,468.7
NORAD-61216,-49.2419,-78.0839,483.3
NORAD-61217,-42.3923,-1.8158,483.1
NORAD-61218,-52.5942,-37.1962,483.6
NORAD-61219,-24.8217,21.0265,481.9
NORAD-61220,74.8696,17.2755,651.6
NORAD-61221,40.9152,-7.2085,656.0
NORAD-61222,-48.6299,-23.5051,668.7
NORAD-61223,-41.8413,173.1066,667.9
NORAD-61224,48.5511,156.6435,654.6
NORAD-61226,-1.5396,-172.8324,564.9
NORAD-61227,-23.3131,-18.4584,352.1
NORAD-61229,29.1230,154.8103,417.7
NORAD-61230,-7.0190,156.0157,491.5
NORAD-61231,56.4959,136.5504,509.1
NORAD-61232,23.9668,170.6113,328.4
NORAD-61238,-25.9745,-100.0961,521.4
NORAD-61239,35.6596,-95.5997,540.0
NORAD-61240,-24.4069,-99.6666,521.2
NORAD-61241,-72.3827,-116.8311,490.3
NORAD-61242,-63.9292,102.4577,502.0
NORAD-61243,-51.5785,31.7479,372.2
NORAD-61244,-38.2070,66.4813,371.4
NORAD-61245,3.8202,105.4148,366.9
NORAD-61246,-18.1492,88.3643,369.8
NORAD-61247,25.4419,123.3764,363.7
NORAD-61248,43.9973,148.8073,360.5
NORAD-61249,53.0928,-170.8827,358.8
NORAD-61251,28.7192,-101.2717,362.9
NORAD-61252,7.4651,-82.7092,366.4
NORAD-61253,-14.8021,-65.7012,369.9
NORAD-61254,-35.3263,-45.0862,371.7
NORAD-61255,-50.2804,-12.7560,372.0
NORAD-61256,-0.8735,92.8104,471.0
NORAD-61257,-28.0281,115.6108,474.0
NORAD-61258,-50.4012,-153.0479,475.3
NORAD-61259,5.5054,-84.0636,470.0
NORAD-61260,48.2154,35.2651,462.7
NORAD-61261,26.4493,70.3253,466.3
NORAD-61262,-3.8701,-91.0912,471.0
NORAD-61264,-30.9162,-13.7690,826.2
NORAD-61265,31.6975,157.4624,741.1
NORAD-61266,80.4762,-63.5449,643.3
NORAD-61267,3.4303,177.4823,855.9
NORAD-61268,9.1001,-13.2537,792.9
NORAD-61269,-11.9343,168.7442,797.3
NORAD-61270,-30.3102,153.4554,938.4
NORAD-61272,-34.9009,165.0060,878.6
NORAD-61273,-45.2429,-24.1830,816.8
NORAD-61274,-58.0181,153.0591,907.4
NORAD-61275,35.7275,165.2219,945.7
NORAD-61276,36.2032,-15.6620,786.9
NORAD-61277,34.2292,-66.4258,803.4
NORAD-61278,-14.4861,-14.3061,808.2
NORAD-61279,-61.3813,17.1426,854.9
NORAD-61280,73.1526,169.2061,928.7
NORAD-61281,8.1656,-13.8526,787.4
NORAD-61286,-52.4854,154.6608,915.3
NORAD-61287,22.9221,165.1823,732.8
NORAD-61288,-60.9148,-12.8452,783.2
NORAD-61290,31.9839,-16.0614,797.9
NORAD-61291,-15.6552,-11.7041,789.0
NORAD-61292,79.2079,169.6836,769.2
NORAD-61293,61.9415,166.0232,739.4
NORAD-61294,-31.2531,-25.1149,721.1
NORAD-61295,53.1251,-14.7956,791.6
NORAD-61296,-4.4654,-8.2726,822.2
NORAD-61297,-70.1528,166.4731,876.1
NORAD-61299,61.7427,-18.3081,777.0
NORAD-61300,-87.3223,142.3818,650.4
NORAD-61302,75.4768,156.3918,728.7
NORAD-61303,2.2442,9.3318,830.1
NORAD-61304,73.2436,-178.5721,747.8
NORAD-61305,-80.8938,-14.7627,683.1
NORAD-61306,54.0138,90.8600,751.2
NORAD-61307,-62.8370,140.3707,757.0
NORAD-61308,-42.0609,150.1798,756.2
NORAD-61309,-77.2849,157.8988,823.4
NORAD-61311,75.6856,-14.7662,535.4
NORAD-61312,18.5309,174.2350,855.6
NORAD-61313,-50.1507,-37.3583,657.9
NORAD-61314,-1.9790,-25.4810,626.4
NORAD-61315,-35.9447,154.2575,698.6
NORAD-61316,-44.7781,-11.3041,735.8
NORAD-61317,-43.8602,-33.7239,817.3
NORAD-61318,52.2968,176.2034,818.6
NORAD-61319,-7.0673,-14.2567,746.4
NORAD-61320,-42.8745,163.5495,829.9
NORAD-61322,-81.5590,-22.4538,643.5
NORAD-61323,22.1430,-33.1656,655.6
NORAD-61325,-86.3619,136.8671,757.1
NORAD-61326,17.6706,176.4497,751.8
NORAD-61327,-61.4614,-21.0323,451.0
NORAD-61329,-81.7141,-40.3453,836.3
NORAD-61330,0.2162,149.0246,779.2
NORAD-61331,-84.2180,0.9300,672.7
NORAD-61333,3.9980,-13.4767,808.8
NORAD-61334,77.8160,-18.5173,797.6
NORAD-61336,13.7286,-24.9439,791.3
NORAD-61338,46.9075,166.6705,866.3
NORAD-61339,52.4824,160.5536,790.9
NORAD-61340,87.2655,-178.0379,553.0
NORAD-61345,59.1847,134.1682,759.0
NORAD-61346,67.5840,157.9092,589.8
NORAD-61347,-45.9682,38.1591,737.2
NORAD-61349,34.1208,166.1685,762.7
NORAD-61350,8.8855,174.4645,860.0
NORAD-61351,-13.9280,166.4672,742.1
NORAD-61352,3.6855,-15.7332,803.4
NORAD-61354,85.5474,-31.0918,692.7
NORAD-61355,5.5065,159.8614,778.2
NORAD-61356,1.8132,162.2162,836.5
NORAD-61357,-21.0081,-40.3500,876.1
NORAD-61358,-82.0835,-16.9277,698.6
NORAD-61359,-88.2546,136.6298,850.4
NORAD-61360,68.3873,169.2991,814.5
NORAD-61361,44.9108,165.2905,794.7
NORAD-61362,8.8760,175.9355,899.2
NORAD-61363,-69.9062,-7.2218,846.1
NORAD-61365,-21.9154,169.2480,766.5
NORAD-61366,-49.5326,-23.8707,819.6
NORAD-61367,-87.0013,122.0043,847.7
NORAD-61368,-22.8703,-25.5916,795.6
NORAD-61369,44.5873,-16.9370,798.5
NORAD-61370,-18.0963,170.1703,842.8
NORAD-61371,-39.9018,-61.9301,800.8
NORAD-61372,74.7340,168.7335,800.7
NORAD-61373,-8.3417,140.5021,784.7
NORAD-61376,85.3097,-26.3733,809.4
NORAD-61380,64.2490,-9.6437,754.6
NORAD-61381,-78.9762,-10.6616,858.3
NORAD-61382,-0.1966,-22.9798,712.3
NORAD-61383,34.3688,166.8643,915.0
NORAD-61385,-13.5941,-35.3860,550.9
NORAD-61386,-85.3462,-19.6394,741.5
NORAD-61387,-81.8177,158.6173,852.3
NORAD-61388,-86.1814,130.7033,699.4
NORAD-61389,82.6703,-19.0870,789.5
NORAD-61390,43.8398,139.4008,776.7
NORAD-61393,4.5457,166.0168,914.4
NORAD-61395,48.0903,163.9677,825.7
NORAD-61396,-30.4212,164.3208,754.7
NORAD-61398,80.9345,170.9948,869.1
NORAD-61399,-42.5953,162.3412,952.1
NORAD-61401,-16.4710,164.8467,853.4
NORAD-61402,-56.8519,-141.1123,401.3
NORAD-61403,23.0068,-19.8245,787.8
NORAD-61404,-17.7942,168.6745,768.2
NORAD-61405,19.9750,152.3589,751.5
NORAD-61406,-80.3604,-6.4685,835.5
NORAD-61408,-42.5395,164.7206,799.0
NORAD-61409,74.8296,-22.4586,552.9
NORAD-61410,36.1906,166.0862,833.8
NORAD-61414,9.3781,-20.3351,672.3
NORAD-61415,-86.2274,150.6328,842.3
NORAD-61416,-32.2959,150.8539,755.9
NORAD-61417,-48.4460,153.1832,608.3
NORAD-61418,59.9355,-18.7950,794.7
NORAD-61419,44.2527,-24.3561,565.4
NORAD-61420,29.2658,-18.3489,753.7
NORAD-61421,-47.6826,-1.3876,827.6
NORAD-61422,4.2142,149.1767,946.6
NORAD-61423,-59.2349,144.4729,669.2
NORAD-61424,86.7728,-179.5745,776.8
NORAD-61425,7.1209,166.4298,873.4
NORAD-61426,-71.0405,166.3786,718.5
NORAD-61428,80.3530,-167.7655,824.8
NORAD-61429,-19.7938,-19.7030,833.2
NORAD-61430,-72.9564,167.2421,906.4
NORAD-61431,40.6244,-10.3876,552.9
NORAD-61432,-63.0791,163.0950,696.2
NORAD-61434,30.5583,162.1183,486.4
NORAD-61435,63.5839,-32.3109,654.5
NORAD-61436,33.7056,161.4547,838.7
NORAD-61446,31.1693,-19.1236,2112.9
NORAD-61450,-5.9647,-5.7632,748.7
NORAD-61451,-42.1638,162.9415,740.2
NORAD-61452,-13.7388,153.1196,784.7
NORAD-61453,-26.0130,-16.2563,614.5
NORAD-61454,-80.5532,-39.5115,812.3
NORAD-61455,5.8793,88.9933,636.5
NORAD-61456,-27.2464,169.5942,753.0
NORAD-61458,-4.0548,-27.8463,641.2
NORAD-61459,-15.6987,116.1742,771.2
NORAD-61461,-6.9794,-6.7674,785.2
NORAD-61462,-13.2629,-5.5747,751.4
NORAD-61463,-55.0015,164.7267,870.6
NORAD-61466,-74.4392,160.5285,713.2
NORAD-61467,-0.8207,-29.2567,693.1
NORAD-61469,71.6950,68.7500,550.9
NORAD-61471,14.5475,159.6120,919.2
NORAD-61472,-35.8568,-5.7176,879.0
NORAD-61474,48.3309,-34.7870,797.7
NORAD-61475,50.5209,-50.5999,1056.7
NORAD-61476,31.5536,166.4476,943.7
NORAD-61477,-57.3812,-14.9226,652.8
NORAD-61479,-84.7129,162.1442,958.9
NORAD-61480,-89.3144,118.0193,435.3
NORAD-61481,19.4116,-24.1245,818.5
NORAD-61482,58.5152,-15.6617,675.3
NORAD-61483,-16.5497,135.1840,786.3
NORAD-61485,27.8017,151.5114,1015.9
NORAD-61486,-47.3594,175.4638,511.4
NORAD-61487,78.3087,170.2890,787.4
NORAD-61488,62.7003,-48.7489,797.4
NORAD-61489,-2.6867,-1.0701,634.2
NORAD-61490,-83.2096,156.1570,842.1
NORAD-61491,-80.4590,-36.2066,781.3
NORAD-61492,-76.4819,-15.5834,639.8
NORAD-61493,13.3098,166.0840,833.7
NORAD-61494,19.2696,156.1019,941.9
NORAD-61497,-34.4020,-19.0571,611.0
NORAD-61500,-64.3111,-13.4060,846.8
NORAD-61503,0.0284,-77.1432,35790.3
NORAD-61509,32.7364,-1.0329,465.3
NORAD-61510,-35.2857,-171.1020,482.6
NORAD-61511,42.1016,-96.6276,471.8
NORAD-61512,53.1330,-60.6393,462.0
NORAD-61513,-49.2700,161.1586,487.6
NORAD-61514,-1.2100,-139.3687,483.5
NORAD-61515,-42.0771,83.6849,483.0
NORAD-61516,4.2508,-135.9855,478.2
NORAD-61517,-42.9847,86.0558,475.2
NORAD-61518,24.4671,-119.2858,474.6
NORAD-61519,-10.5208,42.0389,434.3
NORAD-61520,-49.4515,159.7721,483.2
NORAD-61521,49.0402,-18.4141,474.9
NORAD-61522,-1.4420,-140.2600,474.5
NORAD-61523,-40.2706,-177.7827,487.1
NORAD-61524,52.5466,-61.1998,469.9
NORAD-61525,-16.0701,-151.6122,480.8
NORAD-61526,-14.3945,52.9451,475.4
NORAD-61527,-26.0738,63.3403,486.4
NORAD-61528,-52.4431,118.8845,483.4
NORAD-61529,15.4356,-129.3772,480.8
NORAD-61530,-24.4395,61.0537,481.8
NORAD-61531,50.3215,-81.0724,422.5
NORAD-61532,-51.6056,-148.3488,372.4
NORAD-61533,-18.1787,-91.6001,370.0
NORAD-61534,-38.2846,-113.5744,371.6
NORAD-61535,25.4575,-56.5467,363.4
NORAD-61536,3.8657,-74.4997,367.0
NORAD-61538,53.0860,8.8806,359.4
NORAD-61539,46.0895,51.2353,360.3
NORAD-61540,28.3369,78.4628,363.2
NORAD-61541,7.3770,97.4187,366.4
NORAD-61542,-14.7345,114.3057,369.4
NORAD-61543,-35.2491,134.8711,371.4
NORAD-61544,-50.2651,167.2349,372.0
NORAD-61545,-6.4964,-82.8241,471.8
NORAD-61546,-17.6055,78.2241,471.5
NORAD-61547,44.6731,-135.4219,463.3
NORAD-61548,-47.5015,37.1674,475.1
NORAD-61549,26.8585,-109.2406,478.9
NORAD-61550,-51.5072,-17.3338,475.5
NORAD-61551,2.0789,93.4976,470.4
NORAD-61552,50.7910,126.0583,847.3
NORAD-61553,-32.0167,-52.8064,877.0
NORAD-61554,-59.6492,-55.9200,835.9
NORAD-61555,-15.1614,-50.6501,955.3
NORAD-61556,-87.2443,-74.6641,855.6
NORAD-61557,82.5578,-46.0627,808.7
NORAD-61558,2.7581,127.7918,886.1
NORAD-61559,20.5798,130.0756,974.8
NORAD-61560,55.3923,124.2993,804.5
NORAD-61561,64.8573,-52.0406,795.4
NORAD-61562,-10.8904,133.1376,1072.8
NORAD-61563,-70.1471,-50.2820,1090.3
NORAD-61564,64.1119,129.9199,1038.8
NORAD-61565,-81.9003,139.8945,1081.8
NORAD-61566,28.6725,-50.6435,905.2
NORAD-61567,61.9477,-49.9861,880.3
NORAD-61568,13.8368,125.4313,810.1
NORAD-61569,-71.2375,135.5157,1066.3
NORAD-61570,58.7806,-52.5911,712.6
NORAD-61571,-57.3740,-108.6002,640.8
NORAD-61572,70.9648,-50.1303,510.8
NORAD-61574,43.9364,28.9483,360.4
NORAD-61575,53.0864,69.1083,359.0
NORAD-61576,46.1298,111.3286,360.1
NORAD-61577,28.5431,138.4558,364.3
NORAD-61578,7.2959,156.9586,369.2
NORAD-61579,-14.8393,173.8671,369.8
NORAD-61580,-35.4862,-165.3367,371.7
NORAD-61581,-50.1369,-133.0838,372.2
NORAD-61582,-51.7002,-88.7120,372.5
NORAD-61583,-38.3751,-53.5030,371.6
NORAD-61584,-18.3559,-31.5436,370.0
NORAD-61585,4.2620,-13.9951,365.7
NORAD-61586,25.3435,3.5433,363.6
NORAD-61587,-6.4636,137.2236,472.8
NORAD-61588,-47.4812,17.1600,475.2
NORAD-61589,46.5206,179.9880,463.1
NORAD-61590,2.0759,-39.1177,470.5
NORAD-61591,-50.4429,62.8419,475.3
NORAD-61592,-3.8781,124.9641,471.8
NORAD-61593,-48.8771,19.3351,475.6
NORAD-61594,53.2676,87.6912,1219.1
NORAD-61595,59.4992,71.7626,1193.9
NORAD-61596,-15.7310,-105.2772,1205.0
NORAD-61597,-33.5465,-90.9150,1231.8
NORAD-61598,-81.2371,-103.3490,1233.2
NORAD-61599,-57.4777,-92.9076,1233.0
NORAD-61600,-26.6763,91.5802,1230.9
NORAD-61601,-71.5713,-110.9528,1209.0
NORAD-61602,-41.5505,-91.3649,1232.6
NORAD-61603,13.2760,90.0011,1225.0
NORAD-61604,-87.8200,-165.3263,1233.4
NORAD-61605,26.1554,104.6560,1226.9
NORAD-61606,34.1745,104.1703,1225.5
NORAD-61607,65.4886,-69.6478,1221.3
NORAD-61608,54.4208,-86.6233,1218.4
NORAD-61609,58.1847,102.2683,1221.4
NORAD-61610,82.0712,90.2891,1219.4
NORAD-61611,10.2154,105.3151,1229.9
NORAD-61612,42.1772,103.7711,1224.1
NORAD-61613,49.4720,-71.8095,1222.8
NORAD-61614,35.5353,90.3306,567.3
NORAD-61615,37.0640,89.9207,567.2
NORAD-61616,36.2780,90.1960,567.1
NORAD-61617,-0.0526,-6.2967,503.9
NORAD-61618,-3.8673,-11.8756,506.1
NORAD-61619,-20.1178,-37.4331,508.1
NORAD-61621,-42.9732,26.9490,492.8
NORAD-61622,-21.4991,-36.6300,492.0
NORAD-61623,23.3431,-85.5883,487.3
NORAD-61624,20.7753,-85.5042,487.3
NORAD-61625,-41.1645,8.0337,492.7
NORAD-61626,42.2847,-160.4449,484.1
NORAD-61627,6.6556,118.2553,489.1
NORAD-61628,38.7036,-120.6673,485.4
NORAD-61629,6.7368,-68.8145,489.2
NORAD-61630,40.1332,-176.5350,484.9
NORAD-61631,34.7920,-106.1660,485.3
NORAD-61632,24.9325,152.1764,486.7
NORAD-61633,41.8253,-131.7044,484.5
NORAD-61634,16.0299,140.2418,488.1
NORAD-61635,-39.7715,54.9020,492.7
NORAD-61636,1.9357,124.4122,489.7
NORAD-61637,42.9456,-148.3347,484.2
NORAD-61638,-12.4153,108.7228,490.9
NORAD-61639,29.0628,-98.0574,486.1
NORAD-61640,-30.7139,78.5164,492.2
NORAD-61641,-33.3456,-16.7587,492.4
NORAD-61642,-16.7426,84.3813,388.4
NORAD-61643,-7.6921,-53.2527,490.9
NORAD-61661,34.8721,-158.1912,477.6
NORAD-61662,51.6608,-119.0278,469.7
NORAD-61663,47.5458,-66.9839,462.5
NORAD-61664,-2.0915,168.1295,479.0
NORAD-61665,-19.1334,155.3683,485.8
NORAD-61666,-40.1850,130.5109,482.8
NORAD-61667,30.7876,-163.1458,478.1
NORAD-61668,52.9927,-105.6789,474.2
NORAD-61669,-52.9233,84.9039,476.2
NORAD-61670,-18.4570,4.4902,481.2
NORAD-61671,-8.9214,-3.2186,484.6
NORAD-61672,-50.5365,55.4972,483.4
NORAD-61673,21.3592,-173.3145,475.2
NORAD-61674,39.5800,-152.1130,472.7
NORAD-61675,37.6031,-45.8363,472.2
NORAD-61676,24.4800,-171.8304,466.7
NORAD-61677,-29.0934,12.5026,473.7
NORAD-61678,-49.7134,49.9557,475.2
NORAD-61679,-23.6064,151.3283,486.2
NORAD-61680,-22.1289,151.9901,481.8
NORAD-61681,-10.0933,162.7500,484.8
NORAD-61682,-52.1427,95.1459,484.8
NORAD-61687,14.5268,84.2321,365.5
NORAD-61688,35.1655,104.8564,361.7
NORAD-61689,50.2169,137.1249,359.2
NORAD-61690,51.6085,-178.2668,359.1
NORAD-61691,18.0955,-121.4409,365.0
NORAD-61692,38.2120,-143.3753,361.5
NORAD-61693,-3.9269,-104.3634,368.4
NORAD-61694,-25.5543,-86.3642,370.8
NORAD-61695,-44.0358,-60.9672,372.1
NORAD-61696,-53.0933,-20.7486,372.1
NORAD-61697,-46.1181,21.2321,372.0
NORAD-61699,-7.0945,66.9896,368.8
NORAD-61700,-52.0179,160.7715,488.1
NORAD-61701,-50.9196,165.0244,475.2
NORAD-61702,-23.2394,-146.4611,473.7
NORAD-61704,48.7003,-6.5376,463.1
NORAD-61705,8.3503,48.4407,481.7
NORAD-61706,52.3161,-23.9956,462.3
NORAD-61707,41.4700,-41.7165,463.6
NORAD-61708,47.6886,-55.6401,462.8
NORAD-61709,-39.1227,37.8382,487.3
NORAD-61710,-44.9587,131.6777,475.3
NORAD-61711,25.3689,-21.0941,466.5
NORAD-61712,-10.6862,8.4834,472.1
NORAD-61713,51.3714,-110.3839,462.0
NORAD-61714,33.8830,-30.4756,465.2
NORAD-61715,-38.1310,144.0678,474.9
NORAD-61716,6.1942,-175.3271,470.1
NORAD-61717,-52.9013,97.7249,476.0
NORAD-61718,-0.2809,165.5764,470.7
NORAD-61719,-52.6024,78.9123,475.4
NORAD-61720,32.8831,-151.0675,465.4
NORAD-61721,-48.5284,58.2494,487.4
NORAD-61722,-21.4391,162.9543,473.4
NORAD-61723,45.5848,-86.1925,463.0
NORAD-61724,53.1327,-91.6030,461.9
NORAD-61725,-36.7933,34.3819,475.1
NORAD-61726,17.1139,-12.9296,470.3
NORAD-61727,40.5758,-140.1461,463.8
NORAD-61728,-12.3514,170.5953,472.3
NORAD-61729,15.3984,-168.1046,468.2
NORAD-61730,37.3264,-174.0575,495.5
NORAD-61733,-0.0333,144.0762,35796.3
NORAD-61735,-27.8644,-46.3342,829.7
NORAD-61736,23.0843,132.6733,822.8
NORAD-61737,-26.4066,-81.9615,583.8
NORAD-61738,58.5204,-97.7086,571.1
NORAD-61739,-73.4427,-61.5797,596.7
NORAD-61740,10.3899,94.3859,595.9
NORAD-61741,-79.7534,47.7290,596.9
NORAD-61742,-57.8675,81.2495,600.3
NORAD-61743,44.7291,101.8995,577.7
NORAD-61744,12.4753,-50.1639,421.7
NORAD-61745,54.0551,-55.9884,382.3
NORAD-61746,45.6876,-57.5382,429.5
NORAD-61747,-12.6222,-49.1227,443.7
NORAD-61748,-68.1461,117.1656,369.7
NORAD-61749,29.1514,-51.5340,408.3
NORAD-61750,24.3296,-51.3064,408.6
NORAD-61751,-5.0383,-54.0055,467.3
NORAD-61752,8.4590,95.5527,586.6
NORAD-61753,-53.5652,-37.8451,414.3
NORAD-61754,74.9045,-74.8655,385.5
NORAD-61755,-56.8846,124.6374,367.1
NORAD-61756,-18.2850,-41.5869,372.0
NORAD-61758,-71.0942,-63.3201,588.2
NORAD-61759,-82.2838,23.0194,589.9
NORAD-61760,59.7161,-57.0161,360.7
NORAD-61761,48.9466,141.3228,393.5
NORAD-61763,48.6032,-55.8344,410.9
NORAD-61764,-36.5094,-41.9774,421.5
NORAD-61768,11.8430,-50.5463,427.0
NORAD-61769,-19.7117,-45.0781,416.8
NORAD-61771,76.2243,-79.1932,391.8
NORAD-61772,-82.0026,70.9870,343.6
NORAD-61773,-76.0957,101.3683,399.0
NORAD-61774,41.7968,-53.6179,388.8
NORAD-61775,75.8345,-82.1254,438.6
NORAD-61776,-2.6277,132.6870,387.6
NORAD-61777,-14.5155,-49.4586,446.0
NORAD-61778,52.6868,141.7749,390.9
NORAD-61779,-64.0887,109.9550,461.0
NORAD-61780,10.6219,133.9070,391.4
NORAD-61781,-55.2202,113.9046,464.6
NORAD-61784,-82.6664,48.0143,402.8
NORAD-61785,-27.8747,-42.9368,396.1
NORAD-61786,63.7597,145.4472,419.7
NORAD-61787,18.7657,127.3542,462.9
NORAD-61788,45.9508,-55.4040,395.3
NORAD-61789,-26.1796,-81.6945,583.4
NORAD-61790,-77.1908,60.1900,590.5
NORAD-61796,-1.7671,150.0663,910.4
NORAD-61799,81.2026,-80.3854,1196.2
NORAD-61801,-59.1616,113.8463,688.6
NORAD-61803,-64.2810,-13.3824,873.7
NORAD-61804,13.8973,-7.6847,764.2
NORAD-61806,63.4124,-49.5635,1228.4
NORAD-61807,-62.5627,161.5461,854.5
NORAD-61809,-83.8293,-11.5651,719.5
NORAD-61810,75.8844,-19.4358,725.9
NORAD-61811,-13.2232,169.8957,941.8
NORAD-61812,-70.2233,17.6884,787.9
NORAD-61813,23.2145,-3.3417,750.0
NORAD-61814,-37.1316,23.8878,685.1
NORAD-61815,-29.5156,167.5849,882.1
NORAD-61816,-74.7816,0.3918,798.3
NORAD-61817,25.4332,140.1684,759.4
NORAD-61818,-56.8752,172.6790,693.1
NORAD-61821,21.0167,-17.9446,567.5
NORAD-61822,40.4585,-173.5509,885.6
NORAD-61823,1.1995,-7.5117,790.5
NORAD-61824,18.6366,156.6457,772.5
NORAD-61825,78.7527,-19.5283,781.8
NORAD-61826,-9.7668,167.7461,798.4
NORAD-61827,33.8912,156.3108,925.6
NORAD-61828,-37.2560,164.6791,916.2
NORAD-61829,-85.0123,169.4024,608.4
NORAD-61831,65.8537,-16.7351,817.9
NORAD-61832,-83.7293,165.2021,790.7
NORAD-61833,71.6009,-34.6730,705.6
NORAD-61834,62.9585,-16.0471,788.0
NORAD-61835,-15.3348,164.1719,830.5
NORAD-61836,-28.4929,-13.5974,637.9
NORAD-61837,85.9763,-42.2411,853.1
NORAD-61838,-7.4507,155.8274,728.4
NORAD-61839,76.2340,162.3279,757.7
NORAD-61840,41.8301,171.2479,862.9
NORAD-61841,-14.7530,-16.3103,799.6
NORAD-61842,-39.8960,161.7504,738.4
NORAD-61843,85.7546,-95.7366,788.0
NORAD-61845,-13.0907,25.1957,491.5
NORAD-61846,-13.6074,176.2203,491.2
NORAD-61847,-30.2422,49.3803,492.6
NORAD-61848,24.2724,-18.0545,487.0
NORAD-61849,35.5550,-39.1465,484.8
NORAD-61850,-3.4598,-162.0994,490.3
NORAD-61851,-39.4577,72.6824,493.4
NORAD-61852,-17.6873,-178.3377,491.3
NORAD-61853,-26.3473,169.6004,492.6
NORAD-61854,-36.8599,148.1990,492.8
NORAD-61855,-42.5651,121.5943,492.6
NORAD-61856,-41.4201,93.0422,492.3
NORAD-61857,-22.1507,47.8616,491.7
NORAD-61858,-33.7818,67.7806,492.6
NORAD-61859,-12.9474,36.2714,491.5
NORAD-61860,-40.2282,133.1425,492.3
NORAD-61861,15.4772,4.8064,488.1
NORAD-61862,1.2666,20.6833,489.3
NORAD-61863,38.3816,-36.0140,484.9
NORAD-61864,42.0191,-82.4762,484.4
NORAD-61865,35.1601,-108.5852,485.2
NORAD-61866,42.8943,-63.3430,484.2
NORAD-61867,23.9939,-129.0957,486.7
NORAD-61869,24.7444,142.8500,483.9
NORAD-61870,32.0678,141.6321,482.8
NORAD-61871,-18.5376,147.6281,497.1
NORAD-61872,-32.1342,-38.6285,495.2
NORAD-61873,82.6929,50.1918,472.5
NORAD-61874,43.7610,88.9300,360.5
NORAD-61875,25.5662,63.3576,363.8
NORAD-61877,46.2807,171.2752,360.2
NORAD-61878,28.7201,-161.4050,363.4
NORAD-61879,7.1859,-142.6353,366.6
NORAD-61880,-14.8734,-125.7778,369.7
NORAD-61881,-35.4114,-105.1107,371.5
NORAD-61882,-50.3073,-72.7817,372.3
NORAD-61883,-38.1531,6.4178,371.5
NORAD-61884,-51.5603,-28.2765,372.2
NORAD-61885,-18.0899,28.2728,370.2
NORAD-61886,3.9530,45.3626,367.3
NORAD-61887,19.6822,8.5538,467.3
NORAD-61888,10.6237,15.9989,468.5
NORAD-61889,52.5946,-54.4011,462.1
NORAD-61890,12.0672,-146.3945,469.1
NORAD-61891,37.9320,-119.9325,464.6
NORAD-61892,19.0689,-139.1980,467.5
NORAD-61893,-17.0991,37.3507,472.8
NORAD-61894,-81.0147,-158.9342,556.5
NORAD-61895,-34.0746,-31.4096,491.1
NORAD-61896,76.6843,-0.2327,557.9
NORAD-61897,10.2150,-31.4828,527.6
NORAD-61898,12.7167,144.4961,523.7
NORAD-61899,9.7889,-31.7455,531.8
NORAD-61900,-16.8011,147.6381,551.4
NORAD-61901,64.5231,-10.1211,473.5
NORAD-61902,82.4833,46.6144,519.4
NORAD-61903,-30.8471,-31.4961,490.1
NORAD-61904,3.4800,-33.6258,584.7
NORAD-61905,-54.8082,-40.1977,488.2
NORAD-61906,27.6663,152.9895,452.7
NORAD-61907,57.6040,136.2912,509.8
NORAD-61908,82.1777,39.5599,511.6
NORAD-61910,0.0054,116.0121,35796.6
NORAD-61911,10.0249,-172.3953,33114.1
NORAD-61912,16.4367,-95.8617,487.6
NORAD-61913,-34.4600,113.4665,492.1
NORAD-61914,-0.2147,65.5442,489.9
NORAD-61915,36.7452,-62.0247,447.0
NORAD-61916,-40.6605,136.6385,492.5
NORAD-61917,36.1871,-62.6855,485.1
NORAD-61918,-6.2797,76.3918,490.6
NORAD-61919,4.5940,60.3827,489.4
NORAD-61920,-12.0356,-127.4410,490.6
NORAD-61921,42.3582,-36.3880,484.3
NORAD-61922,-42.8499,164.9428,492.3
NORAD-61923,3.3340,66.0587,489.6
NORAD-61924,-20.3139,92.9607,491.3
NORAD-61925,17.4811,49.9399,487.8
NORAD-61926,-19.0573,87.0013,491.4
NORAD-61927,9.3781,55.1357,488.8
NORAD-61928,2.2853,-111.8162,489.8
NORAD-61929,29.2824,-77.3822,486.0
NORAD-61930,-22.8561,-144.5436,491.9
NORAD-61931,34.5239,17.8651,485.2
NORAD-61932,-32.4343,112.4885,491.6
NORAD-61933,-27.1157,99.3837,491.6
NORAD-61935,-38.0338,-167.7219,492.3
NORAD-61936,-61.9840,-111.7804,666.2
NORAD-61938,-3.6087,-52.3305,463.2
NORAD-61939,52.7279,157.3024,357.8
NORAD-61940,42.0133,-165.0930,359.9
NORAD-61941,22.6340,-140.8816,363.2
NORAD-61942,1.3158,-122.9752,365.8
NORAD-61943,-21.2383,-105.1010,369.1
NORAD-61944,-40.2923,-82.6239,369.8
NORAD-61945,-52.4471,-44.9057,370.8
NORAD-61946,-48.8936,-1.4567,371.1
NORAD-61947,-32.3661,29.3551,369.4
NORAD-61948,48.1646,114.3866,357.8
NORAD-61949,31.3194,84.7039,361.3
NORAD-61950,-12.5172,48.0966,368.9
NORAD-61951,9.4799,64.8099,366.1
NORAD-61952,-50.5174,106.8199,487.3
NORAD-61953,-29.1764,-169.9778,429.5
NORAD-61954,-19.6707,-160.8038,428.8
NORAD-61955,-4.6820,37.8447,430.4
NORAD-61956,-34.7821,72.7470,486.2
NORAD-61957,-14.3754,45.3817,454.7
NORAD-61958,-16.4170,47.0635,473.0
NORAD-61959,42.6598,-117.9902,484.7
NORAD-61960,33.3506,-171.5516,485.2
NORAD-61961,-0.8074,135.8598,489.3
NORAD-61962,28.6377,-86.4071,486.1
NORAD-61963,-40.1659,28.8312,493.6
NORAD-61964,-12.7945,-36.5685,491.1
NORAD-61965,-15.0534,119.9998,491.3
NORAD-61966,-42.6303,48.1079,492.4
NORAD-61967,-11.1482,-30.8706,491.0
NORAD-61968,22.6112,163.1899,486.4
NORAD-61969,9.0330,146.5102,488.3
NORAD-61970,18.5845,-57.0137,486.7
NORAD-61971,-9.8999,-25.1698,492.1
NORAD-61972,4.5179,-40.7811,489.6
NORAD-61973,41.1932,-146.6240,483.9
NORAD-61974,37.4854,-91.1648,484.6
NORAD-61975,-42.9095,57.8734,492.3
NORAD-61976,-38.6549,84.6637,491.5
NORAD-61977,-23.6659,-7.9678,492.8
NORAD-61978,12.4405,157.2925,488.8
NORAD-61979,7.7257,151.9857,489.6
NORAD-61980,30.9998,-75.9607,488.5
NORAD-61981,-28.8399,107.5248,491.5
NORAD-61982,21.5232,168.5946,487.5
NORAD-61988,-0.4712,179.6891,35977.9
NORAD-61989,2.3371,66.4627,34411.5
NORAD-61990,1.2945,25.6484,35234.3
NORAD-61991,1.6732,60.0375,35788.7
NORAD-61992,-0.0168,156.0145,35841.3
NORAD-61993,0.3438,-19.5888,35299.4
NORAD-61994,-1.4917,-137.6245,35637.2
NORAD-61995,-0.0111,-26.0838,35513.9
NORAD-61996,1.2070,85.3745,35871.0
NORAD-61997,-0.5560,176.9657,35309.6
NORAD-61998,0.9844,12.3806,35691.4
NORAD-61999,-0.4824,-49.4314,35781.8
NORAD-62000,0.7506,137.9814,36367.8
NORAD-62001,1.4641,39.2192,35781.8
NORAD-62003,1.5946,51.3197,35795.8
NORAD-62004,-2.3521,-60.9126,34293.7
NORAD-62005,-0.7131,-35.9399,34470.4
NORAD-62006,-0.0224,156.4404,35797.8
NORAD-62007,-11.3319,-79.1043,23479.5
NORAD-62008,-22.7442,69.1807,369.6
NORAD-62009,48.9786,-151.5735,358.1
NORAD-62010,-31.5700,-64.8373,369.5
NORAD-62011,33.1142,-121.3801,361.2
NORAD-62012,-52.8041,6.4979,371.5
NORAD-62013,-42.0350,45.0362,370.2
NORAD-62014,11.8956,-101.2435,364.6
NORAD-62015,-1.4378,86.3677,367.5
NORAD-62016,20.4348,103.6163,364.0
NORAD-62017,-9.9011,-84.6885,367.8
NORAD-62018,-47.7151,-36.7843,371.6
NORAD-62019,52.2358,163.4703,359.3
NORAD-62020,40.1747,126.6149,360.1
NORAD-62021,-52.6201,168.6635,488.3
NORAD-62022,-23.6554,73.8916,486.1
NORAD-62023,-34.5165,97.9748,486.4
NORAD-62024,36.5156,33.4139,476.9
NORAD-62025,11.1754,-105.5369,468.4
NORAD-62026,52.5872,-11.3735,475.3
NORAD-62027,-3.4948,69.6477,483.6
NORAD-62028,0.0767,67.9788,35791.8
NORAD-62032,-37.3492,164.9406,492.4
NORAD-62033,42.5818,-33.1373,484.2
NORAD-62034,42.7456,-56.9624,484.2
NORAD-62035,-28.5645,-168.0847,491.7
NORAD-62036,37.4420,-84.2695,484.7
NORAD-62037,12.9320,-118.2297,488.1
NORAD-62038,-41.5626,74.5405,325.4
NORAD-62039,31.0858,-99.1781,485.7
NORAD-62040,-35.2219,97.0934,492.3
NORAD-62041,18.6031,-118.2624,487.0
NORAD-62042,36.1695,-11.3261,485.1
NORAD-62043,-42.0034,122.8669,492.3
NORAD-62044,36.7570,-79.3146,485.0
NORAD-62045,39.9811,-75.4168,484.4
NORAD-62046,-18.5408,-161.2581,491.5
NORAD-62047,-1.4333,-133.9841,489.6
NORAD-62048,-15.6570,-149.8979,490.9
NORAD-62049,40.9867,-28.4266,484.5
NORAD-62050,36.8922,-6.3883,485.3
NORAD-62051,-42.1489,151.5213,492.3
NORAD-62052,-24.4371,76.2088,491.7
NORAD-62053,41.3501,-61.8172,484.3
NORAD-62054,32.9301,-3.7010,485.6
NORAD-62055,-4.3356,-144.8883,489.8
NORAD-62057,-49.0983,57.5145,371.3
NORAD-62058,-33.1500,88.0849,370.5
NORAD-62059,42.3903,-105.3888,359.8
NORAD-62060,47.8363,173.8047,358.3
NORAD-62061,23.1762,-80.9768,362.9
NORAD-62062,1.4389,-63.3895,367.2
NORAD-62063,52.7931,-143.1258,358.2
NORAD-62064,-52.3176,13.6377,371.3
NORAD-62065,-10.9866,108.9759,368.1
NORAD-62066,-20.9052,-45.7222,369.2
NORAD-62067,9.2704,125.0583,365.7
NORAD-62068,-40.3465,-22.8604,370.9
NORAD-62069,30.8998,144.6332,361.5
NORAD-62070,-10.4103,99.7453,471.9
NORAD-62071,17.2642,78.4247,467.3
NORAD-62072,53.0989,-1.0289,461.6
NORAD-62073,-43.5667,137.2429,474.7
NORAD-62074,-36.4226,125.3455,474.8
NORAD-62075,-32.0219,108.3660,486.9
NORAD-62076,-4.1232,82.8615,470.8
NORAD-62078,-22.6096,94.7670,477.6
NORAD-62079,-30.3562,87.5108,520.4
NORAD-62080,-30.3474,87.5146,520.6
NORAD-62081,9.9920,55.8354,661.0
NORAD-62082,20.9931,-128.5812,663.2
NORAD-62083,-63.2407,-109.4800,668.1
NORAD-62084,51.5942,-135.2581,658.0
NORAD-62085,-31.1137,54.8774,646.9
NORAD-62086,81.7480,149.4469,610.0
NORAD-62088,-1.6929,145.5947,362.4
NORAD-62089,-21.4906,168.6967,364.8
NORAD-62090,-37.2593,-161.6559,366.4
NORAD-62091,-42.8521,-121.0447,363.2
NORAD-62092,-34.1511,-83.2447,363.6
NORAD-62093,-18.2196,-57.2835,364.7
NORAD-62094,2.9414,-33.5172,361.8
NORAD-62095,21.7281,-11.4259,360.2
NORAD-62096,38.0820,20.4080,356.3
NORAD-62097,42.8734,58.0380,356.4
NORAD-62098,34.4722,95.5737,358.2
NORAD-62099,17.6670,122.9648,360.3
NORAD-62100,-24.8176,125.0706,491.9
NORAD-62101,41.8539,-116.7257,484.5
NORAD-62102,9.7911,-179.8977,489.5
NORAD-62103,42.2815,-88.1288,484.6
NORAD-62104,-42.7734,86.5619,493.2
NORAD-62107,-37.5723,113.9711,492.3
NORAD-62108,-14.1164,153.8635,490.9
NORAD-62109,34.8128,-142.4117,485.1
NORAD-62110,-27.2654,135.9940,491.6
NORAD-62111,-42.4728,-149.6403,535.6
NORAD-62112,-32.7201,-167.3470,537.2
NORAD-62114,4.8200,90.3800,488.9
NORAD-62115,-21.6209,74.8281,491.5
NORAD-62116,-18.1556,-59.1167,491.3
NORAD-62117,-41.7475,23.2415,492.0
NORAD-62118,28.8361,136.0249,486.4
NORAD-62119,12.1006,-96.3738,488.9
NORAD-62120,31.8461,-121.3451,486.6
NORAD-62121,6.5998,107.0252,489.0
NORAD-62122,-42.9748,11.2522,491.9
NORAD-62123,10.4055,-90.9829,489.0
NORAD-62124,-33.4746,54.8504,491.3
NORAD-62125,40.3918,-145.4554,485.2
NORAD-62126,20.5690,123.5894,488.4
NORAD-62127,-41.4079,18.4062,492.4
NORAD-62128,-3.9665,-75.4057,490.8
NORAD-62129,-11.7258,-70.2840,491.4
NORAD-62130,-7.8368,91.4509,490.5
NORAD-62131,19.5488,-101.9901,487.4
NORAD-62132,38.6333,158.8225,484.5
NORAD-62133,-30.6293,-40.3212,492.1
NORAD-62134,2.6312,-85.9315,489.9
NORAD-62135,42.9023,-173.6543,484.3
NORAD-62136,-41.2097,30.0876,492.0
NORAD-62137,-39.7153,-16.7710,492.1
NORAD-62138,-5.9944,-79.9847,517.8
NORAD-62139,-13.9829,-42.1690,491.1
NORAD-62140,14.6081,-73.8340,488.0
NORAD-62141,7.0126,129.4903,488.9
NORAD-62142,23.7112,157.7441,487.6
NORAD-62143,30.6661,164.7892,485.2
NORAD-62144,35.0466,178.4009,486.5
NORAD-62145,-39.9062,6.0209,492.3
NORAD-62146,-37.5082,-2.3311,492.2
NORAD-62147,-4.4711,-52.8468,490.6
NORAD-62148,-36.2326,70.2290,491.5
NORAD-62149,-33.0849,77.6989,491.7
NORAD-62150,42.7452,-140.9861,484.2
NORAD-62151,-9.2362,-47.6284,490.9
NORAD-62152,-5.5881,119.3815,490.3
NORAD-62153,-18.5025,-36.6654,491.7
NORAD-62154,10.0487,-68.5656,490.3
NORAD-62155,10.1804,140.7816,488.8
NORAD-62156,-7.3945,113.9498,490.5
NORAD-62157,41.9357,-155.8704,483.2
NORAD-62158,-41.0570,52.8929,493.5
NORAD-62159,-40.3762,59.7168,492.2
NORAD-62160,5.1940,-63.2294,489.5
NORAD-62161,-19.5816,103.0151,491.5
NORAD-62162,-31.8104,83.7825,491.8
NORAD-62165,-8.5803,124.3418,582.4
NORAD-62166,49.3579,-77.7592,576.2
NORAD-62167,-68.1418,12.8241,583.0
NORAD-62168,53.2959,156.6649,575.7
NORAD-62169,12.6903,132.1711,580.4
NORAD-62170,-49.5989,102.2086,583.4
NORAD-62171,-12.7629,-47.9962,582.4
NORAD-62172,65.9470,-107.3221,574.6
NORAD-62173,-45.1051,-41.3336,582.6
NORAD-62174,8.3126,-55.7543,580.6
NORAD-62175,-66.0145,72.6214,583.4
NORAD-62176,-29.5146,115.6199,583.3
NORAD-62177,33.5556,141.4215,578.4
NORAD-62178,-38.2860,100.8135,583.3
NORAD-62179,68.1901,-167.1412,574.5
NORAD-62180,29.2077,-64.5148,578.5
NORAD-62181,44.9829,138.7715,576.5
NORAD-62182,-53.4227,-23.3821,583.4
NORAD-62183,-53.9821,-22.3155,583.5
NORAD-62184,38.1154,-79.2807,577.4
NORAD-62185,21.2433,-100.0469,1010.7
NORAD-62186,-17.7905,0.7785,1111.6
NORAD-62187,-28.8441,-104.6555,972.0
NORAD-62188,61.4307,-5.6411,36806.0
NORAD-62190,42.9037,-107.4401,373.3
NORAD-62192,31.4326,-87.9330,485.9
NORAD-62193,-29.5901,-162.7732,491.9
NORAD-62194,42.7740,-28.6367,484.2
NORAD-62195,11.6128,-112.6445,488.4
NORAD-62196,42.8754,-72.8607,484.0
NORAD-62197,-9.1260,64.9767,490.5
NORAD-62198,35.9888,-74.2892,485.4
NORAD-62199,-35.6458,177.5189,492.1
NORAD-62200,-36.5206,-177.8218,492.4
NORAD-62201,27.3202,20.6691,486.6
NORAD-62202,-34.2935,101.9821,491.8
NORAD-62203,-16.8547,-144.2570,490.6
NORAD-62204,35.5730,-15.8531,388.1
NORAD-62205,38.9358,-19.5920,484.9
NORAD-62206,37.6899,-1.6174,485.2
NORAD-62207,-42.9621,139.3304,492.4
NORAD-62208,-2.6950,-128.2318,489.8
NORAD-62209,14.7789,38.6861,488.3
NORAD-62210,25.1176,-95.2359,486.5
NORAD-62211,40.9265,-57.0339,484.4
NORAD-62212,-38.9700,111.6991,492.4
NORAD-62213,-22.8082,81.8190,491.7
NORAD-62214,0.5054,54.5363,489.9
NORAD-62215,-41.6430,127.4775,492.3
NORAD-62216,21.8488,76.3343,912.6
NORAD-62218,49.2112,-92.6512,359.0
NORAD-62219,52.2467,-136.7126,358.4
NORAD-62220,20.2233,163.8982,363.8
NORAD-62221,-23.2880,129.1467,369.3
NORAD-62222,39.9205,-173.3362,360.2
NORAD-62223,-47.8742,23.4148,371.5
NORAD-62224,-1.3434,146.9194,366.4
NORAD-62225,-30.9417,-5.8121,371.1
NORAD-62226,-9.7719,-25.0590,368.4
NORAD-62227,33.3057,-61.8826,361.5
NORAD-62228,-52.7669,66.7173,371.4
NORAD-62229,12.3174,-41.8462,365.3
NORAD-62230,-42.4796,104.6667,370.9
NORAD-62231,-52.3645,-164.8934,483.1
NORAD-62232,-20.3348,-77.6411,485.7
NORAD-62233,-17.4549,118.8960,480.8
NORAD-62234,-41.5870,160.3853,482.9
NORAD-62235,-41.0337,-115.6724,482.7
NORAD-62236,-9.6710,113.3221,484.5
NORAD-62237,39.8554,-93.2890,720.8
NORAD-62238,3.1918,-86.4138,1078.4
NORAD-62239,-63.1675,95.4251,1084.2
NORAD-62240,-16.2750,-93.4847,829.6
NORAD-62241,83.5086,-78.1564,1069.0
NORAD-62242,43.4082,-85.6517,1068.3
NORAD-62243,54.9961,-91.6955,810.2
NORAD-62244,63.4980,-84.5251,1068.1
NORAD-62245,56.2599,91.8020,1078.2
NORAD-62246,-76.8815,-90.8223,1077.4
NORAD-62247,16.5142,93.2096,1086.6
NORAD-62248,36.5279,92.6928,1083.1
NORAD-62249,-36.3453,-87.2924,1070.5
NORAD-62250,23.6244,-86.1157,1067.9
NORAD-62251,-83.0398,101.6313,1080.8
NORAD-62252,-16.8526,-86.8507,1071.1
NORAD-62253,-23.5565,93.7495,1088.6
NORAD-62254,-56.6857,-88.0758,1074.7
NORAD-62255,76.2611,89.0263,1067.1
NORAD-62256,38.4228,16.1253,47217.4
NORAD-62257,18.1014,0.6668,60095.6
NORAD-62258,38.4382,16.1546,47217.2
NORAD-62259,0.0109,-85.1185,35784.9
NORAD-62260,10.1232,-16.4359,17430.8
NORAD-62261,38.9498,-90.2272,699.4
NORAD-62262,-49.7979,-123.9329,483.2
NORAD-62267,9.8035,146.5916,361.1
NORAD-62268,-8.3459,-32.2357,362.4
NORAD-62269,10.5957,-11.6650,362.7
NORAD-62270,-40.6525,-90.1746,364.1
NORAD-62271,41.6772,50.3157,355.2
NORAD-62272,-10.4148,168.5779,363.8
NORAD-62273,28.3090,122.0390,360.3
NORAD-62274,-29.1783,-166.0617,365.2
NORAD-62275,29.8937,15.6583,357.3
NORAD-62276,-27.3902,-56.8969,361.0
NORAD-62277,-41.8010,-129.3094,363.9
NORAD-62278,40.9479,88.8219,359.2
NORAD-62279,26.9940,10.7148,357.7
NORAD-62280,-12.1783,2.8820,491.5
NORAD-62281,-42.4309,79.3729,492.2
NORAD-62282,0.5197,-179.0994,489.3
NORAD-62283,-25.5306,20.2735,492.2
NORAD-62284,-22.8186,153.5895,491.6
NORAD-62285,14.7618,-163.2815,487.7
NORAD-62286,-34.3717,133.2688,491.9
NORAD-62287,-9.1117,170.4663,490.6
NORAD-62288,14.6072,-174.7087,487.8
NORAD-62289,-41.6519,107.8984,492.6
NORAD-62290,-58.0661,21.1987,984.3
NORAD-62291,-56.8959,-20.3808,998.5
NORAD-62292,-58.5015,8.2022,999.2
NORAD-62293,-47.6496,-23.3713,1002.9
NORAD-62294,-53.6011,-11.0893,1002.5
NORAD-62301,-36.1409,-133.4728,474.4
NORAD-62302,-3.7895,92.6176,471.2
NORAD-62303,-52.9514,163.1244,475.3
NORAD-62304,-22.1570,97.7063,472.9
NORAD-62305,-45.2591,-137.3216,474.8
NORAD-62306,51.0691,-19.5880,461.9
NORAD-62307,12.9707,70.0703,480.9
NORAD-62308,14.5181,-76.4268,467.9
NORAD-62309,45.1311,30.5256,460.1
NORAD-62310,-12.8491,-98.1062,472.0
NORAD-62311,-45.5512,129.7000,474.2
NORAD-62312,-52.5065,169.6510,474.9
NORAD-62313,-38.5344,116.5463,474.7
NORAD-62314,32.1185,-59.5982,465.0
NORAD-62315,39.9756,-48.7916,463.4
NORAD-62316,-30.4551,-114.3709,473.8
NORAD-62317,-17.0827,-113.6535,480.6
NORAD-62319,-36.0023,-133.2901,482.9
NORAD-62320,-0.9817,80.7149,483.3
NORAD-62321,17.3235,66.5008,480.4
NORAD-62322,-21.9865,-105.8637,473.0
NORAD-62323,19.5661,49.3043,1174.4
NORAD-62324,55.0529,45.6950,1168.6
NORAD-62325,-16.5354,51.4913,1179.9
NORAD-62326,-52.2916,55.0335,1182.9
NORAD-62327,-86.1174,114.9878,1184.0
NORAD-62328,-19.6768,-130.8355,1181.0
NORAD-62329,16.2070,-128.7265,1175.6
NORAD-62330,-55.6191,-134.4060,1183.6
NORAD-62331,52.1826,-124.9033,1169.3
NORAD-62332,86.1265,-64.7262,1166.3
NORAD-62333,-17.9936,-158.9495,535.6
NORAD-62334,81.2375,-96.9178,521.1
NORAD-62335,10.6318,21.9564,531.8
NORAD-62336,-70.9078,45.7637,538.7
NORAD-62339,16.1027,34.2953,20229.4
NORAD-62362,0.0678,-13.5995,8062.8
NORAD-62363,0.0066,45.9988,8067.7
NORAD-62364,4.7409,70.0099,2762.9
NORAD-62365,10.3426,156.8246,901.3
NORAD-62366,44.6394,-115.4323,894.6
NORAD-62367,-6.8618,-27.0905,906.8
NORAD-62368,-42.0062,81.3955,911.9
NORAD-62369,-6.6775,-75.3573,465.0
NORAD-62370,-46.3179,32.2166,446.1
NORAD-62371,-23.4364,-69.7111,449.3
NORAD-62372,30.0461,-115.1268,447.5
NORAD-62373,52.0977,-151.3952,462.4
NORAD-62374,-0.4817,146.5403,35801.4
NORAD-62375,-6.0591,69.6019,17587.6
NORAD-62377,-24.8469,-146.3620,578.2
NORAD-62378,36.2165,-126.0985,478.9
NORAD-62379,36.3710,145.6134,476.6
NORAD-62380,-5.1103,-77.0306,482.9
NORAD-62381,37.5493,147.7885,477.3
NORAD-62382,37.3189,146.5850,477.2
NORAD-62383,-31.5089,62.1313,483.4
NORAD-62384,-7.3200,-4.6084,533.9
NORAD-62385,7.4419,65.0081,411.1
NORAD-62386,2.1002,-80.4735,483.8
NORAD-62387,-28.7424,-92.6229,417.7
NORAD-62388,-25.5794,-30.1695,510.7
NORAD-62389,-22.8227,142.6787,533.8
NORAD-62391,-39.3242,-56.3754,439.7
NORAD-62392,-8.1247,93.4761,484.8
NORAD-62394,2.5421,68.1060,424.0
NORAD-62395,42.0179,126.6890,417.4
NORAD-62396,-29.8699,-89.8578,419.7
NORAD-62399,28.0959,93.8898,416.5
NORAD-62400,-38.7857,-25.5029,485.4
NORAD-62401,10.6347,88.1477,447.2
NORAD-62402,-11.9281,36.5784,403.1
NORAD-62403,35.7166,129.3332,446.9
NORAD-62404,21.9390,80.1917,406.9
NORAD-62405,42.3249,155.2897,370.3
NORAD-62406,-23.6094,34.9170,545.8
NORAD-62407,21.8451,41.5288,503.4
NORAD-62409,37.2275,-146.3307,357.7
NORAD-62410,42.9086,174.3873,356.8
NORAD-62411,-42.9255,-5.6010,363.8
NORAD-62413,-1.4135,86.1787,361.3
NORAD-62414,-37.1743,33.3743,365.3
NORAD-62415,-21.8086,62.3350,364.5
NORAD-62416,35.0748,136.4302,357.4
NORAD-62417,2.3630,-94.3856,363.3
NORAD-62418,18.5626,108.7428,358.5
NORAD-62420,21.4226,-116.6812,358.3
NORAD-62421,-18.5301,-70.8561,363.8
NORAD-62422,-12.7730,-88.0546,490.9
NORAD-62423,-6.4513,-88.7354,490.5
NORAD-62424,-42.8475,-165.8379,492.5
NORAD-62425,41.9537,19.7797,484.4
NORAD-62426,-23.8737,126.9056,491.8
NORAD-62427,-38.4744,-140.1476,492.5
NORAD-62428,1.5686,-72.3294,489.4
NORAD-62429,42.5494,-1.9238,484.7
NORAD-62430,13.0180,-0.6164,478.1
NORAD-62432,-28.7892,-104.1142,486.3
NORAD-62433,28.3638,-149.3425,478.4
NORAD-62434,5.6409,-130.4710,469.7
NORAD-62435,15.0790,-137.1520,480.6
NORAD-62436,-38.3727,-89.2127,487.0
NORAD-62437,51.8784,158.8738,474.6
NORAD-62438,53.1115,146.4789,461.2
NORAD-62439,47.9664,110.2562,462.3
NORAD-62440,32.3844,-154.5564,465.5
NORAD-62441,14.8593,-137.6767,468.1
NORAD-62442,-26.2306,-103.9212,486.0
NORAD-62443,5.8436,-129.9190,482.5
NORAD-62444,36.4870,85.5652,464.7
NORAD-62445,23.8642,-145.5591,466.6
NORAD-62446,40.1187,-165.3216,463.5
NORAD-62448,-52.8922,-43.5213,475.4
NORAD-62449,-12.9062,-116.3829,472.2
NORAD-62450,41.9268,96.3203,463.4
NORAD-62451,46.6322,-178.6534,462.6
NORAD-62452,51.2465,164.8223,461.7
NORAD-62453,34.3519,84.8469,464.8
NORAD-62454,8.9345,-63.0262,67294.7
NORAD-62455,-0.0072,-83.1207,35790.5
NORAD-62456,0.0199,152.1688,35796.9
NORAD-62457,-0.0500,-83.1266,35796.2
NORAD-62459,16.4132,179.7860,355.1
NORAD-62460,14.8343,178.5757,355.6
NORAD-62462,40.2744,-101.7161,355.6
NORAD-62463,41.8000,-142.5826,354.0
NORAD-62465,8.3468,-45.5081,362.1
NORAD-62466,30.0084,-178.7485,360.5
NORAD-62467,27.3568,-70.1053,357.8
NORAD-62468,-41.8420,37.2595,365.0
NORAD-62469,-27.2221,109.6664,364.8
NORAD-62470,-30.4458,2.5037,367.0
NORAD-62471,-6.1270,136.4743,360.4
NORAD-62472,13.0410,157.4078,360.3
NORAD-62473,-12.0161,-23.3233,365.3
NORAD-62474,-40.4298,77.1379,365.8
NORAD-62475,40.8621,95.4797,482.8
NORAD-62476,-15.9548,-37.3643,492.2
NORAD-62477,-10.7110,171.6826,490.9
NORAD-62478,21.7285,5.6827,487.1
NORAD-62479,-31.1752,-67.7104,491.9
NORAD-62480,-35.3724,-150.4966,492.0
NORAD-62481,17.9379,139.7508,488.4
NORAD-62482,24.9740,133.5798,487.0
NORAD-62483,0.0413,44.3059,35792.5
NORAD-62484,-8.8709,-60.0148,47528.9
NORAD-62485,0.5512,127.3481,35575.7
NORAD-62486,28.1609,49.3933,2374.4
NORAD-62487,-26.6327,-139.5280,492.1
NORAD-62488,24.2272,43.7086,487.0
NORAD-62489,-33.5952,118.6833,492.0
NORAD-62490,-37.1128,-161.2062,491.7
NORAD-62491,28.0189,-72.3501,486.2
NORAD-62492,-42.5940,153.7112,492.3
NORAD-62493,-7.9717,81.9702,490.4
NORAD-62494,42.1059,-3.2107,484.1
NORAD-62495,-41.5097,-178.6404,492.8
NORAD-62496,35.4591,22.7931,485.3
NORAD-62497,42.0486,-31.8299,483.9
NORAD-62498,-3.9218,-111.2810,490.0
NORAD-62499,-12.8010,87.4261,491.2
NORAD-62500,-36.6780,126.2629,492.5
NORAD-62501,0.9204,-106.0914,489.6
NORAD-62502,15.1829,-90.1974,487.9
NORAD-62503,38.3006,14.7059,485.2
NORAD-62504,10.6928,60.8355,488.8
NORAD-62505,15.3633,55.3855,488.0
NORAD-62506,-21.1740,-150.1501,491.2
NORAD-62507,1.6239,71.5789,490.0
NORAD-62508,35.3103,-57.7362,485.0
NORAD-62509,-25.9923,104.8085,492.0
NORAD-62510,-13.4053,-121.8451,490.7
NORAD-62511,1.2674,169.6709,362.3
NORAD-62512,-0.1615,-8.7026,359.6
NORAD-62513,42.9673,79.5879,356.7
NORAD-62514,-15.8636,-171.2772,363.7
NORAD-62515,-36.0612,-137.7349,364.5
NORAD-62516,35.2095,40.5547,358.8
NORAD-62517,-21.3006,-34.0788,366.3
NORAD-62518,20.5427,147.3902,360.7
NORAD-62519,36.4444,118.7533,357.3
NORAD-62520,-36.8093,-62.6997,365.2
NORAD-62521,18.4948,12.4331,360.3
NORAD-62522,-19.2676,-167.0184,363.7
NORAD-62523,-42.9786,-99.5375,365.2
NORAD-62524,-29.2969,146.6626,492.0
NORAD-62525,42.7856,-79.1002,484.3
NORAD-62526,16.1086,-17.4505,487.8
NORAD-62527,-31.1163,44.2597,492.4
NORAD-62528,33.0665,-132.2337,485.1
NORAD-62529,-9.4637,14.2702,490.7
NORAD-62530,-42.9591,96.0104,492.9
NORAD-62531,18.9123,-17.4963,487.7
NORAD-62554,42.9464,152.5961,357.0
NORAD-62555,37.0814,114.1367,356.4
NORAD-62556,-2.1777,-117.1339,361.4
NORAD-62557,-35.4629,10.3814,365.5
NORAD-62558,-18.6018,38.9857,363.4
NORAD-62559,-42.9094,-25.6679,363.3
NORAD-62560,21.9881,-145.0615,359.9
NORAD-62561,21.8611,85.4994,359.9
NORAD-62562,17.5746,-139.2744,357.6
NORAD-62563,1.4882,61.6788,361.9
NORAD-62564,-37.1345,-65.2616,364.8
NORAD-62565,-21.8115,-94.1154,363.4
NORAD-62566,35.7495,-169.8922,360.5
NORAD-62567,-7.0591,-110.9805,490.3
NORAD-62568,-25.1432,-133.5411,491.8
NORAD-62569,-42.9558,169.3358,492.8
NORAD-62570,-31.2020,117.4678,492.2
NORAD-62571,42.9686,-15.3328,484.3
NORAD-62572,-5.4139,82.0066,490.7
NORAD-62573,30.8384,36.4712,486.2
NORAD-62574,21.2049,-78.8523,487.2
NORAD-62575,-20.6512,-170.2154,658.6
NORAD-62576,24.6154,149.5997,961.9
NORAD-62577,52.8683,-117.3567,953.9
NORAD-62578,-32.6811,104.4381,980.9
NORAD-62579,-25.7359,-29.8997,972.7
NORAD-62580,31.6612,-75.6519,956.4
NORAD-62581,-3.2717,127.9477,981.1
NORAD-62582,49.1072,-175.5765,955.9
NORAD-62583,4.1195,-51.4319,964.0
NORAD-62584,-50.0947,8.4016,982.9
NORAD-62585,-52.3381,64.9074,983.7
NORAD-62587,-39.8830,-17.0405,364.6
NORAD-62588,40.0147,161.9673,357.1
NORAD-62589,-7.3839,38.5560,363.1
NORAD-62590,-13.1877,-119.4093,363.6
NORAD-62591,-26.6594,14.0245,364.8
NORAD-62592,-30.7813,-93.4137,365.1
NORAD-62593,-41.9521,-58.5127,365.4
NORAD-62594,39.8732,152.4771,261.0
NORAD-62595,7.2752,-141.7750,361.0
NORAD-62597,42.2018,123.0032,356.2
NORAD-62598,30.9695,86.4915,358.8
NORAD-62599,12.7749,60.5551,361.4
NORAD-62600,-30.8225,-157.5672,491.9
NORAD-62601,20.2238,38.4720,487.3
NORAD-62602,32.3644,18.9610,485.7
NORAD-62603,-39.1044,123.1135,492.3
NORAD-62604,-30.1420,100.1213,492.5
NORAD-62605,-17.4355,81.3206,491.4
NORAD-62606,40.7096,-5.5448,484.6
NORAD-62607,1.8293,44.9246,426.8
NORAD-62609,76.1784,122.1313,504.2
NORAD-62610,-64.1463,-37.0603,481.4
NORAD-62611,63.3981,-9.9239,494.5
NORAD-62612,-79.8927,-155.2048,494.5
NORAD-62613,-10.0065,159.2618,487.6
NORAD-62615,32.6482,-19.4249,495.0
NORAD-62616,20.9629,-21.3118,494.3
NORAD-62617,-23.4217,167.5744,412.9
NORAD-62618,-82.4761,-113.9143,385.8
NORAD-62619,1.1647,156.5760,494.4
NORAD-62620,-71.4222,-36.0332,384.0
NORAD-62621,37.2368,-14.7666,429.3
NORAD-62622,-55.7166,167.8278,493.4
NORAD-62623,52.7011,148.2754,479.8
NORAD-62624,80.5289,28.3620,477.4
NORAD-62625,53.9125,-11.9499,480.2
NORAD-62626,-51.9036,163.4768,524.4
NORAD-62627,-16.0074,-28.0816,510.3
NORAD-62628,-60.5613,-80.9515,1149.0
NORAD-62629,-23.6706,-25.9147,488.9
NORAD-62630,-75.9818,-179.5092,569.5
NORAD-62631,82.4703,92.6355,443.1
NORAD-62632,1.3557,-23.8082,500.9
NORAD-62633,58.3941,-9.8718,478.3
NORAD-62634,70.3485,139.2609,461.3
NORAD-62635,23.2110,152.2607,516.4
NORAD-62636,-80.3452,-68.7522,406.8
NORAD-62637,43.9446,151.0302,480.4
NORAD-62638,-27.2127,170.7690,377.6
NORAD-62639,73.4710,3.9307,477.4
NORAD-62640,33.9755,-17.9348,480.4
NORAD-62641,-0.3193,157.3525,487.9
NORAD-62642,75.4862,127.7594,477.7
NORAD-62644,71.3315,5.6358,422.0
NORAD-62645,-19.3945,160.5682,490.4
NORAD-62646,64.4455,-6.2047,477.2
NORAD-62647,44.4096,150.3648,469.1
NORAD-62648,6.6692,157.3676,481.3
NORAD-62649,-35.1932,169.1696,440.3
NORAD-62650,77.0252,11.8392,477.0
NORAD-62651,55.9864,147.3584,472.6
NORAD-62652,-54.3960,167.9466,492.2
NORAD-62653,-32.8046,-29.3672,508.0
NORAD-62654,57.1386,144.6849,495.6
NORAD-62655,-73.9863,-44.2888,454.0
NORAD-62656,-55.5170,-31.8054,480.0
NORAD-62657,-41.0731,-28.8738,491.2
NORAD-62658,38.4868,151.8557,478.3
NORAD-62659,-9.3700,158.4917,484.2
NORAD-62660,-13.7780,159.1668,488.1
NORAD-62661,5.7181,157.2199,485.4
NORAD-62663,6.8977,157.4499,484.0
NORAD-62664,-12.2635,-31.3496,516.3
NORAD-62665,61.2086,-12.1050,501.3
NORAD-62666,80.8370,31.6570,477.5
NORAD-62667,-54.4868,168.2476,490.3
NORAD-62668,66.2886,-8.1102,501.1
NORAD-62669,62.4916,-10.3998,501.9
NORAD-62670,-59.4256,-35.6336,489.7
NORAD-62671,-39.4662,-31.8240,515.2
NORAD-62672,-77.1521,-59.8425,509.2
NORAD-62673,-4.4556,-30.8160,500.0
NORAD-62674,-0.1064,-21.6055,483.8
NORAD-62675,-82.4194,-124.6980,489.4
NORAD-62676,79.5993,19.0579,504.3
NORAD-62677,66.7350,-1.0411,439.7
NORAD-62678,-48.8828,-30.7529,488.7
NORAD-62679,9.3673,156.0520,476.8
NORAD-62680,8.4766,156.5816,481.8
NORAD-62681,73.9718,130.4262,478.4
NORAD-62682,-8.0441,156.3220,500.7
NORAD-62683,-71.5277,-177.3198,457.3
NORAD-62684,-82.4189,-101.5584,496.7
NORAD-62685,-64.4287,171.4492,500.7
NORAD-62686,-28.2647,158.0768,513.4
NORAD-62688,-42.4873,-27.7836,486.7
NORAD-62691,44.6129,154.1086,429.2
NORAD-62694,6.5956,-24.9027,592.9
NORAD-62695,10.2860,152.1443,595.5
NORAD-62696,-54.9023,-33.5880,575.3
NORAD-62697,38.2783,-19.8423,589.3
NORAD-62698,71.6279,-1.7887,591.5
NORAD-62699,-62.9157,-38.0515,575.8
NORAD-62700,35.0235,149.8620,580.4
NORAD-62701,44.4110,146.1952,593.5
NORAD-62702,73.9681,126.3340,581.1
NORAD-62703,-2.2827,-25.9989,597.0
NORAD-62704,15.7812,-24.2126,600.2
NORAD-62705,-59.1505,176.1491,579.3
NORAD-62706,18.6041,155.4611,566.9
NORAD-62707,-81.8201,-134.7248,595.2
NORAD-62708,37.1934,-18.0159,576.4
NORAD-62709,-57.2132,166.2117,600.7
NORAD-62710,-78.5253,-164.3137,607.2
NORAD-62711,-56.3402,170.4231,571.7
NORAD-62712,-48.0029,167.7287,571.0
NORAD-62713,-40.2530,163.7986,579.1
NORAD-62714,-10.6311,157.3700,585.6
NORAD-62715,71.5545,130.5260,583.7
NORAD-62719,-42.9076,-160.3875,407880.6
NORAD-62720,29.1317,120.1516,14610.8
NORAD-62721,-0.4932,50.0946,551.0
NORAD-62725,9.1291,-30.6346,518.2
NORAD-62726,-35.0755,154.1097,517.2
NORAD-62727,-19.8144,-31.2366,489.7
NORAD-62729,-7.6122,74.1940,464.8
NORAD-62730,80.6866,-169.7177,536.2
NORAD-62731,19.8686,67.8804,548.1
NORAD-62732,43.0271,-121.7808,532.3
NORAD-62733,20.9012,-117.5727,536.1
NORAD-62735,35.9155,-112.4472,484.8
NORAD-62736,-29.7837,-23.8035,492.4
NORAD-62737,-38.8118,61.9310,491.9
NORAD-62738,-13.5127,103.0842,490.7
NORAD-62739,-4.0356,113.6579,490.1
NORAD-62740,23.4403,146.4914,486.7
NORAD-62741,-41.6101,45.7718,492.7
NORAD-62742,-25.8098,-30.4131,492.2
NORAD-62743,13.2781,140.3884,488.0
NORAD-62744,-27.3400,-24.5217,492.2
NORAD-62745,10.3968,129.3045,488.1
NORAD-62746,27.7084,153.0462,486.1
NORAD-62747,11.2909,-73.9184,488.0
NORAD-62748,-42.3565,43.5554,491.9
NORAD-62749,-42.7538,24.5330,492.5
NORAD-62750,-37.2721,63.3674,492.1
NORAD-62751,42.9423,-150.7958,483.5
NORAD-62752,19.0144,140.4783,487.5
NORAD-62753,37.7872,174.9904,484.8
NORAD-62754,0.8089,118.8538,489.7
NORAD-62755,32.6046,-104.8114,486.3
NORAD-62756,17.4649,70.4151,345.1
NORAD-62757,18.8521,68.6445,343.7
NORAD-62758,5.7017,-143.1702,477.5
NORAD-62759,25.9645,-160.2328,474.3
NORAD-62760,36.6984,73.8956,464.4
NORAD-62761,10.7030,48.1620,468.7
NORAD-62762,52.0439,146.5748,469.5
NORAD-62763,43.4007,176.0649,472.4
NORAD-62764,48.8089,99.5656,470.3
NORAD-62765,21.3007,-157.2539,467.2
NORAD-62766,29.9669,-165.8475,465.5
NORAD-62767,-32.8951,-110.6764,474.4
NORAD-62768,43.7679,85.8286,463.3
NORAD-62769,-24.2115,-119.9599,473.1
NORAD-62770,33.8904,70.9050,472.9
NORAD-62771,-51.9228,-32.9484,475.5
NORAD-62772,52.7736,140.5857,469.6
NORAD-62773,-41.8177,-1.9829,475.2
NORAD-62774,49.9734,156.6237,461.9
NORAD-62775,44.8484,171.5839,463.0
NORAD-62776,49.4353,101.0436,462.1
NORAD-62777,28.4976,63.9882,465.8
NORAD-62778,3.1844,-141.9934,469.9
NORAD-62779,-6.0840,-135.0344,471.5
NORAD-62780,-34.3713,9.2710,474.2
NORAD-62781,-23.6175,18.7685,474.0
NORAD-62782,40.7792,-179.7866,471.4
NORAD-62783,30.5772,63.4047,435.3
NORAD-62784,-14.7016,-127.5900,480.3
NORAD-62785,-23.4227,-25.6711,1092.4
NORAD-62786,-76.8344,158.9657,1092.2
NORAD-62787,83.0583,146.3052,1067.4
NORAD-62788,-57.3457,156.1508,1089.0
NORAD-62789,62.9194,152.6537,1057.9
NORAD-62790,-43.5320,-26.3810,1094.5
NORAD-62791,23.0504,154.4617,1066.3
NORAD-62792,42.7924,153.7048,1059.9
NORAD-62793,16.6130,-25.0713,1079.2
NORAD-62794,2.9261,154.5164,1073.1
NORAD-62795,-16.4976,154.8927,1078.8
NORAD-62796,56.2213,-23.8662,1063.2
NORAD-62797,36.3580,-24.6396,1071.1
NORAD-62798,76.6810,-20.9977,1058.8
NORAD-62799,-3.0862,-25.5735,1085.4
NORAD-62800,-82.9910,-33.7288,1095.7
NORAD-62801,-63.4653,-27.4306,1095.7
NORAD-62802,-37.5844,155.4163,1082.0
NORAD-62803,77.1332,142.9473,646.2
NORAD-62804,-0.0965,18.3595,35794.1
NORAD-62806,-14.1953,16.8066,472.3
NORAD-62807,-39.3999,-10.2113,474.6
NORAD-62808,-30.4167,-125.9121,482.0
NORAD-62809,35.8293,175.3733,464.2
NORAD-62810,-42.3048,-108.3256,487.3
NORAD-62811,-19.2394,13.2808,486.1
NORAD-62812,13.0566,38.3962,468.2
NORAD-62813,-46.0527,-23.2374,474.9
NORAD-62814,29.6375,-177.1290,473.1
NORAD-62815,-16.8976,15.2840,482.9
NORAD-62816,3.9393,31.3569,469.9
NORAD-62817,-39.9240,-10.3519,487.5
NORAD-62818,-52.1823,-77.1088,475.4
NORAD-62819,-27.0399,-129.5179,473.6
NORAD-62820,-11.0352,-143.5729,479.8
NORAD-62821,52.3779,131.6152,461.7
NORAD-62822,-23.1806,9.0298,473.5
NORAD-62824,14.5962,-162.4660,480.5
NORAD-62825,51.3824,95.9324,474.5
NORAD-62826,-46.8420,-101.8150,454.4
NORAD-62828,53.1393,113.6978,461.5
NORAD-62829,3.1826,-130.5619,361.2
NORAD-62830,-37.9325,103.0776,363.9
NORAD-62831,38.0893,-75.9754,357.3
NORAD-62832,17.2273,27.1061,360.8
NORAD-62833,34.2631,-0.3567,359.2
NORAD-62834,-16.9278,-152.9751,363.5
NORAD-62835,22.3196,-107.0225,356.8
NORAD-62836,-22.5634,72.8684,363.6
NORAD-62837,-33.8240,-179.8159,363.0
NORAD-62838,-20.4784,-157.5250,364.1
NORAD-62839,42.6222,-34.2990,353.1
NORAD-62840,-42.8356,141.9734,365.0
NORAD-62841,-2.7935,49.4643,362.9
NORAD-62842,9.5949,56.3759,488.8
NORAD-62843,-6.1013,46.3178,490.5
NORAD-62844,-19.9243,-103.8734,491.5
NORAD-62845,2.0657,-136.6897,490.4
NORAD-62846,-32.1134,10.6661,492.8
NORAD-62847,22.2798,78.8772,486.8
NORAD-62848,-28.4921,17.3710,492.0
NORAD-62849,42.9780,143.2209,484.6
NORAD-62850,6.5668,163.9739,20254.6
NORAD-62851,11.8671,155.9277,29622.6
NORAD-62852,0.0379,28.9856,35792.8
NORAD-62853,17.3852,-72.9236,62335.0
NORAD-62854,27.9418,-130.2195,465.5
NORAD-62855,-21.3844,45.1948,472.8
NORAD-62856,-1.3632,-153.1832,470.5
NORAD-62857,-28.6533,-176.2711,473.7
NORAD-62858,-8.5282,-160.0155,471.4
NORAD-62859,-44.9697,76.5436,474.8
NORAD-62860,41.6866,-110.3865,464.1
NORAD-62861,6.3044,23.4542,469.6
NORAD-62862,-10.7480,-160.3313,471.7
NORAD-62863,-30.0228,53.7862,473.8
NORAD-62864,-49.2905,147.3655,474.8
NORAD-62865,-43.9095,161.7624,475.0
NORAD-62866,9.8706,-146.1088,468.8
NORAD-62867,-52.6237,129.0645,475.4
NORAD-62868,7.8077,-146.2841,469.2
NORAD-62869,-50.1099,91.8049,475.1
NORAD-62870,0.4779,-153.2238,470.4
NORAD-62871,34.0960,-121.7456,461.1
NORAD-62872,26.1619,-130.6158,465.8
NORAD-62873,-36.7415,173.9015,473.9
NORAD-62874,24.3885,8.3877,466.5
NORAD-62875,16.9529,-138.9960,467.2
NORAD-62876,-0.0346,90.5597,35792.3
NORAD-62877,12.0968,21.3490,24707.8
NORAD-62879,-12.8329,87.9211,363.3
NORAD-62880,-6.8823,-71.0039,364.1
NORAD-62881,39.6985,164.8462,355.6
NORAD-62882,7.1002,109.6829,361.2
NORAD-62883,42.1224,-154.2554,356.3
NORAD-62884,25.8523,133.2606,357.9
NORAD-62885,-39.9175,-14.7176,365.5
NORAD-62886,-26.1752,-46.6877,365.3
NORAD-62887,31.4791,-119.3777,358.2
NORAD-62888,-23.2542,-51.0469,366.5
NORAD-62889,13.0968,-92.8462,365.0
NORAD-62890,-42.0211,26.9692,364.1
NORAD-62891,-30.9254,62.1302,364.2
NORAD-62892,42.9838,19.1035,484.0
NORAD-62893,39.3525,-8.8226,484.1
NORAD-62894,21.8548,-44.8901,486.5
NORAD-62895,-6.0217,115.7418,490.3
NORAD-62896,-5.8365,-77.4400,490.3
NORAD-62897,-40.4849,-137.3535,492.4
NORAD-62898,-32.0210,-113.1993,491.7
NORAD-62899,8.5777,99.9801,489.1
NORAD-62900,3.0233,-71.3466,522.2
NORAD-62901,-13.1103,-145.7360,521.0
NORAD-62902,-21.2157,134.4716,602.0
NORAD-62903,-19.8127,134.2465,601.9
NORAD-62904,-21.1811,134.4620,602.0
NORAD-62907,-40.5646,154.8313,363.9
NORAD-62908,28.2285,-57.0997,357.6
NORAD-62909,12.1702,74.9444,361.2
NORAD-62910,-11.9325,-105.2268,363.5
NORAD-62911,-41.8337,-165.8490,365.1
NORAD-62912,41.1909,17.6472,355.3
NORAD-62913,-27.1957,121.6377,363.4
NORAD-62914,-8.2282,97.1798,363.1
NORAD-62915,-4.8556,93.4917,362.6
NORAD-62916,29.5889,50.8495,358.0
NORAD-62917,-30.4735,-131.2040,364.5
NORAD-62918,8.1549,-83.3525,362.0
NORAD-62919,41.0093,-23.4232,355.9
NORAD-62920,39.2817,154.1028,484.5
NORAD-62921,-6.5149,85.8718,490.1
NORAD-62922,29.9034,130.8804,486.7
NORAD-62923,-40.7778,25.3013,492.3
NORAD-62924,7.7655,101.2706,488.6
NORAD-62925,21.8734,118.3246,486.8
NORAD-62926,-32.4882,49.9030,491.5
NORAD-62927,-42.9280,6.6225,490.9
NORAD-62928,27.1077,-39.7574,578.2
NORAD-62929,-71.0664,155.0230,664.6
NORAD-62930,39.3100,121.6039,647.3
NORAD-62931,-80.3988,-177.5739,654.6
NORAD-62932,44.6166,123.3041,652.0
NORAD-62934,14.2993,-49.3659,656.7
NORAD-62937,79.0337,17.1151,719.1
NORAD-62938,-50.3153,-61.4890,842.7
NORAD-62939,-55.7689,-66.4296,850.4
NORAD-62941,-24.1723,-40.3616,814.9
NORAD-62942,4.7671,137.3940,889.7
NORAD-62943,-14.8095,-46.2082,686.9
NORAD-62944,-31.2437,-79.5279,669.5
NORAD-62945,-64.4979,-47.6511,512.4
NORAD-62948,11.1900,-43.1226,468.5
NORAD-62949,-33.4817,-81.9719,474.1
NORAD-62950,29.1481,106.2153,473.4
NORAD-62951,-25.0590,-72.7927,473.5
NORAD-62952,9.5027,123.6699,477.3
NORAD-62953,-51.5984,-161.0697,475.2
NORAD-62954,-41.1585,-93.1779,475.0
NORAD-62955,-30.7585,157.2788,482.2
NORAD-62956,20.7095,111.6092,467.3
NORAD-62957,30.3966,-22.7748,473.1
NORAD-62958,-33.4586,157.6334,474.2
NORAD-62959,4.3633,-44.8142,482.3
NORAD-62960,34.3677,-17.3278,470.5
NORAD-62961,51.4829,22.1482,462.5
NORAD-62962,-9.0780,-55.6469,484.1
NORAD-62963,-47.4060,-106.8455,475.5
NORAD-62964,52.7104,28.1041,461.6
NORAD-62965,1.9332,-50.1796,470.2
NORAD-62966,42.6600,-4.4898,475.9
NORAD-62967,-0.3923,-50.5056,470.5
NORAD-62968,45.6063,81.0026,470.5
NORAD-62969,-53.0241,-133.3978,487.7
NORAD-62970,-39.2177,-86.4194,487.3
NORAD-62971,46.8334,-170.2147,1150.5
NORAD-62972,45.2504,131.3264,1151.0
NORAD-62973,23.6238,-128.2283,1153.4
NORAD-62974,-49.9411,-20.0539,1160.4
NORAD-62975,-6.3813,-101.3665,1157.2
NORAD-62976,-37.3441,33.2802,1160.2
NORAD-62977,-9.1111,65.3535,1158.4
NORAD-62978,21.1244,91.9560,1154.6
NORAD-62979,-34.6835,-71.2169,1159.6
NORAD-62980,48.3266,-165.9002,697.9
NORAD-62981,42.7773,4.6371,356.0
NORAD-62982,-3.4433,-82.0348,362.5
NORAD-62983,23.3875,74.5341,359.8
NORAD-62984,17.1240,-59.1002,359.5
NORAD-62985,-38.1376,-135.5991,364.4
NORAD-62986,38.0926,44.0945,357.5
NORAD-62987,-23.1978,-105.6395,364.2
NORAD-62988,34.1527,-31.7649,359.5
NORAD-62989,-33.5986,147.4431,365.7
NORAD-62990,13.1847,-63.8358,361.8
NORAD-62991,-17.1778,121.4056,361.2
NORAD-62992,2.4465,99.4763,361.5
NORAD-62993,-42.7538,-175.2948,365.2
NORAD-62994,-27.3094,74.0593,491.9
NORAD-62995,24.8670,-102.5630,486.8
NORAD-62996,-9.5427,97.2483,490.8
NORAD-62997,-12.5657,-59.0322,491.1
NORAD-62998,14.3745,123.5194,487.9
NORAD-62999,1.7742,-74.7248,489.9
NORAD-63000,41.8373,-178.6912,485.1
NORAD-63001,-37.6019,52.0200,492.9
NORAD-63003,-41.9656,158.2799,488.7
NORAD-63005,23.8000,-92.9471,359.0
NORAD-63006,-14.6430,-47.6622,365.2
NORAD-63007,4.1873,-69.2794,361.1
NORAD-63008,-41.7694,9.3440,366.6
NORAD-63009,-5.0166,110.2709,362.0
NORAD-63010,-38.9617,55.6195,366.5
NORAD-63011,42.5933,-163.9303,356.9
NORAD-63012,15.2403,132.6020,360.5
NORAD-63013,-24.6367,86.2685,364.6
NORAD-63014,-32.8222,-20.2183,368.1
NORAD-63015,38.5197,-123.3017,357.0
NORAD-63016,33.2667,160.2796,358.5
NORAD-63017,-42.5849,16.4115,367.1
NORAD-63018,-42.1429,-163.7198,492.9
NORAD-63019,26.1066,88.6754,486.5
NORAD-63020,-35.5692,170.2763,492.3
NORAD-63021,-24.4803,149.4619,492.0
NORAD-63022,36.9052,66.7609,485.1
NORAD-63023,-0.8929,-61.0832,489.6
NORAD-63024,13.4951,-45.2558,488.0
NORAD-63025,34.1459,-13.5630,484.9
NORAD-63027,8.9259,152.0830,453.8
NORAD-63029,-48.7388,-68.9592,476.9
NORAD-63030,-52.0439,-84.2043,475.6
NORAD-63031,10.1680,148.0583,469.0
NORAD-63032,30.3625,2.0883,465.0
NORAD-63033,-52.1542,-128.1947,483.4
NORAD-63034,36.1275,123.3805,472.2
NORAD-63035,43.4653,110.5925,462.9
NORAD-63036,46.0997,106.1261,475.4
NORAD-63037,-46.7646,-76.6350,474.6
NORAD-63038,53.0670,71.5130,474.3
NORAD-63039,-34.2672,-172.9023,474.5
NORAD-63040,17.1810,143.1045,475.4
NORAD-63041,42.9187,113.0870,476.0
NORAD-63042,36.2323,122.5290,464.1
NORAD-63043,-41.6267,-149.7890,474.9
NORAD-63044,-15.4032,-23.6935,473.0
NORAD-63045,-46.4946,-137.9998,475.0
NORAD-63046,-40.2154,-63.1209,474.6
NORAD-63047,48.7434,98.5863,474.8
NORAD-63048,-47.8864,-147.6355,475.1
NORAD-63049,-47.7609,-135.9312,475.1
NORAD-63050,-51.8337,-119.0821,475.3
NORAD-63051,-24.4072,-31.6331,473.9
NORAD-63052,-15.1583,-81.4437,361.7
NORAD-63053,-32.8127,-108.2513,365.2
NORAD-63054,32.8577,72.0981,358.2
NORAD-63055,39.2036,-3.6880,357.7
NORAD-63056,-5.8461,122.1321,362.5
NORAD-63057,-42.5045,-143.9861,364.1
NORAD-63058,42.5823,35.5814,357.7
NORAD-63059,15.1497,99.0082,360.2
NORAD-63060,-24.4247,144.9160,364.8
NORAD-63061,-1.6166,117.5716,362.2
NORAD-63062,-39.0865,176.3312,365.7
NORAD-63063,5.3012,-58.9138,360.2
NORAD-63064,25.3435,-34.1574,358.7
NORAD-63065,-39.1207,50.2551,492.5
NORAD-63066,20.7992,134.8524,488.3
NORAD-63067,-9.0869,-58.8372,491.0
NORAD-63068,-34.2978,-21.7746,492.3
NORAD-63069,-41.6079,3.5094,492.9
NORAD-63070,38.0011,-125.5080,485.2
NORAD-63071,-41.4371,-1.0114,489.0
NORAD-63072,19.3479,-90.7535,487.9
NORAD-63073,-11.1785,91.7370,491.0
NORAD-63074,-2.7868,107.8837,490.0
NORAD-63075,-0.0331,110.5850,35788.2
NORAD-63076,-4.3815,15.1294,25732.5
NORAD-63077,-52.7815,166.1595,583.8
NORAD-63078,-53.5556,167.0523,584.0
NORAD-63079,33.8322,-28.5488,577.6
NORAD-63080,29.8952,125.5140,578.0
NORAD-63081,8.1037,134.6069,580.6
NORAD-63082,-49.8704,-68.1745,583.8
NORAD-63083,-65.8390,-96.8239,583.9
NORAD-63084,-29.1307,-54.3110,583.4
NORAD-63085,8.9631,134.2829,580.7
NORAD-63086,-49.2252,-67.5577,583.9
NORAD-63087,-33.8780,151.6813,583.5
NORAD-63088,66.2603,81.3492,573.8
NORAD-63089,-66.3159,-98.6791,584.0
NORAD-63090,49.0793,112.3873,575.5
NORAD-63091,65.7717,83.2226,574.0
NORAD-63092,53.5416,-13.1640,575.0
NORAD-63093,-8.1808,-45.6256,582.3
NORAD-63094,-12.9901,142.3758,582.6
NORAD-63095,-68.2680,-156.5057,584.0
NORAD-63096,29.1596,125.8751,577.8
NORAD-63097,68.2845,23.4068,573.5
NORAD-63098,12.9753,-37.8426,580.2
NORAD-63104,19.0277,-44.7840,359.9
NORAD-63105,-42.8147,61.3414,364.6
NORAD-63106,-42.9251,70.9876,364.8
NORAD-63107,42.9761,-112.0564,355.8
NORAD-63108,0.1769,157.5020,362.6
NORAD-63109,-18.8686,135.8653,362.3
NORAD-63110,36.3778,-150.5970,355.8
NORAD-63111,-35.4904,107.5255,364.8
NORAD-63112,-36.5789,30.3992,366.1
NORAD-63113,20.1468,-179.5784,357.7
NORAD-63114,34.3155,-70.0923,356.0
NORAD-63115,-0.7920,-22.2910,363.6
NORAD-63116,-20.5737,0.5426,364.7
NORAD-63117,0.7694,-49.0757,359.6
NORAD-63118,-37.1293,-149.0530,492.2
NORAD-63119,-26.6945,178.0458,492.0
NORAD-63120,-18.0932,177.2070,491.5
NORAD-63121,15.9596,-5.8674,488.7
NORAD-63122,24.0939,128.1668,487.0
NORAD-63123,-3.9224,160.9622,490.4
NORAD-63124,40.4457,90.7640,484.7
NORAD-63125,-27.8969,-166.0142,515.0
NORAD-63126,-30.7031,-165.4293,515.1
NORAD-63127,6.9752,6.8653,467.2
NORAD-63130,-63.8267,-105.9616,19133.4
NORAD-63131,-29.9617,-50.8376,19116.1
NORAD-63132,-41.1494,60.8369,364.2
NORAD-63133,29.4568,-45.8599,358.2
NORAD-63134,-28.9781,27.6846,364.5
NORAD-63135,-9.1787,1.2847,363.1
NORAD-63136,11.0839,-20.7622,361.2
NORAD-63137,39.3944,-127.4794,357.4
NORAD-63138,-11.2402,158.6109,362.9
NORAD-63139,-29.6803,133.2926,364.4
NORAD-63140,28.4649,-153.6473,358.9
NORAD-63141,9.5216,-178.7817,361.4
NORAD-63142,41.3988,-80.4710,356.8
NORAD-63143,40.8740,-121.0560,357.3
NORAD-63144,-41.0373,101.9770,362.9
NORAD-63145,-41.9650,-124.7101,492.3
NORAD-63146,35.9417,38.0954,485.2
NORAD-63147,29.0691,23.6949,486.0
NORAD-63148,26.0189,11.7448,486.9
NORAD-63149,42.6059,79.2722,484.8
NORAD-63150,12.7305,-5.7655,489.0
NORAD-63151,-15.5252,177.1039,491.3
NORAD-63152,25.0538,17.1492,486.5
NORAD-63153,-74.1707,-58.3166,547.7
NORAD-63154,-27.2609,-53.0199,838.1
NORAD-63155,-53.0073,-56.8975,833.9
NORAD-63157,0.2747,94.3411,35808.3
NORAD-63159,85.6626,-154.7339,1077.8
NORAD-63160,15.0133,11.1896,1075.5
NORAD-63161,-45.2068,12.7379,1073.9
NORAD-63162,-65.5489,13.9442,1074.7
NORAD-63163,66.5123,-169.6070,908.9
NORAD-63164,45.5197,-167.4088,1079.4
NORAD-63165,-85.1735,23.9296,1073.7
NORAD-63166,-4.9350,11.4489,1078.0
NORAD-63167,-74.4900,-172.2810,1074.8
NORAD-63168,54.4873,10.0305,1076.3
NORAD-63169,65.2049,-166.9226,1038.2
NORAD-63170,-16.7248,-168.7045,1079.5
NORAD-63171,5.7009,-168.4227,1080.1
NORAD-63172,-34.7728,-169.3725,1078.6
NORAD-63173,74.4319,7.7510,1075.1
NORAD-63174,25.2019,-168.1108,1078.1
NORAD-63175,-25.3438,12.0813,1074.8
NORAD-63176,65.7371,-166.1508,1077.8
NORAD-63177,-10.8121,6.8924,912.7
NORAD-63178,-36.5455,75.2597,662.3
NORAD-63179,-51.7834,-88.7114,668.3
NORAD-63180,-7.1221,79.7620,655.6
NORAD-63181,64.0054,-115.8335,644.7
NORAD-63182,-39.5594,-92.8171,669.6
NORAD-63183,28.1823,25.4437,360.0
NORAD-63184,8.5032,51.2281,361.7
NORAD-63185,-8.9767,-129.7462,363.7
NORAD-63186,29.9156,-82.0043,358.7
NORAD-63187,40.6065,-6.3138,357.4
NORAD-63188,-30.5568,99.6196,364.5
NORAD-63189,-40.7542,172.5196,365.1
NORAD-63190,41.8313,-13.2391,357.4
NORAD-63191,-27.9056,-154.5533,365.1
NORAD-63192,-41.5246,132.0942,365.9
NORAD-63193,11.5922,-107.3488,361.1
NORAD-63194,-11.5968,73.1052,362.8
NORAD-63195,41.4862,-47.6985,357.5
NORAD-63196,13.2253,-141.2938,488.5
NORAD-63197,-36.5131,-3.1306,491.8
NORAD-63198,18.9663,-152.6838,487.8
NORAD-63199,11.3864,61.7654,488.4
NORAD-63200,37.8339,172.5992,485.0
NORAD-63201,-3.0997,46.0024,490.1
NORAD-63202,-34.1685,-83.6145,492.5
NORAD-63203,-41.5167,-58.6485,492.2
NORAD-63205,-40.6944,-162.7671,563.4
NORAD-63207,20.3344,63.3541,559.0
NORAD-63208,-76.6086,-58.2455,515.5
NORAD-63209,16.1238,-14.1053,426.8
NORAD-63210,-47.8262,144.5373,481.1
NORAD-63211,53.2150,163.4093,457.0
NORAD-63212,5.4407,158.8826,409.6
NORAD-63213,82.5578,-124.1368,457.1
NORAD-63214,-32.0304,-22.9734,475.2
NORAD-63215,-75.8943,121.2585,478.6
NORAD-63216,23.0360,152.8652,489.6
NORAD-63217,66.5332,-45.4263,460.1
NORAD-63218,77.1474,-173.3640,459.3
NORAD-63219,65.3971,-44.4952,460.2
NORAD-63220,4.4191,-31.2882,500.2
NORAD-63221,-27.9341,-28.1730,514.4
NORAD-63222,-10.9192,147.8298,505.3
NORAD-63223,40.6057,-37.7698,496.7
NORAD-63225,-27.1802,144.8453,513.8
NORAD-63226,-44.4250,140.9753,516.5
NORAD-63228,-53.3670,-21.4092,512.8
NORAD-63229,51.4480,-41.0729,497.0
NORAD-63230,32.6525,155.8229,499.8
NORAD-63231,-50.6553,140.2637,504.1
NORAD-63232,63.6396,163.9902,489.4
NORAD-63233,-33.0777,142.7256,515.3
NORAD-63234,1.7253,-31.7694,508.4
NORAD-63235,-29.9238,-27.5116,510.3
NORAD-63236,-16.7666,145.1560,512.1
NORAD-63237,78.2102,-67.1621,462.9
NORAD-63238,-18.8146,148.6785,483.8
NORAD-63239,27.0690,154.9949,473.1
NORAD-63240,-23.2806,-26.0247,484.2
NORAD-63241,-74.3119,121.8172,501.7
NORAD-63242,-36.8139,141.7773,514.6
NORAD-63243,31.5260,-33.7163,477.0
NORAD-63244,-32.8363,142.0551,594.9
NORAD-63245,58.5919,159.4770,581.7
NORAD-63246,66.6322,-50.5054,575.6
NORAD-63247,-16.7987,145.5859,586.0
NORAD-63248,68.1484,-51.4871,571.9
NORAD-63249,-44.4787,140.1908,588.8
NORAD-63250,-70.1147,126.0501,591.8
NORAD-63251,15.4266,-34.9712,590.4
NORAD-63252,-28.3161,142.7167,595.9
NORAD-63253,2.2128,148.2578,581.6
NORAD-63254,-25.6973,-18.6786,545.4
NORAD-63255,-21.0323,144.6282,593.4
NORAD-63256,-7.1145,145.8746,599.6
NORAD-63257,-30.4987,-24.3234,577.6
NORAD-63258,-38.3753,141.4636,595.8
NORAD-63259,-5.8065,147.7389,585.8
NORAD-63260,-19.0765,144.4002,595.8
NORAD-63261,40.3496,-37.4772,572.0
NORAD-63262,-50.4543,140.0434,580.0
NORAD-63263,-78.6076,10.1375,590.9
NORAD-63264,30.8636,-36.4998,579.4
NORAD-63265,-23.9437,-119.0217,364.3
NORAD-63266,-39.4097,-85.7055,363.2
NORAD-63267,42.6534,131.4606,357.3
NORAD-63268,-15.3863,15.0409,364.1
NORAD-63269,-32.6599,-11.1745,364.6
NORAD-63270,33.3397,167.8341,358.8
NORAD-63271,23.6811,61.0445,359.7
NORAD-63272,-4.8831,-142.1495,361.0
NORAD-63273,4.7212,37.2296,362.1
NORAD-63274,14.7949,-163.8068,360.8
NORAD-63275,-42.4937,-47.0912,365.0
NORAD-63276,39.2792,94.2466,356.7
NORAD-63278,-32.7337,162.4078,492.2
NORAD-63279,32.1131,-20.2118,485.9
NORAD-63280,22.7986,-1.2626,487.1
NORAD-63281,-42.8405,109.5764,492.9
NORAD-63282,-40.8883,137.7659,492.5
NORAD-63283,-27.9449,60.0490,492.0
NORAD-63284,31.0777,-121.7326,485.2
NORAD-63285,41.5822,-46.5500,483.5
NORAD-63286,-11.6368,-166.8279,490.4
NORAD-63287,-5.4749,31.3477,490.8
NORAD-63288,21.0766,-35.5023,1482.5
NORAD-63289,46.6338,133.4603,1510.1
NORAD-63290,-77.4179,177.8429,1507.4
NORAD-63291,-32.7255,-139.0175,536.4
NORAD-63292,16.3168,39.1212,526.3
NORAD-63293,-4.4740,-142.6954,547.1
NORAD-63294,-47.5772,-135.6032,537.3
NORAD-63295,-74.8356,6.0863,547.7
NORAD-63296,54.5935,46.8273,511.4
NORAD-63297,-68.9835,-120.0128,509.1
NORAD-63298,78.7771,85.8903,442.3
NORAD-63299,-1.1937,-134.6332,36268.2
NORAD-63300,-66.3226,1.0013,669.9
NORAD-63301,-1.0066,19.5764,664.1
NORAD-63302,19.9925,22.5968,661.3
NORAD-63303,-23.2279,-156.9396,667.0
NORAD-63304,66.9963,-179.4313,657.4
NORAD-63306,39.0885,38.2069,631.2
NORAD-63307,-42.8947,90.1603,365.1
NORAD-63308,37.5607,-50.7119,359.4
NORAD-63309,-18.0007,25.0908,364.4
NORAD-63310,-2.0190,-176.9713,361.5
NORAD-63311,-22.5268,158.8471,364.1
NORAD-63312,32.5792,-131.6432,355.2
NORAD-63313,34.5015,-127.4253,358.3
NORAD-63314,42.8740,-89.9447,356.0
NORAD-63315,22.2816,-21.2608,360.2
NORAD-63316,17.3901,-155.2322,359.0
NORAD-63317,-37.4353,129.2137,364.9
NORAD-63318,-34.6665,52.5057,363.6
NORAD-63319,2.2115,2.3718,362.0
NORAD-63320,-34.7671,-63.9509,491.8
NORAD-63321,-39.7816,-68.6999,492.8
NORAD-63322,-18.2771,-26.2527,491.1
NORAD-63323,-21.4660,-160.2331,491.7
NORAD-63324,15.0002,11.1010,487.7
NORAD-63325,41.8114,68.8093,485.1
NORAD-63326,-37.3054,-60.2721,492.4
NORAD-63327,34.8611,118.8532,486.1
NORAD-63328,-4.5883,172.0125,490.1
NORAD-63329,6.8006,167.5500,488.1
NORAD-63330,54.3794,-38.4964,569.7
NORAD-63332,34.3384,-102.2559,630.1
NORAD-63344,15.9495,-104.9030,539.9
NORAD-63345,81.7595,144.6385,519.9
NORAD-63346,41.3103,84.1826,526.7
NORAD-63347,-43.6046,-95.3580,553.6
NORAD-63348,-7.3901,-101.6797,547.9
NORAD-63349,74.0771,105.3943,520.5
NORAD-63351,36.4633,-123.1084,524.6
NORAD-63352,-81.8602,119.6590,534.7
NORAD-63353,29.7388,-123.7367,521.0
NORAD-63354,-70.8692,-150.5591,530.5
NORAD-63355,52.0745,41.7817,534.8
NORAD-63356,-71.5836,-151.6115,530.5
NORAD-63357,26.3872,48.0332,540.2
NORAD-63358,-45.3139,-136.0987,526.9
NORAD-63359,-76.3118,-150.9829,496.5
NORAD-63361,-4.3281,79.7093,35809.4
NORAD-63362,-15.0559,58.1518,14637.8
NORAD-63363,32.2630,155.9814,465.1
NORAD-63364,-45.3268,78.6140,474.9
NORAD-63365,34.5793,-82.8791,464.5
NORAD-63366,-33.4142,101.7855,486.8
NORAD-63367,-29.7166,-13.1123,486.4
NORAD-63368,26.1324,-73.3619,466.2
NORAD-63369,-49.0838,7.8995,475.4
NORAD-63370,8.1816,-58.0153,469.1
NORAD-63371,-39.6350,93.0605,482.8
NORAD-63372,48.0826,-108.3430,462.4
NORAD-63373,51.0300,-163.6962,461.5
NORAD-63374,5.5274,131.9420,469.8
NORAD-63375,-22.0255,110.1964,473.3
NORAD-63376,1.9408,-39.8257,483.2
NORAD-63377,-20.6098,115.0155,485.8
NORAD-63378,-41.0098,90.7566,487.3
NORAD-63379,10.7102,-59.2545,454.1
NORAD-63380,-51.6534,60.1082,483.4
NORAD-63381,-52.7443,51.1799,487.9
NORAD-63383,11.9429,151.0868,468.8
NORAD-63384,17.3202,-65.3327,467.5
NORAD-63385,-15.6883,129.8870,471.9
NORAD-63386,-36.0272,-6.8481,474.5
NORAD-63387,-1.0945,-51.0318,470.4
NORAD-63388,-28.1577,-28.2607,473.9
NORAD-63389,-38.1725,-12.9947,482.7
NORAD-63390,65.0557,168.0981,819.1
NORAD-63391,-27.6817,-15.6350,821.1
NORAD-63392,50.3895,-13.2873,795.8
NORAD-63393,81.3451,-18.2163,810.7
NORAD-63394,33.4060,162.4826,877.2
NORAD-63395,-45.7592,-22.5837,577.9
NORAD-63397,-0.1547,160.5968,35798.1
NORAD-63399,-25.1838,40.6851,491.5
NORAD-63400,41.6905,177.7573,485.4
NORAD-63401,-11.7106,58.0905,490.5
NORAD-63402,-37.6570,-52.9154,492.0
NORAD-63403,-6.8469,63.5145,490.6
NORAD-63404,39.7916,-172.7050,485.7
NORAD-63405,-20.7963,46.9110,491.7
NORAD-63406,28.4664,-148.4620,486.9
NORAD-63407,7.5997,79.0918,488.5
NORAD-63408,29.8454,-143.1213,486.7
NORAD-63409,-42.9426,-16.0229,493.3
NORAD-63410,-29.1597,34.1999,493.5
NORAD-63411,31.8621,120.3921,485.4
NORAD-63412,-0.3715,73.8839,489.2
NORAD-63413,-16.3972,52.5025,490.7
NORAD-63414,42.3216,149.2212,485.1
NORAD-63415,-38.7494,11.5344,492.7
NORAD-63416,2.6996,73.7222,488.8
NORAD-63417,-36.0182,19.6755,492.4
NORAD-63418,-4.8104,-103.5704,490.6
NORAD-63419,9.4929,-119.0345,488.7
NORAD-63420,29.5110,108.1093,486.9
NORAD-63421,-32.8037,27.1938,491.7
NORAD-63422,-40.0755,-44.3736,492.3
NORAD-63423,39.0800,131.2768,486.3
NORAD-63424,34.6641,-156.5151,485.2
NORAD-63425,-42.7670,-25.9297,491.9
NORAD-63426,23.2457,-136.1012,486.8
NORAD-63429,-48.0078,161.9889,522.0
NORAD-63430,-53.1057,144.1978,523.3
NORAD-63431,-50.6864,154.3009,522.6
NORAD-63432,-6.0900,44.9548,756.6
NORAD-63433,-24.7308,-165.5208,429.1
NORAD-63434,36.3367,0.8843,420.3
NORAD-63435,18.6685,-129.3296,467.4
NORAD-63436,46.4433,-17.6555,429.6
NORAD-63437,-20.3413,50.3489,428.5
NORAD-63438,3.3602,31.7433,432.5
NORAD-63439,52.3507,-67.7548,462.6
NORAD-63440,-26.5640,-165.9056,473.5
NORAD-63441,52.7641,-65.0107,462.0
NORAD-63442,-52.1605,141.3747,476.4
NORAD-63443,9.7329,-136.5918,469.1
NORAD-63444,-42.3298,173.0871,474.1
NORAD-63445,53.0238,-50.3225,420.2
NORAD-63446,-35.1584,-175.7398,473.8
NORAD-63447,-46.7321,169.0666,487.6
NORAD-63448,-31.7758,63.9922,473.8
NORAD-63449,-23.2083,55.0779,473.6
NORAD-63450,-9.1076,-150.8364,472.0
NORAD-63451,48.7475,-86.7908,459.5
NORAD-63452,-53.0730,122.1856,475.2
NORAD-63453,-43.6274,176.2400,487.0
NORAD-63454,-50.8958,103.5115,475.3
NORAD-63455,0.6482,-143.4879,470.0
NORAD-63456,-17.7504,-157.8218,472.6
NORAD-63457,-39.5232,74.4918,474.5
NORAD-63458,-48.2666,158.9667,474.5
NORAD-63459,-46.1487,87.5504,474.8
NORAD-63460,28.6623,-99.9854,486.0
NORAD-63461,15.7628,-118.2454,487.7
NORAD-63462,-33.2370,178.7620,492.0
NORAD-63463,10.1139,32.7516,488.9
NORAD-63464,1.5415,-134.1712,489.5
NORAD-63465,41.9438,-30.7045,484.3
NORAD-63466,14.7918,27.3384,488.1
NORAD-63467,23.7123,15.7285,486.8
NORAD-63468,27.8295,9.3447,486.2
NORAD-63469,-26.9465,76.7005,491.9
NORAD-63470,-12.8163,-149.9063,491.0
NORAD-63471,38.5242,-77.3058,484.8
NORAD-63472,11.0751,-123.7373,488.3
NORAD-63473,37.9845,-13.0251,485.0
NORAD-63474,-22.7857,70.4477,491.6
NORAD-63475,-3.3029,-139.3632,490.0
NORAD-63476,-41.1227,153.9699,492.3
NORAD-63477,-16.6727,58.9515,491.4
NORAD-63478,-42.7325,137.5718,492.3
NORAD-63479,-41.0476,109.2056,492.1
NORAD-63480,-36.2956,92.1351,492.3
NORAD-63481,29.3121,3.3187,486.0
NORAD-63483,42.8318,-40.2150,484.1
NORAD-63484,-13.7967,58.9527,491.0
NORAD-63485,-42.7050,125.5009,492.2
NORAD-63486,-34.3130,90.6838,492.0
NORAD-63487,35.0350,-4.9304,485.3
NORAD-63488,-65.9318,167.8959,545.3
NORAD-63489,27.8752,-35.6680,501.1
NORAD-63493,52.8576,-61.6558,458.7
NORAD-63494,13.3232,26.1594,468.2
NORAD-63495,-16.9970,-154.3675,485.3
NORAD-63496,8.5664,-134.6968,477.1
NORAD-63497,28.2734,-117.4518,474.3
NORAD-63498,-11.8176,-150.1555,479.6
NORAD-63499,-28.7522,62.7040,481.8
NORAD-63500,-34.1024,-171.5814,486.6
NORAD-63501,-31.2408,-168.1310,481.8
NORAD-63502,-21.5462,-158.3271,486.0
NORAD-63503,48.7192,-86.9399,448.1
NORAD-63504,53.1208,-52.7789,473.7
NORAD-63505,20.0849,-125.3095,479.8
NORAD-63506,1.6392,-139.9383,482.6
NORAD-63507,-47.2056,164.8642,483.1
NORAD-63508,-29.8864,-166.6454,486.2
NORAD-63509,-45.3227,87.6291,483.0
NORAD-63510,49.2757,-80.0710,474.7
NORAD-63511,45.1459,-92.4258,471.7
NORAD-63512,46.9943,-14.9214,470.7
NORAD-63513,11.6241,29.6061,476.9
NORAD-63514,47.8699,-16.6973,475.4
NORAD-63515,-7.5553,-146.8921,483.6
NORAD-63516,53.0963,-54.6061,469.7
NORAD-63517,-37.9822,-176.9357,487.0
NORAD-63518,-14.2462,47.2499,472.3
NORAD-63519,-8.5638,47.7463,484.1
NORAD-63523,34.4833,135.2280,355.3
NORAD-63524,-0.2034,164.5270,35797.6
NORAD-63525,17.7591,-166.3608,21994.0
NORAD-63548,-9.4422,63.4091,362.8
NORAD-63549,-9.8271,-95.2161,363.5
NORAD-63550,41.3276,145.0554,356.1
NORAD-63551,-13.2905,59.0198,362.9
NORAD-63552,-41.1969,3.8852,364.3
NORAD-63553,-40.9714,-37.3420,366.3
NORAD-63554,40.7216,-173.2021,354.7
NORAD-63556,9.4368,84.7920,360.6
NORAD-63557,29.3110,111.4883,357.7
NORAD-63558,29.1857,-142.6110,358.8
NORAD-63559,-29.0778,37.1265,365.2
NORAD-63560,-28.5051,-70.3634,365.0
NORAD-63561,34.8615,6.4248,485.2
NORAD-63562,23.4510,26.9827,487.0
NORAD-63563,-14.0454,70.1835,491.5
NORAD-63564,-38.9607,174.1980,492.2
NORAD-63565,19.0740,32.9257,487.6
NORAD-63566,-25.3210,-156.2546,491.8
NORAD-63567,-39.9548,118.4839,492.4
NORAD-63568,-27.2092,88.0145,492.1
NORAD-63569,37.0956,55.4280,485.1
NORAD-63570,41.4380,0.2029,484.5
NORAD-63571,-3.0139,-77.6758,490.1
NORAD-63572,10.3831,94.6865,488.6
NORAD-63573,5.5422,100.0275,489.0
NORAD-63575,-37.2185,160.4329,492.4
NORAD-63576,16.0681,-56.5018,487.9
NORAD-63577,-4.0602,110.3388,490.4
NORAD-63578,-17.1326,-93.7044,490.9
NORAD-63579,-21.5452,-99.5250,491.2
NORAD-63580,-41.5607,177.8652,493.2
NORAD-63581,11.5099,-61.8701,488.3
NORAD-63582,32.6987,-31.0422,485.4
NORAD-63583,42.9372,12.1960,484.1
NORAD-63584,31.3385,64.4333,484.3
NORAD-63585,34.8001,57.0239,484.8
NORAD-63586,-39.2125,-135.4086,492.3
NORAD-63587,-33.4272,-119.4257,491.9
NORAD-63588,-36.5807,-127.0987,492.4
NORAD-63589,-18.1539,126.5197,491.5
NORAD-63590,19.5802,83.6022,487.6
NORAD-63591,28.9847,-38.0966,485.8
NORAD-63592,-34.1466,152.5547,492.1
NORAD-63593,6.6419,-67.3018,489.1
NORAD-63594,-26.7666,138.6483,491.9
NORAD-63595,-7.7042,-82.8391,490.8
NORAD-63599,67.7901,58.2665,1045.4
NORAD-63600,-67.0336,-120.7997,1060.7
NORAD-63601,49.7167,-85.3004,1047.6
NORAD-63602,-9.0622,-98.5415,1057.0
NORAD-63603,-49.8847,94.6228,1060.2
NORAD-63604,8.6533,81.4985,1054.2
NORAD-63605,8.0253,109.9468,843.3
NORAD-63629,1.1408,64.5913,36149.4
NORAD-63630,-45.3453,55.6415,574.1
NORAD-63631,37.8475,-161.2139,569.7
NORAD-63634,21.3803,-5.6147,487.0
NORAD-63635,-42.8458,-126.5680,492.5
NORAD-63636,7.5317,-22.2478,488.7
NORAD-63637,-32.2890,-73.8124,491.1
NORAD-63638,-40.3300,-145.3591,491.9
NORAD-63639,8.9455,139.4908,488.9
NORAD-63640,12.2586,-16.9342,488.3
NORAD-63641,-35.1637,-161.8376,492.0
NORAD-63642,39.1347,30.2865,484.3
NORAD-63643,-40.7498,-98.6788,492.7
NORAD-63644,41.1430,39.0896,484.3
NORAD-63645,22.6171,122.7060,485.8
NORAD-63646,-28.0037,-176.1246,491.6
NORAD-63647,25.6698,0.5752,486.6
NORAD-63648,-42.8908,-116.5239,493.2
NORAD-63649,-28.5567,-66.8807,491.0
NORAD-63650,-10.3143,160.4121,490.1
NORAD-63651,-23.8596,177.4289,491.3
NORAD-63652,-41.9899,-136.0226,492.4
NORAD-63653,42.9729,57.9744,485.3
NORAD-63654,41.5911,77.1262,484.0
NORAD-63655,42.6758,67.7245,484.1
NORAD-63656,-5.5379,155.1342,489.5
NORAD-63657,-31.7955,-169.2342,491.9
NORAD-63658,39.7762,86.0738,484.7
NORAD-63659,-32.9834,-163.2662,492.4
NORAD-63660,-42.1531,-107.3451,492.2
NORAD-63661,30.6679,109.7764,484.0
NORAD-63662,-2.0716,20.4190,35782.5
NORAD-63663,-22.1271,108.7704,30446.0
NORAD-63664,39.8424,-98.0392,358.0
NORAD-63665,42.0068,-56.8236,355.8
NORAD-63667,30.4603,-20.0098,356.7
NORAD-63668,13.0884,4.6056,359.7
NORAD-63669,-6.7873,26.3216,363.0
NORAD-63670,-25.4814,49.6738,364.9
NORAD-63671,-39.4247,80.7590,365.9
NORAD-63672,-42.3216,121.0031,367.6
NORAD-63673,-32.1369,156.2978,364.8
NORAD-63674,-14.2803,-177.2418,363.9
NORAD-63675,6.1368,-154.8404,361.0
NORAD-63676,25.9590,-130.0475,357.3
NORAD-63677,-29.5487,-147.4787,492.1
NORAD-63678,-12.2563,-171.4029,491.3
NORAD-63679,-34.3818,-52.3900,492.6
NORAD-63680,38.5578,115.6514,483.9
NORAD-63681,28.7248,138.3843,485.4
NORAD-63682,-25.6984,-153.8452,491.7
NORAD-63684,37.9161,51.2737,484.8
NORAD-63685,-42.7215,-87.4019,492.3
NORAD-63686,-16.9554,-165.8046,491.1
NORAD-63687,34.0260,-157.1821,1172.6
NORAD-63688,-1.9942,-159.6059,1178.7
NORAD-63689,-37.7452,-162.3325,1182.6
NORAD-63690,-70.1626,30.3022,1183.4
NORAD-63691,-34.2464,22.9783,1181.5
NORAD-63692,1.6353,20.2491,1177.3
NORAD-63693,-73.2349,-171.1582,1183.7
NORAD-63694,37.5506,17.7020,1171.2
NORAD-63695,70.0918,-150.0180,1167.3
NORAD-63696,73.3519,8.5760,1166.9
NORAD-63697,-41.1677,-104.5228,474.8
NORAD-63698,11.8895,-52.4934,481.0
NORAD-63699,47.3079,-6.6071,475.1
NORAD-63700,-51.5071,-131.9120,487.7
NORAD-63701,25.2689,-40.8811,474.3
NORAD-63702,-5.5738,122.2822,479.2
NORAD-63703,-51.6949,-169.7078,487.7
NORAD-63704,25.4136,-40.7459,479.1
NORAD-63705,-24.7620,-81.7201,486.1
NORAD-63706,52.7334,38.7715,474.5
NORAD-63707,-47.1600,-115.3713,487.5
NORAD-63708,-37.6451,154.0407,487.6
NORAD-63709,-52.7987,-160.3838,487.7
NORAD-63710,52.7003,18.0991,469.1
NORAD-63711,42.7442,-17.8017,471.2
NORAD-63712,34.1468,87.6194,472.6
NORAD-63713,-14.9073,-73.7358,480.4
NORAD-63714,-2.0072,-63.0523,483.6
NORAD-63715,-33.2450,-90.9048,487.1
NORAD-63716,48.8793,59.0448,470.3
NORAD-63717,-44.2427,-108.3348,487.5
NORAD-63718,-25.6142,139.0929,481.6
NORAD-63719,-33.5547,-93.4065,474.3
NORAD-63720,-44.5848,166.3189,487.7
NORAD-63721,14.9210,106.6090,476.2
NORAD-63722,-36.0343,-94.5116,484.9
NORAD-63723,-52.7015,-141.1834,487.7
NORAD-63724,-51.7924,98.0923,641.9
NORAD-63725,-6.2809,35.2978,638.0
NORAD-63726,42.0016,-127.2334,631.0
NORAD-63727,-50.4757,123.3873,642.5
NORAD-63728,11.8882,-170.1917,635.7
NORAD-63729,17.3148,-133.0233,634.9
NORAD-63730,-17.2779,46.8897,639.4
NORAD-63731,50.6863,-63.8008,629.3
NORAD-63732,-27.9470,59.8753,640.2
NORAD-63733,-16.5113,-168.1408,639.7
NORAD-63734,-13.3438,34.7922,639.1
NORAD-63735,-5.3086,-156.3669,638.3
NORAD-63736,5.1376,23.7229,636.5
NORAD-63737,6.3003,-144.7728,637.0
NORAD-63738,-45.1238,145.8618,641.6
NORAD-63739,16.0229,12.3154,635.3
NORAD-63740,-36.9617,164.1209,641.2
NORAD-63741,45.0201,-33.9743,630.1
NORAD-63742,-45.1427,68.4821,641.0
NORAD-63743,27.9160,-120.1722,633.1
NORAD-63744,-11.9137,-169.6518,651.3
NORAD-63745,-50.1213,-29.9000,456.2
NORAD-63746,-41.3400,-173.3633,641.7
NORAD-63747,51.7883,-81.9143,629.2
NORAD-63748,-37.6977,75.1221,641.2
NORAD-63749,-51.8593,124.3697,641.9
NORAD-63750,-27.1991,179.0421,640.6
NORAD-63751,-39.3774,151.1529,363.6
NORAD-63752,42.5322,-67.5905,354.1
NORAD-63753,5.6914,26.1487,362.4
NORAD-63754,14.2797,-131.4855,361.1
NORAD-63755,-25.0938,-177.3557,363.0
NORAD-63756,32.1480,-105.0014,357.7
NORAD-63757,-32.1771,74.6111,365.8
NORAD-63758,-5.7360,-153.4519,362.3
NORAD-63759,39.5521,-29.9691,359.0
NORAD-63760,-14.9583,48.8717,363.9
NORAD-63761,24.8460,2.5639,359.7
NORAD-63762,-42.3732,111.1909,364.7
NORAD-63763,40.4861,-33.9354,356.6
NORAD-63764,18.8265,167.8815,487.1
NORAD-63765,27.4020,155.5729,486.4
NORAD-63766,29.1241,46.3145,486.3
NORAD-63767,-14.3580,-154.8343,491.0
NORAD-63768,-32.8171,-34.8147,491.9
NORAD-63769,4.7538,-175.8314,489.1
NORAD-63770,-36.0760,-42.4389,492.4
NORAD-63771,-41.8055,-97.2576,492.0
NORAD-63772,29.8363,-101.5759,675.9
NORAD-63773,-29.1392,-27.7869,490.7
NORAD-63774,15.0681,22.0892,487.5
NORAD-63775,40.4807,82.6975,484.4
NORAD-63776,-36.7656,-109.8796,493.2
NORAD-63777,42.9554,96.9070,484.4
NORAD-63778,-13.3636,1.8127,491.3
NORAD-63779,-17.4435,-143.3873,491.0
NORAD-63780,-42.5498,-83.1655,491.1
NORAD-63781,-41.4972,-54.9555,492.7
NORAD-63782,0.9669,17.5704,490.0
NORAD-63783,5.8160,22.7907,489.1
NORAD-63784,2.1764,11.9170,489.4
NORAD-63786,-17.9471,-3.7417,491.3
NORAD-63787,-21.9212,-137.5251,491.3
NORAD-63788,10.5337,28.0047,488.5
NORAD-63789,42.0638,91.8842,484.4
NORAD-63790,38.2735,138.4149,484.7
NORAD-63791,-33.5595,-117.7757,492.0
NORAD-63792,-41.2813,-92.8159,492.1
NORAD-63793,42.8821,111.0905,485.0
NORAD-63794,32.1197,153.8789,484.3
NORAD-63795,-37.0800,-37.5146,492.2
NORAD-63796,-39.6161,-45.9573,492.4
NORAD-63797,-25.0616,-9.9715,491.8
NORAD-63798,-3.8252,12.4296,490.1
NORAD-63799,24.1326,45.1759,487.0
NORAD-63800,35.3655,65.9964,485.2
NORAD-63802,28.2779,160.9452,486.1
NORAD-63803,40.5183,129.7820,485.0
NORAD-63804,-41.9765,62.0416,491.3
NORAD-63805,-31.7598,95.2530,490.4
NORAD-63806,-28.0093,102.0614,491.1
NORAD-63807,-6.7756,-36.3652,490.5
NORAD-63808,30.6307,176.1346,483.5
NORAD-63809,-40.3748,71.0979,493.2
NORAD-63810,21.4672,-68.5422,487.8
NORAD-63812,-42.2588,33.3296,493.0
NORAD-63813,-34.8099,0.9352,490.4
NORAD-63814,-24.9963,-13.7364,491.6
NORAD-63815,-20.7089,-19.8049,491.6
NORAD-63816,-23.9107,108.4418,491.3
NORAD-63817,-42.7817,52.8396,492.2
NORAD-63818,-35.9891,7.3937,493.9
NORAD-63819,-13.7844,-29.3379,473.3
NORAD-63820,14.0547,152.2954,488.8
NORAD-63821,26.7967,169.4923,485.1
NORAD-63822,-12.0565,120.0705,490.3
NORAD-63823,-20.6995,108.5614,491.5
NORAD-63824,-38.7356,15.5823,492.3
NORAD-63825,39.7476,-160.2199,484.0
NORAD-63826,-19.5648,114.4134,491.4
NORAD-63827,-38.0316,79.8429,492.9
NORAD-63828,42.4566,-122.5350,484.0
NORAD-63829,2.8108,-46.6766,489.6
NORAD-63830,29.7277,-81.3467,485.8
NORAD-63831,41.5832,-151.2003,483.7
NORAD-63832,12.3375,-57.1938,489.0
NORAD-63833,-47.0391,-22.2431,490.8
NORAD-63834,80.3366,-79.3749,474.4
NORAD-63835,-59.3568,138.8433,481.7
NORAD-63836,-28.5942,6.2220,492.0
NORAD-63837,-20.1131,18.8409,491.5
NORAD-63838,9.6862,-152.5127,487.9
NORAD-63839,26.1810,73.6580,486.5
NORAD-63840,17.5678,61.6977,487.4
NORAD-63841,-42.1438,-34.0955,491.8
NORAD-63842,-42.9050,-43.7700,492.2
NORAD-63843,37.0013,167.6717,486.0
NORAD-63844,-38.0445,-80.6986,492.1
NORAD-63845,-14.9644,-121.0381,491.4
NORAD-63846,39.5739,159.1506,483.6
NORAD-63847,33.7137,87.5091,485.6
NORAD-63848,12.8862,56.0703,488.1
NORAD-63849,-42.9801,-50.9138,492.7
NORAD-63850,-35.1373,-88.7541,491.7
NORAD-63851,42.9810,131.5936,484.3
NORAD-63853,41.3925,112.7588,484.3
NORAD-63854,-28.0007,-102.9934,492.0
NORAD-63855,21.9720,67.4638,486.9
NORAD-63856,-11.0604,29.8215,490.6
NORAD-63857,36.9193,95.4617,485.1
NORAD-63858,8.1204,50.6514,488.9
NORAD-63859,-38.4591,-16.4448,491.3
NORAD-63860,-15.6610,24.4330,491.0
NORAD-63861,-32.2555,-0.6165,491.6
NORAD-63862,-35.6137,-8.2369,491.9
NORAD-63863,-41.9486,-63.1846,492.4
NORAD-63864,0.9185,17.2866,580.9
NORAD-63865,-22.2121,-171.1102,583.1
NORAD-63866,-69.8902,101.5710,583.9
NORAD-63867,-42.7106,177.8264,583.6
NORAD-63868,-20.0154,25.2162,582.8
NORAD-63869,60.9445,-121.7056,573.6
NORAD-63870,19.1855,-155.3324,579.4
NORAD-63871,69.9599,-75.9301,574.0
NORAD-63872,-40.6446,35.7871,583.4
NORAD-63873,40.6040,-144.4418,576.9
NORAD-63874,-59.4073,55.5626,583.7
NORAD-63875,54.5959,-131.8297,578.4
NORAD-63877,-43.5116,177.2380,583.7
NORAD-63878,-39.8283,35.2417,583.5
NORAD-63879,-1.0061,-162.9568,581.3
NORAD-63880,-69.9569,104.0622,583.6
NORAD-63881,42.5433,-2.2577,576.5
NORAD-63882,10.7856,151.6657,440.2
NORAD-63883,-19.1434,24.8515,583.1
NORAD-63884,22.1757,8.7047,579.1
NORAD-63885,19.9703,-155.0069,579.5
NORAD-63886,61.0022,-23.7873,574.7
NORAD-63887,43.3335,-2.8324,576.2
NORAD-63888,-61.6989,154.9322,583.4
NORAD-63889,-1.9675,-163.3277,581.8
NORAD-63890,24.3844,-68.7279,487.1
NORAD-63891,38.0854,-162.1985,485.0
NORAD-63893,-3.5106,-35.9580,490.0
NORAD-63894,15.5318,157.1587,486.9
NORAD-63895,40.6008,-106.4236,484.9
NORAD-63896,-39.4467,22.1092,493.6
NORAD-63897,42.8511,-134.9206,484.2
NORAD-63898,28.5124,175.4045,485.8
NORAD-63899,10.8447,-51.5418,488.7
NORAD-63900,32.2499,-82.2068,487.3
NORAD-63901,-17.6819,-19.7785,491.4
NORAD-63902,6.2246,146.5439,489.0
NORAD-63903,-42.5711,40.4161,491.3
NORAD-63904,42.1388,-115.6589,485.9
NORAD-63905,35.2054,-170.2095,486.5
NORAD-63906,-26.2570,107.9783,491.5
NORAD-63907,-12.9702,125.5795,490.6
NORAD-63908,41.9961,-144.4718,484.1
NORAD-63909,15.5580,-57.0484,488.1
NORAD-63910,35.6042,-89.7782,486.6
NORAD-63911,-13.0010,-25.4205,491.2
NORAD-63912,1.2743,-41.0850,489.7
NORAD-63913,-26.5163,-7.4544,492.4
NORAD-63914,-42.5644,59.7916,488.6
NORAD-63915,-36.8700,13.7277,493.3
NORAD-63916,1.3717,141.3117,489.6
NORAD-63917,-36.9275,86.2350,493.0
NORAD-63918,36.1733,76.5225,854.3
NORAD-63919,35.4309,76.4124,854.7
NORAD-63920,35.8094,75.7304,854.5
NORAD-63921,78.7685,-131.4456,802.7
NORAD-63922,35.3044,-124.2230,656.2
NORAD-63923,39.1097,72.3032,796.0
NORAD-63924,-3.0592,141.3410,35785.2
NORAD-63926,-38.3903,74.3141,583.4
NORAD-63927,62.7288,12.3142,574.4
NORAD-63928,24.5292,48.0435,578.8
NORAD-63929,-63.3805,-169.1374,583.9
NORAD-63930,3.4148,56.3472,581.2
NORAD-63931,-45.6849,-144.4591,584.0
NORAD-63932,-16.8671,63.9081,582.7
NORAD-63933,69.5097,-45.6753,573.5
NORAD-63934,37.6063,-106.3698,577.5
NORAD-63935,4.2494,56.0343,581.0
NORAD-63936,45.5344,35.4558,576.0
NORAD-63937,-25.3541,-132.5250,583.5
NORAD-63938,-69.6697,136.8798,583.6
NORAD-63939,56.9332,-88.6776,575.2
NORAD-63940,25.2686,47.7116,578.6
NORAD-63941,16.7796,-116.3407,579.9
NORAD-63942,-3.4928,-123.8903,582.0
NORAD-63943,69.6826,-43.1112,573.9
NORAD-63944,-69.4965,134.3540,583.6
NORAD-63945,-37.5844,73.8189,583.7
NORAD-63946,-56.8212,91.3620,583.4
NORAD-63947,-57.5091,92.3929,584.0
NORAD-63948,-4.3267,-124.1940,582.2
NORAD-63949,63.2831,10.9030,574.2
NORAD-63950,57.5276,-87.7832,574.7
NORAD-63951,38.3455,-105.9211,577.3
NORAD-63952,23.9856,169.0383,485.3
NORAD-63953,28.4358,-75.2618,486.5
NORAD-63954,-3.9324,136.3724,490.4
NORAD-63955,10.4072,151.9234,488.6
NORAD-63956,31.8318,-177.7556,485.4
NORAD-63957,40.4380,-153.4665,486.2
NORAD-63958,42.8962,-125.2171,484.5
NORAD-63959,19.6499,163.0514,487.1
NORAD-63960,38.3290,-97.7164,485.3
NORAD-63961,19.9825,-62.7417,487.1
NORAD-63962,5.8987,-46.1933,489.3
NORAD-63963,-22.2163,-13.9428,492.3
NORAD-63964,-8.4729,-30.6792,490.8
NORAD-63965,-33.8022,5.9456,491.2
NORAD-63966,-41.3912,31.0270,494.0
NORAD-63967,-39.4692,77.7793,494.4
NORAD-63968,-42.9787,50.1522,490.3
NORAD-63969,-30.1730,101.2247,491.2
NORAD-63970,-17.5671,119.9161,491.3
NORAD-63971,7.8348,-51.7834,489.0
NORAD-63972,-28.8320,-7.2118,491.9
NORAD-63973,37.1026,-168.7716,484.8
NORAD-63974,42.6335,-141.9594,484.5
NORAD-63975,41.2509,-113.3783,484.2
NORAD-63976,33.5409,-88.5266,485.7
NORAD-63977,25.8834,-74.6010,486.9
NORAD-63978,-1.7658,-41.4313,490.1
NORAD-63979,-16.0079,-25.4489,491.1
NORAD-63982,-54.8157,159.0165,500.0
NORAD-63983,-71.3948,175.7334,458.6
NORAD-63984,-58.8684,160.7856,499.0
NORAD-63985,66.7866,-10.6332,469.6
NORAD-63986,-59.8533,161.2503,513.1
NORAD-63987,-46.9689,156.3834,515.3
NORAD-63988,-24.5395,154.1990,497.9
NORAD-63989,68.2166,-8.5850,458.1
NORAD-63990,41.5977,-21.7890,472.1
NORAD-63991,-33.2456,153.2893,514.7
NORAD-63992,-39.3246,154.6683,516.3
NORAD-63993,65.7306,135.7039,463.2
NORAD-63994,-10.1980,-48.8589,491.5
NORAD-63995,25.5737,110.9995,486.8
NORAD-63996,-2.1407,144.1365,490.0
NORAD-63997,-38.8092,-158.6958,492.4
NORAD-63998,18.2114,-17.1474,487.4
NORAD-63999,-6.9949,149.3500,490.7
NORAD-64000,16.8287,122.9254,488.1
NORAD-64001,-38.0082,-94.6031,493.7
NORAD-64002,-14.8900,-54.2854,491.1
NORAD-64003,-42.7717,-121.4950,491.5
NORAD-64004,41.6221,34.5115,484.7
NORAD-64005,7.4468,133.7651,489.4
NORAD-64006,-42.9524,-131.0580,492.6
NORAD-64007,-20.8654,165.8700,491.8
NORAD-64008,30.7936,1.8786,485.5
NORAD-64009,-25.1417,171.9471,492.1
NORAD-64010,4.3254,-33.1260,489.1
NORAD-64011,9.0050,-28.0077,488.6
NORAD-64012,-32.8545,-174.4648,492.2
NORAD-64013,-2.4414,-43.8441,490.1
NORAD-64014,-23.7622,-65.8744,492.0
NORAD-64015,-11.7168,154.6154,491.1
NORAD-64016,-29.2372,178.6002,492.1
NORAD-64017,2.6242,138.9855,489.5
NORAD-64018,41.1090,72.4952,484.6
NORAD-64019,37.3467,17.0577,484.4
NORAD-64020,42.6968,43.9714,483.8
NORAD-64021,-16.3632,160.1050,491.4
NORAD-64022,-36.7842,61.6139,583.3
NORAD-64023,-47.1669,-79.3524,583.4
NORAD-64024,47.2063,100.4755,576.3
NORAD-64025,-5.1439,-100.5606,581.7
NORAD-64026,35.9584,-117.7070,577.6
NORAD-64027,-35.9472,62.0967,583.5
NORAD-64028,55.3039,-134.5071,575.6
NORAD-64029,-63.9459,-54.3582,582.9
NORAD-64030,-5.9701,-100.2526,581.6
NORAD-64031,-69.0502,5.4125,583.3
NORAD-64032,64.4836,127.0171,574.9
NORAD-64033,5.9203,79.5235,581.2
NORAD-64034,-16.0253,71.3839,582.8
NORAD-64035,15.9567,-108.5089,579.9
NORAD-64036,-46.4499,-79.9645,583.2
NORAD-64037,-56.0951,44.6170,583.2
NORAD-64038,69.0209,-174.5239,574.7
NORAD-64039,36.7653,-118.1825,577.6
NORAD-64040,-26.1660,-92.1586,582.9
NORAD-64041,-69.2853,3.0569,583.2
NORAD-64042,15.0762,-108.0432,580.0
NORAD-64043,-64.4408,-52.9093,583.0
NORAD-64044,-26.9309,-91.7998,582.8
NORAD-64045,-15.3334,71.6522,582.7
NORAD-64046,26.8347,87.9506,578.8
NORAD-64047,-55.4418,45.5110,583.2
NORAD-64048,-14.0763,150.1463,520.4
NORAD-64049,39.7814,141.3499,509.3
NORAD-64050,45.3304,139.7763,507.4
NORAD-64051,-50.6297,-42.2247,526.6
NORAD-64052,48.3331,139.8410,494.8
NORAD-64053,55.3726,136.3167,508.4
NORAD-64055,-4.8099,-87.7411,571.3
NORAD-64058,-18.4511,46.1571,908.6
NORAD-64059,39.7905,-30.5395,890.9
NORAD-64060,-41.0526,145.8166,914.9
NORAD-64061,18.2738,-134.3809,899.5
NORAD-64062,-0.0103,167.3187,35806.3
NORAD-64063,9.1750,146.1833,22895.9
NORAD-64064,-38.7131,-40.2319,365.0
NORAD-64065,33.4915,64.0387,358.0
NORAD-64066,23.3992,170.9058,360.2
NORAD-64067,-16.8084,-142.6639,363.4
NORAD-64068,-7.8503,10.4521,363.4
NORAD-64069,-42.7869,-77.4969,363.0
NORAD-64070,42.7015,100.7403,356.3
NORAD-64071,-4.0824,14.5529,364.5
NORAD-64072,4.2737,-166.1010,362.4
NORAD-64073,-23.9104,-9.3904,364.5
NORAD-64074,16.2003,37.0293,362.2
NORAD-64075,37.8530,142.1211,356.1
NORAD-64076,-33.6323,-116.1052,364.3
NORAD-64077,-5.7764,-7.9449,490.4
NORAD-64078,-20.0337,142.4438,491.4
NORAD-64079,39.4979,-132.5617,484.3
NORAD-64080,17.7012,-174.6270,487.4
NORAD-64081,-42.8584,70.3488,492.8
NORAD-64082,42.9779,-104.5619,482.9
NORAD-64083,-19.7203,8.3927,491.6
NORAD-64084,26.3412,-162.6062,487.1
NORAD-64085,-40.5979,98.6973,492.8
NORAD-64086,-31.9173,27.6596,493.4
NORAD-64087,-46.2398,158.3875,531.0
NORAD-64088,-52.9875,-38.3942,524.0
NORAD-64089,-1.8173,150.0660,530.3
NORAD-64090,-75.6886,-177.5944,517.3
NORAD-64091,49.5752,143.9634,495.3
NORAD-64092,-34.6758,158.9489,488.7
NORAD-64093,-35.7102,-18.2464,433.0
NORAD-64094,-1.3328,-173.1938,36224.7
NORAD-64095,23.9328,74.2963,479.8
NORAD-64096,-47.3802,51.4279,483.2
NORAD-64097,39.7427,-114.3722,464.0
NORAD-64098,-52.9816,7.8093,475.4
NORAD-64099,-25.2545,-53.1375,486.1
NORAD-64100,-33.6367,-43.9446,486.8
NORAD-64101,-53.0847,11.7472,483.2
NORAD-64102,34.6763,135.6056,464.7
NORAD-64103,-11.7729,-64.8231,484.9
NORAD-64104,-37.5728,-38.6542,487.0
NORAD-64105,-44.0923,-28.0266,483.5
NORAD-64106,8.2224,110.6450,469.7
NORAD-64107,-47.9995,48.9113,483.1
NORAD-64108,-31.4520,77.9332,482.6
NORAD-64109,-11.8781,96.1068,480.2
NORAD-64110,-38.7744,-38.9786,475.1
NORAD-64111,28.5080,129.1115,473.7
NORAD-64112,8.6046,111.6420,476.9
NORAD-64113,-32.7449,76.4034,482.7
NORAD-64114,-27.0664,-52.0377,481.9
NORAD-64115,16.0419,116.8640,465.9
NORAD-64116,53.0959,-168.0808,470.0
NORAD-64117,45.1448,153.9338,471.1
NORAD-64118,-52.9602,8.8157,483.9
NORAD-64119,-35.0529,-47.8281,473.9
NORAD-64120,-44.8919,-25.5869,485.1
NORAD-64121,-20.6148,-57.4617,485.6
NORAD-64122,47.7674,-130.7633,470.5
NORAD-64123,35.8456,-54.6742,358.0
NORAD-64124,-36.1290,125.6163,364.1
NORAD-64125,20.3830,50.7738,360.3
NORAD-64126,36.3428,22.2038,358.3
NORAD-64127,-19.8681,-128.9948,362.9
NORAD-64128,-19.7997,96.8496,362.5
NORAD-64129,-35.8773,-157.0176,363.7
NORAD-64130,0.4579,73.7065,362.6
NORAD-64131,-42.9331,167.3128,362.5
NORAD-64132,33.5217,-60.1894,358.1
NORAD-64133,42.9757,-16.6371,357.5
NORAD-64134,0.1939,-106.0499,362.7
NORAD-64135,19.3197,-83.3311,360.4
NORAD-64136,-1.2538,-137.1053,489.8
NORAD-64137,23.7795,147.7145,283.2
NORAD-64138,-24.6273,12.6035,491.4
NORAD-64139,33.9017,175.5382,487.1
NORAD-64140,39.4269,103.7393,484.5
NORAD-64141,42.5708,122.0762,484.1
NORAD-64142,22.1481,-164.2720,486.9
NORAD-64143,8.2821,-147.4088,488.4
NORAD-64144,30.2316,80.5722,485.8
NORAD-64145,-1.3582,40.5225,489.4
NORAD-64146,55.6515,114.8164,550.6
NORAD-64147,-11.5218,-55.8225,560.4
NORAD-64148,11.2826,124.1287,558.1
NORAD-64149,-33.2754,130.3982,564.0
NORAD-64150,-55.8925,-65.2016,564.4
NORAD-64151,-76.4708,157.8384,565.8
NORAD-64152,76.3267,-22.6145,548.4
NORAD-64153,33.1730,-49.5462,554.3
NORAD-64154,-8.3787,-46.9253,560.5
NORAD-64155,-41.1781,-60.7379,563.7
NORAD-64156,40.9658,119.2360,553.3
NORAD-64157,32.6280,122.0790,567.1
NORAD-64158,-48.0437,133.7604,564.6
NORAD-64159,-3.5820,126.0538,560.8
NORAD-64160,81.9293,61.1093,548.3
NORAD-64161,3.3481,-53.8955,558.7
NORAD-64162,-81.9009,-118.3367,564.7
NORAD-64163,26.1719,122.0032,556.2
NORAD-64164,70.0983,104.9228,548.6
NORAD-64165,62.5291,-40.0970,550.2
NORAD-64166,18.1585,-51.9249,554.5
NORAD-64167,-26.3789,-57.9510,562.6
NORAD-64168,-70.1703,-75.0790,564.6
NORAD-64169,-18.4645,128.0374,562.2
NORAD-64170,20.2651,-26.6581,474.9
NORAD-64171,-38.8096,26.3419,482.6
NORAD-64172,-20.6803,153.3257,480.9
NORAD-64173,-51.2761,58.4411,483.2
NORAD-64174,48.8423,-68.8586,474.6
NORAD-64175,-0.3288,169.4636,478.6
NORAD-64176,-2.8558,166.1548,470.1
NORAD-64177,-14.4123,159.3457,484.9
NORAD-64178,53.0771,-95.8824,474.1
NORAD-64179,25.2552,-32.7081,466.2
NORAD-64180,4.9278,-13.6304,482.1
NORAD-64181,22.2588,-171.7718,479.2
NORAD-64182,50.9319,-77.2501,474.3
NORAD-64183,20.0196,-174.4902,475.1
NORAD-64184,-0.7465,169.8593,483.3
NORAD-64185,51.2047,-121.5948,469.8
NORAD-64186,-20.2818,5.3884,481.2
NORAD-64187,38.8056,-152.6074,476.4
NORAD-64188,45.5520,-139.8634,475.3
NORAD-64189,-2.1730,-10.4434,470.9
NORAD-64190,-5.3312,166.4120,484.1
NORAD-64191,-27.8685,147.1268,485.3
NORAD-64192,26.5921,-167.6061,478.6
NORAD-64193,47.1388,-137.9500,462.6
NORAD-64194,38.7730,-47.5771,471.9
NORAD-64195,0.2683,-10.1418,483.1
NORAD-64196,38.5129,-153.7657,471.6
NORAD-64199,54.8191,-14.8474,508.2
NORAD-64200,-73.5715,-173.2077,351.7
NORAD-64202,-13.8980,-86.8784,20168.9
NORAD-64203,26.9786,-83.7912,478.4
NORAD-64204,-10.6255,-54.0729,472.3
NORAD-64205,-36.6203,-28.3606,474.7
NORAD-64206,47.9060,-118.0919,463.5
NORAD-64207,13.4444,-71.7151,481.0
NORAD-64208,-46.1609,-10.2146,487.7
NORAD-64209,-9.6071,-54.1465,484.5
NORAD-64210,-39.6715,-23.0740,486.7
NORAD-64211,-49.3489,-1.4384,475.1
NORAD-64212,-52.3812,15.0624,487.8
NORAD-64213,-28.5603,-38.1190,473.5
NORAD-64214,-12.8753,-53.7113,472.2
NORAD-64215,-19.7845,-46.5363,473.1
NORAD-64216,4.1441,-64.5314,481.1
NORAD-64217,-1.4875,-61.0250,470.3
NORAD-64218,-35.7843,-28.7997,486.9
NORAD-64219,-14.2414,-50.4901,484.9
NORAD-64220,51.9394,-135.2166,461.9
NORAD-64221,34.1527,-92.6194,464.7
NORAD-64222,-43.7383,-16.4032,475.0
NORAD-64223,16.9508,-75.3017,467.8
NORAD-64224,18.1190,-75.5849,480.4
NORAD-64225,7.9520,-68.1270,469.4
NORAD-64226,53.1166,-154.1878,461.2
NORAD-64227,35.2619,-93.3533,476.9
NORAD-64228,-38.3733,-27.2329,475.0
NORAD-64229,-52.5731,16.2139,475.4
NORAD-64230,4.7729,119.5640,382.3
NORAD-64231,-43.7889,-72.2559,464.5
NORAD-64233,-42.9566,42.0180,364.8
NORAD-64234,-4.6157,-45.0863,363.0
NORAD-64235,3.9004,133.6980,359.7
NORAD-64236,42.6982,-132.7136,355.1
NORAD-64237,-42.5571,49.5321,364.5
NORAD-64238,-38.4880,8.3677,363.9
NORAD-64239,16.1101,-68.9291,360.7
NORAD-64240,-16.1324,111.4892,362.0
NORAD-64241,22.8582,156.3245,360.7
NORAD-64242,38.3804,-172.4372,354.7
NORAD-64243,26.0857,-82.5547,344.1
NORAD-64244,-33.7214,83.8939,365.1
NORAD-64245,32.8186,-94.6026,357.2
NORAD-64246,-34.7111,-137.0604,492.4
NORAD-64247,18.7015,-67.9581,487.6
NORAD-64248,-38.8069,150.7248,492.2
NORAD-64249,-9.6156,-99.6339,490.7
NORAD-64250,21.2525,66.6504,486.8
NORAD-64251,4.8009,-84.0348,489.1
NORAD-64252,-42.9632,178.8038,492.6
NORAD-64253,-2.1681,93.5619,490.5
NORAD-64254,33.1543,46.8552,484.9
NORAD-64255,41.0971,22.0323,484.1
NORAD-64256,52.5978,-66.3587,461.8
NORAD-64257,39.0346,-21.6358,466.4
NORAD-64258,45.3036,-118.3579,462.4
NORAD-64259,28.1749,-11.4576,465.5
NORAD-64260,38.4790,-131.0213,463.5
NORAD-64261,30.2216,-141.6768,465.6
NORAD-64262,50.1829,-48.2259,461.9
NORAD-64263,12.4083,-155.1959,476.0
NORAD-64264,19.4387,-3.1436,467.2
NORAD-64265,38.0504,-20.1349,463.9
NORAD-64266,25.2520,-143.3057,475.1
NORAD-64267,43.4326,-32.9539,462.9
NORAD-64268,21.7103,-150.1857,466.9
NORAD-64269,49.2253,-48.0890,462.1
NORAD-64270,-14.4698,-175.0734,484.8
NORAD-64271,21.4613,-1.3929,469.4
NORAD-64272,52.5483,-85.9510,461.1
NORAD-64273,-50.9729,127.8434,487.5
NORAD-64274,30.1418,-10.0338,465.3
NORAD-64275,-19.0550,-178.9122,485.1
NORAD-64276,52.9389,-84.6057,461.5
NORAD-64277,45.4666,-114.4399,475.4
NORAD-64278,43.4870,-118.7401,463.4
NORAD-64279,50.3127,-103.0373,461.9
NORAD-64280,26.5255,-142.0502,478.5
NORAD-64281,43.3797,-29.3025,475.7
NORAD-64282,50.4729,-98.7877,474.3
NORAD-64283,70.5466,-89.1470,1166.8
NORAD-64284,73.1864,69.2624,1166.6
NORAD-64285,36.5272,78.1049,1171.6
NORAD-64286,0.5788,80.8931,1177.9
NORAD-64287,-35.1166,83.3026,1182.4
NORAD-64288,-55.7993,-118.6215,884.9
NORAD-64290,-0.0279,-116.1833,35786.7
NORAD-64291,-0.5340,-22.3742,581.5
NORAD-64292,59.2418,-60.2275,575.1
NORAD-64293,-59.2474,119.5585,583.7
NORAD-64294,60.5338,-162.3134,575.1
NORAD-64295,22.2314,166.1542,579.6
NORAD-64296,-22.2642,-14.0265,582.7
NORAD-64297,41.1892,-41.1133,577.1
NORAD-64298,1.2742,157.6890,581.5
NORAD-64299,-21.5859,-14.3127,582.7
NORAD-64300,61.1615,-161.0372,575.1
NORAD-64301,19.7946,-30.0816,579.5
NORAD-64302,-69.2816,1.5776,443.3
NORAD-64303,-19.7816,149.7226,582.9
NORAD-64304,69.9843,-111.2314,574.1
NORAD-64305,0.3406,157.7480,581.6
NORAD-64306,21.3990,165.8050,579.5
NORAD-64307,41.9672,176.6946,576.9
NORAD-64308,59.8898,-61.4080,574.9
NORAD-64309,20.5717,-30.4107,579.4
NORAD-64310,42.7579,177.2567,576.7
NORAD-64311,69.9463,-108.5942,573.8
NORAD-64312,40.3851,-40.5727,577.1
NORAD-64313,-1.3684,-22.0775,581.6
NORAD-64314,-42.9036,-2.8457,583.5
NORAD-64315,-69.9475,71.1044,583.2
NORAD-64316,-41.8516,-3.5951,583.4
NORAD-64317,-42.1489,-153.9201,365.1
NORAD-64318,13.5617,-35.4602,361.8
NORAD-64319,42.2144,26.1863,355.4
NORAD-64320,-31.6273,171.2753,364.1
NORAD-64321,-39.8659,-113.9065,365.5
NORAD-64322,-6.9167,-57.8687,365.2
NORAD-64323,6.3442,122.3077,360.9
NORAD-64324,39.3354,67.7299,356.6
NORAD-64325,41.1490,19.0884,358.1
NORAD-64327,24.6291,99.7574,358.2
NORAD-64328,31.5671,-9.2909,358.1
NORAD-64329,-14.7399,145.4783,362.9
NORAD-64330,-32.5919,-50.8010,492.9
NORAD-64331,-40.2009,20.6561,492.7
NORAD-64332,-5.1237,80.0562,490.3
NORAD-64333,-40.8226,-26.2117,491.1
NORAD-64334,-20.6320,-70.2476,492.3
NORAD-64335,9.2783,95.6208,488.4
NORAD-64336,41.1048,151.3726,483.9
NORAD-64337,42.9522,177.7198,483.4
NORAD-64338,7.5261,90.2273,488.8
NORAD-64339,-31.4104,44.7290,492.1
NORAD-64340,10.2441,168.1289,564.1
NORAD-64344,9.7599,0.9474,580.7
NORAD-64345,31.2996,10.1176,578.1
NORAD-64346,-51.4813,-155.2690,583.8
NORAD-64347,-30.7487,-169.9639,583.2
NORAD-64348,31.3751,164.7726,577.6
NORAD-64349,10.4950,1.2167,580.7
NORAD-64350,-67.1987,-122.4933,583.8
NORAD-64351,-32.2570,-15.8918,583.7
NORAD-64352,-10.6260,-178.5304,581.4
NORAD-64353,30.7809,9.8567,577.9
NORAD-64354,-31.4363,-15.4624,583.5
NORAD-64355,-51.2849,-29.5998,583.8
NORAD-64356,10.4381,173.7273,580.4
NORAD-64357,32.1885,164.3454,577.8
NORAD-64358,66.7996,55.4536,574.3
NORAD-64359,-11.3702,-6.8311,582.8
NORAD-64360,-52.0777,-30.4459,584.0
NORAD-64361,-67.1273,-62.2423,583.8
NORAD-64362,51.5063,24.5540,575.5
NORAD-64363,67.0695,117.8335,573.6
NORAD-64364,-10.5247,-6.5075,583.1
NORAD-64365,51.3150,150.5677,575.3
NORAD-64366,67.2216,57.4148,573.9
NORAD-64367,50.7017,23.7161,575.6
NORAD-64368,-31.6140,-169.5229,583.3
NORAD-64369,-9.9640,-178.7855,582.2
NORAD-64370,-41.9151,-69.5218,361.7
NORAD-64371,-7.5984,-166.6211,363.5
NORAD-64372,7.6455,12.9822,361.0
NORAD-64373,33.4195,140.2271,356.8
NORAD-64374,41.9463,109.7831,356.1
NORAD-64375,31.0427,145.0630,358.4
NORAD-64376,-30.3295,-34.0485,364.2
NORAD-64377,-26.9921,-141.7931,363.0
NORAD-64378,26.3303,36.7043,360.9
NORAD-64379,12.3997,171.5728,360.0
NORAD-64380,-40.2900,-109.5201,364.2
NORAD-64381,-12.6959,-9.2198,362.5
NORAD-64382,40.3283,70.1889,357.9
NORAD-64383,16.7228,162.9648,488.0
NORAD-64384,42.9661,-127.8527,484.3
NORAD-64385,38.9979,-155.6154,484.7
NORAD-64386,-24.8103,113.6963,491.6
NORAD-64387,-20.2947,120.0404,490.6
NORAD-64388,-15.8713,125.6427,491.0
NORAD-64389,-7.0414,136.6262,490.3
NORAD-64390,39.8436,-99.6257,484.6
NORAD-64391,-32.4632,100.4181,491.7
NORAD-64392,29.4569,-178.5965,486.3
NORAD-64393,28.8274,-161.6418,501.2
NORAD-64394,-0.3500,131.3230,35667.8
NORAD-64395,1.3828,147.6060,36015.3
NORAD-64396,-0.6600,-49.7597,36201.4
NORAD-64397,1.5745,71.6189,35811.1
NORAD-64398,-1.2320,-176.5418,35654.4
NORAD-64400,1.2450,98.1896,36764.1
NORAD-64401,0.1224,138.6425,37050.3
NORAD-64402,1.2674,93.4454,35842.3
NORAD-64403,0.5979,-17.8342,35448.3
NORAD-64404,-1.3717,-114.8994,35977.3
NORAD-64405,0.6441,142.7753,36258.7
NORAD-64406,-1.3202,-157.6779,36752.1
NORAD-64407,1.2872,82.0675,35699.0
NORAD-64408,1.1546,135.3536,41770.9
NORAD-64409,1.5772,64.2601,35799.6
NORAD-64410,-0.6336,167.5994,36146.1
NORAD-64411,1.3781,22.3636,35459.0
NORAD-64412,8.1794,40.5601,580.9
NORAD-64413,54.0876,-172.7475,575.5
NORAD-64414,-33.7937,23.5046,583.6
NORAD-64415,65.9218,92.0833,574.8
NORAD-64416,-68.1784,-28.1770,583.8
NORAD-64417,-65.9582,-87.9812,583.3
NORAD-64418,-13.9030,32.4211,582.8
NORAD-64419,49.2679,62.5341,576.2
NORAD-64420,28.3350,48.8670,578.9
NORAD-64421,68.2052,151.8582,574.3
NORAD-64422,-12.9530,32.7893,583.0
NORAD-64423,12.7211,-147.3216,580.1
NORAD-64424,-34.6696,23.0284,583.7
NORAD-64425,-48.6754,-118.2159,583.6
NORAD-64426,33.6222,-156.6010,577.7
NORAD-64427,-49.4244,-117.5200,583.7
NORAD-64428,-8.4580,-139.5256,581.8
NORAD-64429,29.1525,49.2650,578.6
NORAD-64430,53.3637,-171.8799,575.4
NORAD-64431,-29.3532,-130.8392,582.8
NORAD-64432,-53.3433,7.9406,583.7
NORAD-64433,7.3465,40.2561,581.2
NORAD-64434,68.5249,149.6980,574.1
NORAD-64435,-7.5640,-139.8615,582.0
NORAD-64436,48.5109,61.8258,576.1
NORAD-64437,-65.4047,-89.9937,583.7
NORAD-64438,-35.7624,133.6754,473.7
NORAD-64439,-31.3595,13.0178,474.4
NORAD-64440,29.2286,-37.4046,478.0
NORAD-64441,52.2022,-118.7436,461.6
NORAD-64442,18.0235,-179.6648,468.0
NORAD-64443,37.3409,-47.4697,476.6
NORAD-64444,-39.2193,23.5318,474.4
NORAD-64445,-47.1603,41.8516,487.6
NORAD-64446,2.1451,-14.2812,482.8
NORAD-64447,-29.7295,142.4032,474.3
NORAD-64448,-29.0991,12.6201,486.3
NORAD-64449,-18.8199,151.4995,473.3
NORAD-64450,31.4334,-41.2886,465.0
NORAD-64451,-37.1838,22.5956,486.7
NORAD-64452,49.7568,-74.8884,474.6
NORAD-64453,-45.8238,36.2796,475.0
NORAD-64454,0.0492,-10.5825,478.5
NORAD-64455,-13.8147,-3.5054,472.3
NORAD-64456,24.9357,-33.0239,478.9
NORAD-64457,-22.8107,4.2276,473.5
NORAD-64458,40.9917,-53.2336,476.0
NORAD-64459,-53.0337,70.7022,475.5
NORAD-64460,15.9425,-25.0127,480.3
NORAD-64461,-46.3387,116.0212,477.8
NORAD-64462,51.3051,-79.8445,469.7
NORAD-64463,-39.0314,132.4758,482.4
NORAD-64464,-50.7615,52.3933,475.0
NORAD-64465,35.1820,-161.9329,464.4
NORAD-64467,0.0352,98.0018,35789.3
NORAD-64468,0.2176,-19.1669,19096.8
NORAD-64470,-0.0311,92.2347,35795.1
NORAD-64471,-16.3316,60.7500,31788.5
NORAD-64472,-51.2662,84.9840,475.1
NORAD-64473,-5.7930,20.3147,471.5
NORAD-64474,39.8777,-22.7130,476.3
NORAD-64475,10.4514,4.4943,468.7
NORAD-64476,-8.0172,18.4601,471.7
NORAD-64477,-34.4388,43.2658,474.4
NORAD-64478,-48.9663,136.2765,488.1
NORAD-64479,-41.9316,54.6388,474.7
NORAD-64480,-39.8015,157.0574,487.2
NORAD-64481,-27.6406,172.5612,485.7
NORAD-64482,13.4914,-154.0673,480.6
NORAD-64483,39.0058,-127.1102,476.0
NORAD-64484,-24.2911,35.6780,473.0
NORAD-64485,-47.8968,139.6820,475.0
NORAD-64486,-32.6296,44.5628,473.9
NORAD-64487,46.4614,-36.0056,475.1
NORAD-64488,36.1794,-17.2002,477.3
NORAD-64489,23.5671,-3.0706,478.8
NORAD-64490,9.9682,8.4101,481.3
NORAD-64491,1.2101,11.5066,470.2
NORAD-64492,-17.3108,25.8818,472.5
NORAD-64493,-26.1059,33.8997,473.2
NORAD-64494,47.3377,-110.0842,470.5
NORAD-64495,36.2865,-21.6238,464.2
NORAD-64497,-47.9946,68.6340,474.8
NORAD-64498,-46.3503,143.9274,487.7
NORAD-64500,47.3259,99.4896,629.7
NORAD-64501,-9.2619,-19.4513,638.5
NORAD-64502,-2.2246,172.0311,637.6
NORAD-64503,-20.2447,-31.5587,640.0
NORAD-64504,-47.3338,-80.5852,641.7
NORAD-64505,2.0849,-8.1005,637.3
NORAD-64506,8.7952,160.7686,636.0
NORAD-64507,-8.1318,146.7036,638.4
NORAD-64508,8.1575,-33.2626,636.3
NORAD-64509,-51.2018,-129.8495,641.8
NORAD-64510,14.3662,123.6702,635.0
NORAD-64511,23.2558,-8.8592,633.7
NORAD-64513,-16.0844,159.9081,633.5
NORAD-64514,19.1897,-21.3937,634.5
NORAD-64515,-47.0733,-142.1274,641.7
NORAD-64516,-39.1963,-172.3754,641.3
NORAD-64517,-51.3975,-104.0780,641.9
NORAD-64518,46.7515,26.7753,629.8
NORAD-64519,29.6248,-8.2077,632.8
NORAD-64520,-29.7255,171.9684,640.6
NORAD-64521,51.1920,50.1091,629.1
NORAD-64522,51.4122,75.7377,629.1
NORAD-64523,30.6159,135.1746,632.4
NORAD-64524,39.9557,119.1707,630.9
NORAD-64525,20.1861,148.6681,634.2
NORAD-64526,-19.7240,-93.6311,640.0
NORAD-64527,0.1618,131.9456,43870.4
NORAD-64528,-79.1414,-31.9579,510.5
NORAD-64529,8.3617,-170.4289,515.0
NORAD-64530,-49.0470,-159.3983,502.1
NORAD-64531,-82.4489,-69.8269,504.2
NORAD-64532,-80.9003,-42.8242,504.1
NORAD-64533,-47.5728,-160.9194,519.3
NORAD-64534,-33.8238,-164.2062,523.0
NORAD-64535,16.8028,-171.3189,506.4
NORAD-64536,-8.4845,9.0469,515.4
NORAD-64537,-35.9105,5.9968,511.0
NORAD-64538,13.6263,-171.3558,513.6
NORAD-64539,-35.8780,6.0046,510.9
NORAD-64540,-5.0774,-165.6865,479.1
NORAD-64541,17.9059,12.9416,510.2
NORAD-64542,-32.4327,-163.0492,503.0
NORAD-64544,-73.1449,-14.9867,522.0
NORAD-64545,37.7764,-175.0758,509.1
NORAD-64546,-75.9904,-136.5344,508.5
NORAD-64547,-82.4528,-70.0112,505.2
NORAD-64548,32.5959,-173.5496,506.1
NORAD-64549,-16.2558,9.9596,506.7
NORAD-64550,80.6587,138.0627,498.4
NORAD-64551,-79.3136,-32.2985,505.3
NORAD-64552,56.4984,179.7963,500.0
NORAD-64553,-56.6048,-0.1075,519.6
NORAD-64554,-58.6844,-154.3231,486.2
NORAD-64555,39.0895,17.0092,508.2
NORAD-64556,-58.5586,-154.9740,502.3
NORAD-64557,70.5450,169.3582,504.1
NORAD-64558,64.1014,176.8449,480.4
NORAD-64559,63.8695,25.6456,590.2
NORAD-64560,-40.7788,-162.6640,594.6
NORAD-64561,-15.9589,-166.9840,590.6
NORAD-64562,-58.1058,-157.3028,601.7
NORAD-64563,-52.9800,-158.7651,590.2
NORAD-64564,12.0404,-171.3467,592.0
NORAD-64565,-31.3154,4.9645,598.7
NORAD-64566,69.2836,31.1377,587.0
NORAD-64567,53.8473,179.2142,588.9
NORAD-64568,55.1969,178.6066,593.5
NORAD-64569,-81.9919,-93.6004,600.9
NORAD-64570,20.7073,13.2401,590.5
NORAD-64571,0.7406,10.0739,601.8
NORAD-64572,-38.6771,3.8056,600.3
NORAD-64573,21.0960,-172.7957,564.4
NORAD-64574,0.3877,10.8971,590.5
NORAD-64575,-4.4733,10.3368,589.5
NORAD-64576,-55.8655,-158.3753,606.1
NORAD-64577,64.8466,17.3119,661.1
NORAD-64578,-76.8127,-131.6847,579.8
NORAD-64579,80.7816,132.7229,588.4
NORAD-64580,74.9425,159.1251,592.7
NORAD-64581,22.0620,13.8529,589.6
NORAD-64582,-60.3741,-3.7575,606.2
NORAD-64583,76.5989,44.3692,595.7
NORAD-64584,27.8923,16.8501,569.2
NORAD-64585,-0.3295,-169.6212,601.2
NORAD-64586,-29.0104,6.5787,589.0
NORAD-64587,63.4886,26.1860,592.9
NORAD-64588,-78.1398,-30.0471,596.4
NORAD-64589,55.6930,21.9248,588.4
NORAD-64590,-46.2787,-161.4934,596.6
NORAD-64591,-42.5367,-161.6698,587.3
NORAD-64592,57.6294,22.9832,589.0
NORAD-64594,-28.3191,30.0444,473.9
NORAD-64595,17.1769,67.1555,467.7
NORAD-64596,-52.5642,-24.3799,475.9
NORAD-64597,-41.5910,-83.5341,487.4
NORAD-64598,7.9827,59.8087,469.2
NORAD-64599,-36.5693,20.1010,474.6
NORAD-64600,-47.8204,-69.4340,488.1
NORAD-64601,32.2732,-154.0331,477.0
NORAD-64602,-45.0393,-77.3164,474.8
NORAD-64603,-28.2331,30.1260,476.5
NORAD-64604,19.2864,-141.0146,479.8
NORAD-64605,-39.8723,-87.8855,482.8
NORAD-64606,0.9147,-126.5392,482.8
NORAD-64607,-10.8880,55.4700,472.4
NORAD-64608,-50.2816,-61.5091,475.1
NORAD-64609,43.5301,-171.1569,475.9
NORAD-64610,-43.7276,8.0972,475.5
NORAD-64611,-1.3113,52.8148,470.5
NORAD-64612,40.1297,-164.9544,476.4
NORAD-64613,-10.5534,45.7888,472.2
NORAD-64614,-21.6738,-108.5721,473.4
NORAD-64615,-17.5406,-112.1878,485.2
NORAD-64616,-19.7055,38.2666,473.2
NORAD-64617,-47.8597,-15.7427,475.2
NORAD-64618,-49.2991,-6.7122,475.6
NORAD-64619,-30.3411,-99.9034,474.0
NORAD-64620,-38.2014,-89.7977,474.7
NORAD-64621,-60.2859,91.4144,534.8
NORAD-64622,-61.2069,92.6291,533.9
NORAD-64623,-59.1917,91.1829,534.1
NORAD-64624,-63.5743,-115.2212,519.8
NORAD-64627,2.0921,-8.2126,460.7
NORAD-64628,2.1044,-20.5004,477.2
NORAD-64629,-3.1299,-43.1541,774.7
NORAD-64630,-19.0870,-55.8106,754.2
NORAD-64632,-9.2813,176.8214,858.5
NORAD-64633,22.3293,-14.0386,783.9
NORAD-64634,-63.8519,163.6932,892.7
NORAD-64635,3.1093,-9.4030,630.6
NORAD-64636,-88.2438,137.1049,882.1
NORAD-64637,12.7632,-15.7144,766.5
NORAD-64638,-67.7065,-26.1341,733.1
NORAD-64639,-76.8799,-19.7626,833.1
NORAD-64640,16.3610,-14.6486,790.9
NORAD-64641,68.2943,159.4918,933.9
NORAD-64643,28.9702,177.1881,851.1
NORAD-64644,67.7209,-13.7106,809.2
NORAD-64645,-5.4524,112.0425,927.4
NORAD-64646,-23.5193,95.5668,790.6
NORAD-64648,-50.8681,-14.3214,828.4
NORAD-64649,-72.3128,-21.7000,693.5
NORAD-64650,-30.6301,153.0392,631.2
NORAD-64651,85.0962,133.2536,818.9
NORAD-64652,-74.3805,151.4174,726.2
NORAD-64653,19.6431,152.8682,558.6
NORAD-64654,-84.6008,93.8344,892.6
NORAD-64655,-23.7084,173.6055,851.4
NORAD-64656,61.4491,-15.8835,763.8
NORAD-64657,-31.4099,-73.9014,791.5
NORAD-64658,37.3656,-14.5987,792.4
NORAD-64659,-88.7631,34.2802,699.4
NORAD-64660,-64.3462,105.4363,802.4
NORAD-64661,8.8082,164.7963,831.5
NORAD-64662,41.4547,166.1963,844.3
NORAD-64663,41.3918,165.3645,740.4
NORAD-64664,-51.3415,134.7014,475.6
NORAD-64665,-46.9064,151.0013,474.9
NORAD-64666,43.4702,-21.3977,462.9
NORAD-64667,3.7221,23.1162,470.2
NORAD-64668,-47.7983,80.1201,475.1
NORAD-64669,-32.7397,175.3957,474.0
NORAD-64670,-6.0295,-160.3965,471.4
NORAD-64671,-34.1792,55.0013,474.2
NORAD-64672,45.0712,-107.2627,462.8
NORAD-64673,21.6339,-138.6252,467.0
NORAD-64674,52.9106,-73.4288,461.1
NORAD-64675,-46.5102,77.9819,475.2
NORAD-64676,36.4681,-9.7840,464.3
NORAD-64677,-23.3286,176.8078,485.4
NORAD-64678,-23.8129,45.1569,473.2
NORAD-64679,-41.6746,66.2328,474.6
NORAD-64680,49.2251,-36.4715,462.0
NORAD-64681,28.2314,0.1078,465.8
NORAD-64682,-35.9881,162.7042,487.7
NORAD-64683,3.1742,-153.5017,470.1
NORAD-64684,-53.1297,115.9702,475.8
NORAD-64685,-25.7934,45.6552,473.6
NORAD-64686,-40.4337,164.5284,474.4
NORAD-64687,50.2145,-91.8200,462.3
NORAD-64688,-24.1444,-175.4548,473.4
NORAD-64689,-15.2602,-167.6430,472.5
NORAD-64690,-51.8978,97.2648,474.9
NORAD-64691,65.5909,179.0166,652.4
NORAD-64692,73.2289,172.3579,645.0
NORAD-64694,-60.4807,27.5601,684.0
NORAD-64695,48.9529,17.7742,591.3
NORAD-64696,-47.8236,-106.3242,584.1
NORAD-64697,36.0454,-67.3593,577.5
NORAD-64698,26.7656,86.9438,578.2
NORAD-64699,5.7439,95.4000,580.7
NORAD-64700,64.4113,48.0626,574.2
NORAD-64701,14.4830,-77.3329,580.1
NORAD-64702,-6.6525,-85.1363,582.2
NORAD-64703,54.8536,-51.6273,575.1
NORAD-64704,-27.6442,-93.6460,583.5
NORAD-64705,-15.3871,103.2538,582.8
NORAD-64706,-26.8325,-93.2690,583.6
NORAD-64707,-47.0830,-105.6877,584.0
NORAD-64708,69.0397,-10.4390,573.5
NORAD-64709,-5.8326,-84.8302,582.2
NORAD-64710,-54.8743,128.5902,584.0
NORAD-64711,-64.9290,-133.7257,584.2
NORAD-64712,35.3074,-67.8041,577.4
NORAD-64713,47.0381,74.5214,575.9
NORAD-64714,-35.3709,112.4539,583.5
NORAD-64715,-64.3899,-132.0445,584.1
NORAD-64716,15.3049,-76.9832,580.1
NORAD-64717,-55.5689,129.5396,583.8
NORAD-64718,55.5541,-50.6830,575.0
NORAD-64719,-36.1954,112.8950,583.5
NORAD-64720,-69.1065,169.9750,584.1
NORAD-64721,-68.8457,167.6669,584.0
NORAD-64723,0.5086,-0.4783,35802.2
NORAD-64724,14.6448,68.4829,468.2
NORAD-64725,-43.2490,125.1927,487.5
NORAD-64726,-3.9417,-102.8538,483.5
NORAD-64727,-14.6383,91.7053,485.2
NORAD-64728,52.0072,-26.3605,461.8
NORAD-64729,-52.9816,176.3943,488.1
NORAD-64730,46.4787,27.7408,463.5
NORAD-64731,51.1086,-31.7255,473.8
NORAD-64732,5.2036,75.8404,469.5
NORAD-64733,28.6098,-80.0940,465.8
NORAD-64734,39.7917,-61.3696,476.1
NORAD-64735,-48.9373,139.7011,487.5
NORAD-64736,48.0740,-43.4490,462.3
NORAD-64737,3.9655,77.4772,482.3
NORAD-64738,36.9257,45.5447,467.6
NORAD-64739,-53.0875,166.7792,488.3
NORAD-64740,1.4589,-103.0706,470.2
NORAD-64741,32.1371,51.7272,465.6
NORAD-64742,-39.7508,118.9226,487.5
NORAD-64743,51.1240,11.4680,462.3
NORAD-64744,52.9531,-3.4025,473.9
NORAD-64745,-5.3664,84.4707,483.7
NORAD-64746,-30.0705,93.3172,486.3
NORAD-64747,1.5467,66.4461,482.9
NORAD-64748,-48.2747,-156.9929,488.4
NORAD-64749,-50.4876,-165.1500,487.7
NORAD-64750,23.5006,60.7718,466.6
NORAD-64753,8.0554,-107.7023,799.1
NORAD-64754,9.3197,68.6305,697.3
NORAD-64755,-45.5320,-170.2906,475.1
NORAD-64756,-39.1120,178.9007,482.5
NORAD-64757,46.3191,88.4294,462.7
NORAD-64758,-43.1460,-84.8577,475.0
NORAD-64759,-10.1703,-47.3250,472.1
NORAD-64760,-19.3024,-54.7897,472.7
NORAD-64761,26.4382,-17.7953,466.3
NORAD-64762,-38.8615,177.0939,474.5
NORAD-64763,53.0930,53.5453,461.6
NORAD-64764,-52.9923,-136.0769,475.2
NORAD-64765,5.3430,136.0182,469.7
NORAD-64766,22.8235,123.8175,479.5
NORAD-64767,31.9058,112.2776,465.2
NORAD-64768,47.1902,5.7583,462.5
NORAD-64769,-22.3796,157.9552,473.2
NORAD-64770,-35.8655,-73.0526,474.5
NORAD-64771,-30.9006,166.6098,474.2
NORAD-64772,-4.1428,143.1264,471.1
NORAD-64773,-50.5737,-154.3553,475.0
NORAD-64774,-4.7588,145.7163,483.5
NORAD-64775,39.8361,101.4140,463.9
NORAD-64776,42.2005,3.0981,463.5
NORAD-64777,-52.4457,-117.3692,475.5
NORAD-64778,-47.3608,173.4895,487.7
NORAD-64779,48.1961,17.2149,462.3
NORAD-64780,-48.8860,-99.3996,475.2
NORAD-64781,-27.6778,-63.4212,473.9
NORAD-64782,51.0243,72.2467,462.1
NORAD-64784,0.0391,-3.9873,35788.0
NORAD-64790,-45.3519,-61.0606,583.4
NORAD-64791,-25.7951,-72.5385,582.7
NORAD-64792,63.1649,143.4038,575.2
NORAD-64793,-37.9852,81.0729,583.3
NORAD-64794,-37.1890,81.5594,583.5
NORAD-64795,-69.3618,21.9929,582.9
NORAD-64796,45.3120,119.0966,576.5
NORAD-64797,16.3301,-88.7530,579.8
NORAD-64798,46.0095,119.6670,576.8
NORAD-64799,-69.5699,19.3468,583.3
NORAD-64800,-4.8643,-80.8751,581.7
NORAD-64801,56.3604,-115.7652,575.3
NORAD-64802,-16.4479,91.3974,583.0
NORAD-64803,-17.3143,91.0505,582.8
NORAD-64804,37.8144,-99.0248,577.4
NORAD-64805,25.6069,107.5765,579.1
NORAD-64806,-56.3160,64.0961,583.5
NORAD-64807,69.3796,-158.0071,574.3
NORAD-64808,63.6957,144.9303,575.2
NORAD-64809,37.0126,-98.5377,577.6
NORAD-64810,-46.3216,-60.2790,583.4
NORAD-64811,-63.7186,-35.2062,583.0
NORAD-64812,24.9105,107.2127,579.3
NORAD-64813,-57.1204,63.3231,583.8
NORAD-64814,-25.0662,-72.8748,582.8
NORAD-64815,57.0372,-116.7517,574.9
NORAD-64816,18.5529,40.6184,634.6
NORAD-64817,-9.6609,42.5879,638.6
NORAD-64818,-20.1064,31.1039,639.5
NORAD-64819,29.7070,54.3458,632.1
NORAD-64820,20.4694,-149.2502,634.6
NORAD-64821,-44.1703,-173.0013,303.9
NORAD-64822,-0.3681,-86.3636,437.4
NORAD-64823,51.4980,137.2848,629.2
NORAD-64824,40.2948,-178.8829,630.9
NORAD-64825,-47.5434,-18.7472,641.6
NORAD-64826,31.0305,-162.9064,633.2
NORAD-64827,-31.0670,17.0632,640.7
NORAD-64828,46.4532,88.4578,629.8
NORAD-64829,47.5453,161.2576,629.8
NORAD-64830,9.5378,-137.2792,636.3
NORAD-64831,-46.4648,-91.4686,641.6
NORAD-64832,-40.3718,0.9726,641.3
NORAD-64833,-18.7266,-139.2923,639.8
NORAD-64834,-38.7968,-110.5887,641.4
NORAD-64835,-7.6056,-151.1741,638.5
NORAD-64836,-29.3612,-125.9879,640.8
NORAD-64837,-51.0899,-68.2581,641.7
NORAD-64838,-51.5018,-42.7894,641.8
NORAD-64839,13.2745,3.5374,635.5
NORAD-64840,39.5388,16.8601,591.6
NORAD-64841,-33.3175,-162.6617,586.9
NORAD-64842,-70.5945,-49.1228,564.7
NORAD-64843,17.7915,-72.7610,556.5
NORAD-64844,2.9123,-70.7928,559.3
NORAD-64845,-56.2892,-59.3736,564.7
NORAD-64846,41.4057,116.1111,552.2
NORAD-64847,70.5577,130.8955,548.8
NORAD-64848,-3.2361,109.2422,560.2
NORAD-64849,82.0909,176.7528,547.6
NORAD-64850,47.4621,-78.4214,551.1
NORAD-64851,-11.9382,-68.8757,561.1
NORAD-64852,76.0331,-101.3552,547.9
NORAD-64853,-26.7447,-66.7314,562.5
NORAD-64854,-47.5991,101.6198,564.5
NORAD-64855,62.1117,-84.3907,549.2
NORAD-64856,-76.0337,78.7247,565.2
NORAD-64857,56.1502,120.6406,550.4
NORAD-64858,-62.2368,95.6027,565.1
NORAD-64859,-82.1004,-2.9631,564.8
NORAD-64860,-41.5564,-63.9120,564.1
NORAD-64861,32.6032,-75.0820,553.6
NORAD-64862,11.6014,111.1658,557.8
NORAD-64863,-32.9341,104.9208,563.6
NORAD-64864,26.5802,113.3192,555.2
NORAD-64865,-18.0292,107.2760,562.3
NORAD-64866,-0.0646,165.9177,8080.0
NORAD-64867,-0.0315,-133.0035,8071.2
NORAD-64868,-3.8502,170.2374,5665.1
NORAD-64869,-35.5237,145.0102,601.4
NORAD-64870,11.8348,137.6589,599.0
NORAD-64871,-73.7822,-68.1419,598.2
NORAD-64872,-71.5604,-63.4821,587.0
NORAD-64873,13.8571,137.3839,596.5
NORAD-64874,67.7375,122.2283,505.6
NORAD-64875,57.1193,-24.0436,466.0
NORAD-64876,-4.2959,38.1762,831.8
NORAD-64877,2.1169,-142.2376,829.7
NORAD-64878,-25.0383,-140.4220,500.2
NORAD-64879,-21.8670,-138.3936,486.5
NORAD-64880,-41.7675,-141.9358,488.2
NORAD-64881,26.8070,-130.8107,466.9
NORAD-64882,-80.9643,100.0571,496.8
NORAD-64883,-81.1246,101.5812,497.0
NORAD-64884,-79.6932,90.6294,497.3
NORAD-64885,-79.0068,-175.4465,464.7
NORAD-64886,66.0245,-115.6635,432.5
NORAD-64887,-2.6084,46.8800,461.5
NORAD-64888,-7.0308,-133.6288,448.2
NORAD-64889,-54.4609,-146.7388,502.9
NORAD-64890,-82.3826,123.2492,492.4
NORAD-64891,-50.3155,-143.5421,481.1
NORAD-64892,-33.1955,50.5062,482.8
NORAD-64893,72.5865,21.3908,454.3
NORAD-64894,-68.2697,-151.2851,449.6
NORAD-64895,-80.2278,94.0873,496.8
NORAD-64896,-66.6958,-58.4263,593.9
NORAD-64897,-53.3766,-50.3055,588.1
NORAD-64898,23.7983,-36.7364,582.0
NORAD-64899,64.4723,135.7671,662.5
NORAD-64900,-27.2032,158.3257,519.1
NORAD-64901,-28.0439,158.4660,518.7
NORAD-64902,25.4430,-22.0621,511.1
NORAD-64903,26.2483,-21.9322,510.9
NORAD-64904,40.4781,-155.8739,464.0
NORAD-64905,6.1085,-120.7921,469.6
NORAD-64906,-28.9164,39.7579,473.9
NORAD-64907,22.2677,-135.4441,466.7
NORAD-64908,32.1632,92.1971,473.0
NORAD-64909,-36.9946,29.8509,474.5
NORAD-64910,7.6709,-121.9795,477.4
NORAD-64911,-44.0822,17.7093,475.2
NORAD-64912,32.7826,-144.9951,465.0
NORAD-64913,47.5720,119.1328,470.6
NORAD-64914,7.8073,70.0259,468.5
NORAD-64915,24.2660,-135.9010,466.5
NORAD-64916,-38.7952,19.3814,475.1
NORAD-64917,-31.9046,-87.7541,482.7
NORAD-64918,-12.4170,-106.7336,472.3
NORAD-64919,-29.7806,-90.1781,474.2
NORAD-64920,34.0124,94.4584,464.8
NORAD-64921,-21.5072,-99.0754,473.3
NORAD-64922,-49.9637,-52.4689,475.5
NORAD-64923,53.1277,155.5519,461.5
NORAD-64924,27.5874,-139.2000,474.2
NORAD-64925,51.8432,136.6043,461.7
NORAD-64926,-47.4513,-60.8612,483.5
NORAD-64927,51.3231,174.4426,462.1
NORAD-64928,-52.8271,-34.2742,475.5
NORAD-64929,-44.7077,-67.7033,475.3
NORAD-64930,53.0207,159.2613,469.8
NORAD-64931,25.6436,85.1745,466.3
NORAD-64932,-82.7052,29.1244,566.1
NORAD-64933,-29.9893,-57.5993,563.5
NORAD-64934,-15.1663,-59.8345,562.0
NORAD-64935,73.4761,143.8067,548.4
NORAD-64936,-59.3876,-49.3464,565.3
NORAD-64937,-0.2786,-61.7819,559.9
NORAD-64938,-29.6982,114.0778,563.6
NORAD-64939,-14.8559,116.3233,561.9
NORAD-64940,-74.3134,91.3534,568.4
NORAD-64941,59.3312,130.7117,550.1
NORAD-64942,29.9442,122.4683,555.3
NORAD-64943,82.7038,-151.0513,547.8
NORAD-64944,-73.4933,-36.2591,565.8
NORAD-64945,44.3139,-68.9776,552.2
NORAD-64946,73.2341,-86.9319,547.9
NORAD-64947,14.5956,-63.7156,556.9
NORAD-64948,0.0316,118.2674,559.9
NORAD-64949,-73.2804,92.9154,565.8
NORAD-64950,-44.7287,-54.5501,564.1
NORAD-64951,44.7483,125.5383,552.9
NORAD-64952,-44.5540,110.8776,564.9
NORAD-64953,14.8957,120.2074,557.4
NORAD-64954,-59.1490,105.7637,565.5
NORAD-64955,59.0575,-74.1227,549.7
NORAD-64956,33.9535,172.1009,1170.6
NORAD-64957,52.7732,174.4233,1169.2
NORAD-64958,86.3570,-115.8978,1166.2
NORAD-64959,54.8968,-15.2125,1168.7
NORAD-64960,18.8956,-11.5033,1174.6
NORAD-64961,-37.7647,-20.8512,892.6
NORAD-64962,41.9242,-19.2918,435.5
NORAD-64964,-63.0853,-116.9945,951.2
NORAD-64965,63.5565,-38.2464,878.2
NORAD-64966,-32.4110,-29.4911,1043.5
NORAD-64967,15.7721,79.9601,997.7
NORAD-64968,-9.7858,170.0682,1020.0
NORAD-64969,-1.2550,150.9110,1024.8
NORAD-64970,-21.5245,-100.7082,1122.5
NORAD-64971,-61.0455,-91.4911,1019.4
NORAD-64972,-17.1879,-122.8694,1060.0
NORAD-64973,-57.8888,-174.3810,975.2
NORAD-64974,20.8076,17.7562,1051.7
NORAD-64975,65.6264,85.2763,903.6
NORAD-64976,-52.6076,94.3699,1075.1
NORAD-64977,13.4081,-21.2938,1064.4
NORAD-64978,-42.8285,48.9849,859.6
NORAD-64979,14.1407,117.4527,914.8
NORAD-64980,30.1197,10.7546,910.6
NORAD-64981,-3.7192,-17.4289,998.7
NORAD-64982,4.6782,30.6181,994.2
NORAD-64983,-36.3985,-75.9499,1039.5
NORAD-64984,-58.2383,157.4206,948.9
NORAD-64985,33.0187,-63.8519,1085.7
NORAD-64986,-54.0654,-80.2878,1024.4
NORAD-64987,-59.5646,-83.5102,953.3
NORAD-64988,51.3106,-59.0805,1005.7
NORAD-64989,-33.0109,22.5183,952.6
NORAD-64990,-65.5303,174.2008,1006.4
NORAD-64991,47.6598,107.6835,870.7
NORAD-64992,-2.5105,94.5208,1034.5
NORAD-64993,-55.5135,-139.1412,895.4
NORAD-64994,-23.6580,-147.9360,927.6
NORAD-64995,-42.7319,27.7369,1047.1
NORAD-64996,17.2570,124.0786,973.9
NORAD-64997,-51.6201,98.1698,907.5
NORAD-64998,-64.2857,148.0859,1013.1
NORAD-64999,64.5845,-127.2957,1118.2
NORAD-65000,-6.1864,173.6553,1222.5
NORAD-65001,32.3379,79.3495,1116.3
NORAD-65002,33.7228,-92.1548,910.9
NORAD-65003,-23.1999,-163.8529,1034.6
NORAD-65004,-18.9464,-70.1868,959.0
NORAD-65005,-55.3203,-69.7256,1002.7
NORAD-65006,63.7147,-20.7924,1086.7
NORAD-65007,-31.5462,-65.4443,1104.7
NORAD-65008,-30.6082,-86.8557,974.2
NORAD-65009,51.8557,-17.1475,912.6
NORAD-65010,28.2448,-149.5316,1089.9
NORAD-65011,57.4878,45.6477,888.3
NORAD-65012,6.7421,143.7983,900.3
NORAD-65013,-59.9296,-38.7310,1032.3
NORAD-65014,-23.3527,-12.0956,1103.2
NORAD-65015,-52.9994,-78.9294,355.8
NORAD-65016,-31.1490,-139.6659,486.5
NORAD-65017,48.4627,70.7937,475.1
NORAD-65018,52.4382,116.4992,474.2
NORAD-65019,5.1376,-170.3824,482.2
NORAD-65020,-46.0995,-116.8991,474.9
NORAD-65021,43.2512,148.7326,475.7
NORAD-65022,27.7347,170.3242,478.4
NORAD-65023,-13.4770,-156.2174,484.6
NORAD-65024,-51.0250,-100.1784,474.9
NORAD-65025,-18.1894,-2.5195,473.1
NORAD-65026,-35.0985,-134.8290,486.7
NORAD-65027,52.0679,87.8098,474.3
NORAD-65028,-14.1078,-157.1254,472.3
NORAD-65029,-35.2005,-20.1422,474.4
NORAD-65030,51.0226,125.7083,474.4
NORAD-65031,39.7403,155.0139,476.6
NORAD-65032,31.9175,165.7104,477.5
NORAD-65034,-26.9928,-144.1519,486.2
NORAD-65035,-52.2138,-63.3884,475.3
NORAD-65036,18.9399,178.6053,479.9
NORAD-65037,0.4574,-166.8771,483.0
NORAD-65038,-39.5985,-129.7279,474.6
NORAD-65039,45.6449,63.0532,475.4
NORAD-65040,50.4883,79.0573,474.4
NORAD-65041,-26.9448,-10.6415,473.7
NORAD-65042,-31.7496,-140.3930,474.3
NORAD-65043,48.8353,177.2409,1149.9
NORAD-65044,41.8416,-125.3624,1150.8
NORAD-65045,15.3829,-90.1391,1154.7
NORAD-65046,-14.9100,-63.8879,1158.5
NORAD-65047,-41.7835,-28.1978,1159.9
NORAD-65048,-49.0729,27.6778,1160.8
NORAD-65049,-29.9764,74.2134,1159.9
NORAD-65050,-0.5652,102.5318,1157.1
NORAD-65051,29.0017,130.6950,1152.8
NORAD-65052,-45.3768,150.2242,752.7
NORAD-65053,50.2097,93.6722,752.1
NORAD-65054,25.7339,91.1006,746.0
NORAD-65055,25.6951,127.4014,547.9
NORAD-65056,-1.9836,-28.9110,559.7
NORAD-65057,75.1053,122.5326,548.6
NORAD-65058,-16.9040,-30.8795,561.8
NORAD-65059,-46.4234,-36.3639,564.1
NORAD-65060,-71.7553,174.2263,564.7
NORAD-65061,1.6662,151.2068,559.7
NORAD-65062,12.8473,-26.9891,557.6
NORAD-65063,-42.8773,158.2287,564.5
NORAD-65064,-82.4912,-132.4980,565.0
NORAD-65065,46.2946,143.5944,552.9
NORAD-65066,-28.1003,155.3297,563.8
NORAD-65067,27.7770,-24.8056,555.2
NORAD-65068,71.5570,-6.1118,548.1
NORAD-65069,42.6106,-21.9105,552.1
NORAD-65070,61.0626,137.9077,549.9
NORAD-65071,82.4424,46.1000,548.6
NORAD-65072,-61.0989,-42.0320,564.3
NORAD-65073,16.5671,149.2490,558.0
NORAD-65074,57.2466,-17.2009,550.0
NORAD-65078,42.1539,-119.5044,476.0
NORAD-65079,11.8244,-87.2842,468.6
NORAD-65080,20.9547,-94.9179,467.3
NORAD-65081,12.9633,-86.7753,481.1
NORAD-65082,27.7420,-102.8343,466.0
NORAD-65083,53.0779,-170.4184,474.6
NORAD-65084,18.8932,-94.5874,467.8
NORAD-65086,49.8148,168.7314,475.1
NORAD-65087,53.1359,-163.4391,474.3
NORAD-65088,49.6533,-135.9020,474.9
NORAD-65089,40.8064,-114.3087,476.1
NORAD-65090,29.0646,-98.6348,479.6
NORAD-65091,35.9029,-112.5459,464.9
NORAD-65092,11.1284,-82.5326,481.4
NORAD-65093,-8.9203,-73.0299,471.9
NORAD-65094,52.9768,-175.7803,461.9
NORAD-65095,52.4113,-156.5100,462.1
NORAD-65096,48.9156,-138.9447,462.5
NORAD-65097,43.1617,-124.3344,463.6
NORAD-65098,14.2231,-87.1255,468.1
NORAD-65099,-13.5061,-65.8631,472.3
NORAD-65100,53.0851,-162.5484,461.9
NORAD-65101,-19.3742,88.9094,473.1
NORAD-65102,50.5112,165.9328,462.1
NORAD-65103,-43.3894,59.1300,475.5
NORAD-65104,0.3009,-79.9955,470.4
NORAD-65105,9.7296,-87.1327,469.4
NORAD-65106,48.5860,-88.6661,1145.7
NORAD-65107,28.0533,-43.2724,1146.0
NORAD-65108,-2.8839,-14.2447,1151.9
NORAD-65109,-31.2441,13.8541,1157.7
NORAD-65110,-49.5164,62.7563,1164.6
NORAD-65111,16.6662,177.3958,1159.1
NORAD-65112,-40.0550,118.0956,1169.1
NORAD-65113,-13.3911,151.3703,1167.6
NORAD-65114,42.4934,-146.8900,1150.7
NORAD-65115,-17.5476,-155.9891,795.6
NORAD-65116,-29.3553,42.6995,572.8
NORAD-65117,41.7715,-80.2640,568.3
NORAD-65119,8.7946,3.3084,623.8
NORAD-65120,45.9510,55.9252,615.8
NORAD-65121,-47.7224,-117.0360,638.1
NORAD-65122,31.9065,-19.1434,607.4
NORAD-65123,-32.4573,162.4520,638.3
NORAD-65124,35.7709,138.2212,607.7
NORAD-65125,-7.9543,-177.6543,622.6
NORAD-65126,31.2088,98.2949,627.1
NORAD-65127,-43.0149,-25.9743,649.6
NORAD-65128,-37.9721,-92.0391,620.6
NORAD-65129,-33.5773,-38.7738,632.0
NORAD-65132,-14.0562,-118.5477,639.4
NORAD-65133,51.3005,-11.3807,629.4
NORAD-65134,-24.9088,-131.0362,640.0
NORAD-65135,-30.1681,109.9169,640.7
NORAD-65136,-39.5106,125.7506,641.3
NORAD-65137,-46.9998,145.0849,641.7
NORAD-65138,8.4125,-95.5319,636.4
NORAD-65139,2.6354,73.2062,636.9
NORAD-65140,-8.6127,84.5921,638.5
NORAD-65141,47.0475,37.8118,629.7
NORAD-65142,30.0758,-70.2182,632.5
NORAD-65143,-51.2978,168.6655,641.7
NORAD-65144,4.2829,-107.5079,636.9
NORAD-65145,13.9081,61.6016,635.2
NORAD-65146,39.5002,-54.3625,631.1
NORAD-65147,-19.6939,96.5921,639.7
NORAD-65148,51.3283,14.2139,628.9
NORAD-65149,-39.5308,-122.6323,641.4
NORAD-65150,19.5137,-83.5256,634.6
NORAD-65151,-30.2684,-106.9504,641.0
NORAD-65152,-51.3191,-165.7246,641.8
NORAD-65153,39.5413,57.4675,631.0
NORAD-65154,29.5805,73.8343,633.3
NORAD-65155,46.5902,-36.0775,630.3
NORAD-65159,80.6385,67.7586,824.4
NORAD-65160,-2.9106,-154.4339,35687.4
NORAD-65164,-37.5923,136.6151,1182.4
NORAD-65165,-73.4207,127.3133,1183.9
NORAD-65166,-70.1114,-30.9372,1183.6
NORAD-65167,-34.2815,-38.2642,1181.9
NORAD-65168,1.1409,-40.9059,1177.6
NORAD-65169,36.4798,-43.2631,1171.7
NORAD-65170,73.2179,-52.5263,1166.9
NORAD-65171,34.4514,141.5244,1172.1
NORAD-65172,70.1025,148.9759,1167.2
NORAD-65173,-1.5956,139.1652,1178.4
NORAD-65174,11.4357,-54.7910,558.0
NORAD-65175,26.2831,-56.9273,555.1
NORAD-65176,41.1386,-59.7177,552.5
NORAD-65177,55.8834,-64.1803,550.2
NORAD-65178,70.3132,-74.2570,548.2
NORAD-65179,76.2576,158.2928,547.7
NORAD-65180,62.3866,140.9006,549.1
NORAD-65181,81.9616,-118.2864,547.5
NORAD-65182,47.8481,134.8769,551.1
NORAD-65183,32.9520,131.5103,553.9
NORAD-65184,18.0533,129.1466,556.6
NORAD-65185,3.2008,127.1708,559.2
NORAD-65186,-26.5678,123.1053,563.6
NORAD-65187,-11.6974,125.2505,561.8
NORAD-65188,-41.3553,120.3143,564.5
NORAD-65189,-56.0161,115.8430,565.3
NORAD-65190,-70.2975,105.8584,565.0
NORAD-65191,-81.9428,62.0331,565.9
NORAD-65192,-76.3877,-21.2697,565.6
NORAD-65193,-62.4418,-38.9823,564.4
NORAD-65194,-3.5076,-52.7102,560.0
NORAD-65195,-18.3263,-50.7341,561.7
NORAD-65196,-47.8665,-45.0451,564.1
NORAD-65197,-33.1859,-48.3703,563.5
NORAD-65198,-52.4813,132.2306,488.1
NORAD-65199,-44.5276,97.3071,474.7
NORAD-65200,-29.5484,-154.8055,473.9
NORAD-65201,15.9952,37.5384,468.0
NORAD-65202,24.9103,29.5976,466.2
NORAD-65203,6.7985,44.7992,469.5
NORAD-65204,-49.8664,112.5417,474.9
NORAD-65205,33.3465,-100.2546,465.0
NORAD-65206,47.2909,-75.5538,462.8
NORAD-65207,-11.7586,-138.6825,472.1
NORAD-65208,-2.3894,51.7034,471.0
NORAD-65209,51.5987,-58.8330,462.1
NORAD-65210,-2.3954,-131.5243,470.7
NORAD-65211,-39.4604,-166.3231,474.0
NORAD-65212,47.2968,-4.2862,462.7
NORAD-65213,-20.8205,-146.2487,473.1
NORAD-65214,6.6524,-124.7349,469.3
NORAD-65215,45.7895,-77.3175,462.8
NORAD-65216,53.1407,-39.8962,461.6
NORAD-65217,-29.4833,74.9155,473.8
NORAD-65218,15.9812,-117.3802,467.9
NORAD-65219,-52.7852,149.6210,472.3
NORAD-65220,-11.7334,58.8402,472.1
NORAD-65221,33.3583,20.4191,464.9
NORAD-65222,-49.8652,167.6331,475.2
NORAD-65223,-44.5629,-177.2103,475.0
NORAD-65224,40.9801,-89.2071,463.8
NORAD-65225,24.8746,-109.4646,466.4
NORAD-65226,-4.0343,65.0685,800.7
NORAD-65227,-7.3661,-40.4704,580.7
NORAD-65228,-70.7148,90.9132,1183.8
NORAD-65229,-73.3050,-110.8825,1183.8
NORAD-65230,-37.5809,-102.0140,1182.4
NORAD-65231,-1.7450,-99.2349,1178.2
NORAD-65232,34.2283,-96.8017,1172.0
NORAD-65233,51.4761,63.8214,914.9
NORAD-65234,7.8321,121.7524,787.9
NORAD-65235,-82.6967,-150.4233,564.2
NORAD-65236,73.0794,92.1836,548.9
NORAD-65237,-15.2909,119.0349,561.9
NORAD-65238,0.1368,-62.8637,559.5
NORAD-65239,-59.5225,129.5746,564.8
NORAD-65240,44.1497,109.9214,552.6
NORAD-65241,59.4090,-50.4010,550.0
NORAD-65242,-44.3356,-70.0485,563.5
NORAD-65243,14.4353,115.1558,557.4
NORAD-65244,29.9028,-58.6766,554.0
NORAD-65245,58.8529,104.8371,549.9
NORAD-65246,-73.2421,142.2445,564.3
NORAD-65247,-44.8307,124.3339,564.3
NORAD-65248,73.6765,-36.9887,548.0
NORAD-65249,-29.6421,-67.0471,563.2
NORAD-65250,-73.1071,-87.7751,564.5
NORAD-65251,-58.9668,-75.1401,564.0
NORAD-65252,44.7692,-55.6116,551.7
NORAD-65253,-0.3590,117.0839,559.7
NORAD-65254,-30.1135,121.2800,563.8
NORAD-65255,29.3275,112.9270,555.1
NORAD-65256,15.0139,-60.9187,557.2
NORAD-65257,-14.7336,-64.8028,561.0
NORAD-65258,82.7009,29.5870,547.6
NORAD-65259,56.4649,-166.6210,504.4
NORAD-65260,16.6919,-159.1790,529.7
NORAD-65261,17.2770,-159.3654,529.9
NORAD-65262,18.2337,-159.4334,530.1
NORAD-65263,36.2527,-162.6870,520.8
NORAD-65267,-48.7615,14.4369,304.0
NORAD-65268,-41.1935,-179.0008,300.9
NORAD-65269,48.0939,-165.8075,282.6
NORAD-65270,40.6444,1.0904,285.2
NORAD-65273,-81.6333,-172.7403,564.9
NORAD-65274,55.0928,-42.6800,551.2
NORAD-65275,18.8836,124.1925,556.7
NORAD-65276,-19.1339,-55.7633,562.1
NORAD-65277,-40.5898,133.1255,564.0
NORAD-65278,77.0004,93.0563,548.3
NORAD-65279,25.4831,-49.7394,555.9
NORAD-65280,-63.2703,-67.9182,564.9
NORAD-65281,-69.6061,146.9614,565.0
NORAD-65282,-10.8956,128.2547,561.2
NORAD-65283,48.5879,118.3718,551.8
NORAD-65284,-33.9580,-58.1562,562.8
NORAD-65285,40.3147,-47.0071,553.6
NORAD-65286,-4.2679,-53.7693,560.5
NORAD-65287,81.5890,6.6974,548.7
NORAD-65288,-76.9962,-86.8606,564.7
NORAD-65289,-55.2782,137.4636,564.5
NORAD-65290,-48.7000,-61.5810,564.1
NORAD-65291,33.8161,121.7928,554.2
NORAD-65292,-25.7880,130.3812,562.9
NORAD-65293,10.6344,-51.8545,557.8
NORAD-65294,69.4784,-33.2634,549.0
NORAD-65295,4.0057,126.1842,559.4
NORAD-65296,63.2240,112.0298,550.2
NORAD-65297,59.2222,-7.2208,628.7
NORAD-65298,54.0405,-9.6242,630.5
NORAD-65299,-2.9891,159.9292,630.3
NORAD-65300,-43.5754,164.0747,668.6
NORAD-65301,48.5345,-11.6264,632.4
NORAD-65302,42.1897,-13.4535,634.4
NORAD-65305,-27.7432,-110.4202,1159.6
NORAD-65306,-43.0412,-8.2798,1160.6
NORAD-65307,12.7958,54.1594,1155.3
NORAD-65308,49.5471,143.5316,1149.8
NORAD-65309,31.4542,-167.3940,1152.2
NORAD-65310,-17.8280,27.6426,1159.0
NORAD-65311,39.9567,88.3369,1151.2
NORAD-65312,2.2732,-138.5126,1156.5
NORAD-65313,-48.2073,-66.7498,1160.7
NORAD-65314,-0.7607,41.6876,785.5
NORAD-65315,81.7964,90.6775,442.1
NORAD-65316,-9.7067,153.3188,455.1
NORAD-65317,-48.9591,-37.2986,463.8
NORAD-65318,52.3813,-18.9096,585.4
NORAD-65319,-35.6775,-34.7376,608.8
NORAD-65320,-17.2515,153.4023,607.3
NORAD-65321,0.8578,-29.7735,600.9
NORAD-65322,82.1527,51.5172,579.7
NORAD-65323,1.3329,104.0702,478.3
NORAD-65324,-36.4449,138.6091,482.9
NORAD-65325,-25.7360,126.9175,473.4
NORAD-65326,42.4848,62.5446,465.7
NORAD-65327,52.3333,2.1998,474.3
NORAD-65328,39.9055,66.3640,471.9
NORAD-65329,22.2956,87.9419,479.3
NORAD-65330,-3.2194,-76.9686,478.9
NORAD-65331,-19.0322,120.0230,480.7
NORAD-65332,2.8343,102.9584,478.0
NORAD-65333,40.9363,64.6285,472.1
NORAD-65334,-23.3924,-93.4243,481.6
NORAD-65335,-4.4873,-77.2245,483.6
NORAD-65336,44.6155,-26.2662,462.9
NORAD-65337,17.4354,-60.9866,475.6
NORAD-65338,52.1944,30.1594,469.9
NORAD-65339,50.0352,-11.2510,469.4
NORAD-65340,-51.7161,-146.9092,483.1
NORAD-65341,-7.5622,111.4821,471.4
NORAD-65342,-50.7341,171.4531,483.2
NORAD-65343,52.6736,26.4842,461.6
NORAD-65344,9.4359,-66.7219,481.9
NORAD-65345,36.1861,-41.4006,471.8
NORAD-65346,-38.7804,-111.5062,486.7
NORAD-65347,51.7795,33.0606,470.3
NORAD-65348,49.5681,44.3002,464.9
NORAD-65349,21.6040,87.8648,475.0
NORAD-65350,-37.6288,140.2939,482.5
NORAD-65351,11.8739,56.6831,468.7
NORAD-65352,52.8813,-30.5309,474.3
NORAD-65353,-38.4257,103.5059,486.9
NORAD-65354,-25.5466,-134.8758,473.0
NORAD-65355,32.5365,38.6201,477.4
NORAD-65356,-49.4594,-173.6139,488.1
NORAD-65357,-40.7574,106.5578,474.3
NORAD-65358,-51.9566,140.3035,487.7
NORAD-65359,-12.7085,76.8145,485.1
NORAD-65360,52.8136,-15.3261,461.4
NORAD-65361,-52.9226,149.7143,487.9
NORAD-65362,20.9153,49.0980,467.2
NORAD-65363,-53.1337,154.9306,475.0
NORAD-65364,43.7272,21.4108,475.5
NORAD-65365,-51.3969,177.7497,488.1
NORAD-65366,-51.3966,136.1468,474.9
NORAD-65367,-41.5237,-155.4338,475.1
NORAD-65368,-16.7597,-126.9543,472.7
NORAD-65369,-15.5140,78.3809,472.7
NORAD-65370,46.7756,14.3327,475.3
NORAD-65371,51.3019,-2.1053,474.1
NORAD-65372,5.8614,62.7059,482.1
NORAD-65373,52.7019,-34.3394,462.3
NORAD-65374,19.5505,51.7160,479.6
NORAD-65375,10.4545,59.1789,481.3
NORAD-65376,37.6403,30.4601,464.1
NORAD-65377,-26.2044,88.6905,485.7
NORAD-65378,-47.9905,123.3059,487.5
NORAD-65379,34.6850,-59.4999,552.8
NORAD-65380,-48.5138,117.3453,564.8
NORAD-65381,-40.8244,-47.9422,564.1
NORAD-65382,55.2570,136.2585,549.8
NORAD-65383,-11.0424,-53.0037,560.7
NORAD-65384,76.7984,-87.4687,548.0
NORAD-65385,10.8035,127.0420,557.8
NORAD-65386,-81.7133,7.2377,564.7
NORAD-65387,-18.8423,123.1518,562.6
NORAD-65388,-55.4096,-43.5994,564.4
NORAD-65389,62.9274,-68.9094,549.2
NORAD-65390,3.8620,-54.9217,558.6
NORAD-65391,-76.8149,92.5563,565.6
NORAD-65392,-25.9392,-50.7135,562.8
NORAD-65393,40.6150,131.9351,552.3
NORAD-65394,69.6151,145.7731,548.2
NORAD-65395,81.6780,-173.2950,547.0
NORAD-65396,18.7414,-56.9094,556.0
NORAD-65397,-4.0813,125.1266,560.6
NORAD-65398,48.3499,-62.6842,551.5
NORAD-65399,25.6595,129.1640,555.1
NORAD-65400,-69.7336,-34.0182,565.0
NORAD-65401,-33.7935,120.7488,564.1
NORAD-65402,-63.0918,111.0665,565.6
NORAD-65403,68.9747,33.0420,570.7
NORAD-65404,-0.7500,-40.4481,470.8
NORAD-65405,10.9717,-40.8055,476.6
NORAD-65406,13.8552,-37.8031,481.0
NORAD-65407,27.2067,-25.8259,478.7
NORAD-65408,39.3036,-10.6720,476.4
NORAD-65409,46.4396,78.6039,470.6
NORAD-65410,53.1336,39.4904,469.7
NORAD-65411,7.7050,124.7049,477.3
NORAD-65412,27.6294,107.4724,473.7
NORAD-65413,-53.1303,-136.7387,478.3
NORAD-65415,-52.2852,-124.0954,487.7
NORAD-65416,-45.9380,-99.0801,482.9
NORAD-65417,-35.5049,-80.6763,486.6
NORAD-65418,35.4862,-16.2124,476.9
NORAD-65419,-44.5168,-97.2206,483.0
NORAD-65420,45.7146,0.9760,471.0
NORAD-65421,29.2913,-24.3413,473.7
NORAD-65422,22.9066,-30.0231,479.0
NORAD-65423,-9.5268,-56.3441,479.7
NORAD-65424,53.1248,42.5956,469.9
NORAD-65425,-29.2405,155.9577,481.8
NORAD-65426,-53.1289,-137.3945,484.0
NORAD-65427,-46.5812,-176.5159,482.8
NORAD-65428,-45.9768,-99.1845,487.5
NORAD-65429,-53.0276,-143.3879,487.7
NORAD-65430,-27.5950,-72.8470,473.8
NORAD-65431,-27.1672,-70.9989,485.8
NORAD-65434,-49.3340,-62.9987,564.5
NORAD-65435,-25.3715,105.0685,563.2
NORAD-65436,-77.6440,73.0040,567.7
NORAD-65437,4.5008,109.1113,559.2
NORAD-65438,-77.3228,-36.8719,565.0
NORAD-65439,48.9733,116.9740,551.1
NORAD-65440,-54.8450,98.0883,564.9
NORAD-65441,-19.5287,-68.9499,562.3
NORAD-65442,-10.5078,107.1791,561.7
NORAD-65443,10.2396,-72.8613,557.8
NORAD-65444,81.3747,-129.0531,547.5
NORAD-65445,63.5947,123.4487,549.0
NORAD-65446,19.3078,111.0989,556.5
NORAD-65447,-40.0373,102.3800,564.0
NORAD-65448,54.6407,-81.9167,550.4
NORAD-65449,-81.3766,51.0130,565.2
NORAD-65450,-63.6873,-56.5655,564.9
NORAD-65451,77.2769,143.0369,547.5
NORAD-65452,25.0580,-74.9602,555.3
NORAD-65453,-82.0633,40.3414,567.2
NORAD-65454,-67.1029,91.4053,567.5
NORAD-65455,-34.3668,-66.5284,563.4
NORAD-65456,-69.1448,88.9194,564.7
NORAD-65457,-4.7003,-70.9379,560.7
NORAD-65458,49.9762,93.2358,470.2
NORAD-65459,3.4509,-21.4692,470.0
NORAD-65460,21.7327,-6.7138,466.5
NORAD-65461,-53.1164,-111.5145,475.3
NORAD-65462,-5.8253,-28.4196,471.1
NORAD-65463,2.9703,-21.1232,478.1
NORAD-65464,-23.5246,175.2963,481.3
NORAD-65465,-17.2709,169.7439,472.6
NORAD-65466,-51.2556,-93.0216,475.4
NORAD-65467,-38.8800,-165.1851,487.0
NORAD-65468,-3.3448,158.8020,478.9
NORAD-65469,12.7127,-14.3439,468.2
NORAD-65470,52.2277,51.8362,469.5
NORAD-65471,-26.0897,177.7765,473.8
NORAD-65472,45.2242,24.9063,462.8
NORAD-65473,52.9396,58.8461,461.5
NORAD-65474,53.0236,61.9044,474.2
NORAD-65475,49.1576,95.5883,463.5
NORAD-65476,-41.3484,-162.5261,482.8
NORAD-65477,-41.8182,-161.6843,475.1
NORAD-65478,41.1053,17.3974,471.7
NORAD-65479,23.1941,-4.6685,474.7
NORAD-65480,38.3699,12.2331,463.8
NORAD-65481,-15.0331,-35.6379,472.5
NORAD-65482,50.3423,40.5188,462.1
NORAD-65483,-51.9490,-130.5694,475.5
NORAD-65484,52.4886,78.1299,462.0
NORAD-65485,-17.4560,-36.9599,480.8
NORAD-65486,-2.0542,94.5843,35736.4
NORAD-65487,0.8201,-43.3537,29317.6
NORAD-65488,61.5715,91.5910,542.2
NORAD-65489,-5.6085,81.2840,523.9
NORAD-65490,-31.1220,-92.6512,496.1
NORAD-65491,16.6516,85.6865,497.3
NORAD-65492,-46.8751,-65.2490,474.9
NORAD-65493,3.2576,-9.7560,470.4
NORAD-65494,1.3903,167.1153,470.3
NORAD-65495,-1.7988,171.6258,483.6
NORAD-65496,36.1399,23.0279,464.5
NORAD-65497,-25.9459,-170.5143,473.8
NORAD-65498,19.1089,4.9376,467.3
NORAD-65499,27.8986,13.2445,465.8
NORAD-65500,52.4810,67.2824,461.9
NORAD-65501,-32.6142,-40.7858,474.4
NORAD-65502,49.3950,107.2991,462.3
NORAD-65503,0.7052,-9.5479,470.4
NORAD-65504,52.8576,70.1608,461.9
NORAD-65505,-53.1235,-100.0283,475.4
NORAD-65506,-7.9272,174.1286,470.7
NORAD-65507,-8.5863,-16.5541,471.8
NORAD-65508,37.8955,24.1150,463.9
NORAD-65509,28.5383,144.1642,465.8
NORAD-65510,-51.2943,-81.3806,475.2
NORAD-65511,-6.0363,-16.7353,471.6
NORAD-65512,19.7429,152.5904,467.2
NORAD-65513,43.8070,122.2823,462.9
NORAD-65514,49.0546,49.5657,462.3
NORAD-65515,-11.0941,178.6998,484.9
NORAD-65516,-34.8619,-41.4743,474.3
NORAD-65517,-40.3312,-51.6343,474.9
NORAD-65518,29.8650,13.9248,465.6
NORAD-65519,50.0453,51.8606,462.6
NORAD-65520,71.3385,121.5846,549.7
NORAD-65521,-82.3501,-108.3131,564.3
NORAD-65522,-2.4591,144.3006,560.4
NORAD-65523,16.9695,-33.8583,557.0
NORAD-65524,-27.7022,-39.9314,562.4
NORAD-65525,27.3591,140.0439,555.2
NORAD-65526,-46.9059,151.8337,563.8
NORAD-65527,75.3113,-6.9041,548.4
NORAD-65528,12.4155,142.3762,557.6
NORAD-65529,46.6799,-28.3136,551.8
NORAD-65530,-57.0723,-47.4631,563.9
NORAD-65531,2.0902,-35.8251,559.3
NORAD-65532,-32.0959,148.5799,563.2
NORAD-65533,82.3590,71.3219,547.9
NORAD-65534,42.2249,137.1813,553.1
NORAD-65535,-61.4660,157.5787,563.6
NORAD-65536,-12.7574,-37.7461,560.7
NORAD-65537,61.3682,-22.5646,549.1
NORAD-65538,31.7538,-31.5568,554.4
NORAD-65539,-17.3317,146.2674,562.9
NORAD-65540,-71.3122,-58.2937,564.1
NORAD-65541,-42.4022,-42.7861,563.1
NORAD-65542,56.8452,132.5592,550.7
NORAD-65543,-75.4238,173.4310,564.5
NORAD-65544,40.6416,-69.9615,797.2
NORAD-65545,-1.6488,109.8113,861.6
NORAD-65546,-0.8301,109.7514,861.5
NORAD-65547,-1.2445,109.0275,861.6
NORAD-65548,60.9597,-66.2907,793.4
NORAD-65549,23.4887,-79.4869,699.5
NORAD-65550,-17.2139,56.0680,625.8
NORAD-65551,-42.5144,91.1384,631.9
NORAD-65552,-48.2787,150.3035,621.6
NORAD-65553,-12.6911,-149.6313,619.7
NORAD-65554,-29.0258,-167.3040,619.4
NORAD-65555,0.3719,-139.0137,614.8
NORAD-65556,30.8860,-109.3417,611.3
NORAD-65557,-7.0884,-148.5512,639.7
NORAD-65558,49.1074,-63.8083,618.7
NORAD-65559,40.5251,-5.7426,621.4
NORAD-65560,13.5080,28.5807,624.7
NORAD-65563,15.8369,152.2411,7510.6
NORAD-65565,51.0385,58.1454,947.9
NORAD-65566,-16.0731,-113.5486,969.0
NORAD-65567,-18.4253,72.3359,962.2
NORAD-65568,31.7569,-105.5009,959.2
NORAD-65569,71.8039,41.5527,949.0
NORAD-65570,52.9854,57.2173,944.4
NORAD-65571,-32.5887,74.7142,961.3
NORAD-65572,-29.8410,74.1140,959.7
NORAD-65573,-48.2595,-120.8232,969.6
NORAD-65574,-75.3792,-146.7013,969.4
NORAD-65575,67.1230,-89.9459,945.0
NORAD-65576,-37.8749,76.0818,966.3
NORAD-65577,69.7312,44.3733,942.7
NORAD-65578,-24.6239,72.8602,957.3
NORAD-65579,-74.0505,-142.9789,969.7
NORAD-65580,10.3327,67.6197,956.0
NORAD-65581,16.6636,-108.6088,961.6
NORAD-65582,19.5120,65.9738,951.3
NORAD-65583,10.1527,-109.3238,963.6
NORAD-65584,28.4565,64.2586,950.4
NORAD-65585,-78.4368,117.7515,968.5
NORAD-65588,0.0063,112.8586,35793.7
NORAD-65589,-25.5875,-166.3621,18848.6
NORAD-65590,30.9031,-136.5953,19130.7
NORAD-65591,-16.5930,34.8756,18991.7
NORAD-65592,77.6913,106.8045,548.1
NORAD-65593,-77.7269,-73.2493,564.0
NORAD-65594,9.6547,-35.9928,557.7
NORAD-65595,-10.0541,144.1385,561.8
NORAD-65596,54.2858,-27.0015,549.0
NORAD-65597,-34.8522,-42.3323,563.0
NORAD-65598,-54.3873,153.1083,564.8
NORAD-65599,34.5636,137.8007,554.0
NORAD-65600,81.1372,17.9033,547.3
NORAD-65601,39.4441,-31.2069,552.8
NORAD-65602,-49.5606,-45.8492,563.4
NORAD-65603,-39.6507,148.9156,563.8
NORAD-65604,-20.0118,-39.8972,561.6
NORAD-65605,-81.1478,-161.9437,564.5
NORAD-65606,49.3819,134.2836,551.6
NORAD-65607,19.7184,140.2226,556.2
NORAD-65608,-64.1328,-52.5100,564.1
NORAD-65609,-24.8413,146.2320,562.8
NORAD-65610,-5.1580,-37.8925,559.9
NORAD-65611,64.0576,127.4673,549.8
NORAD-65612,4.8320,142.2250,558.9
NORAD-65613,-68.7641,162.0386,564.2
NORAD-65614,24.5531,-33.8903,555.8
NORAD-65615,68.6557,-18.1533,549.0
NORAD-65617,48.9718,-59.1611,1103.7
NORAD-65618,43.8874,-38.2738,1103.8
NORAD-65619,37.0208,-24.3611,1104.4
NORAD-65620,24.0082,-7.0946,1106.0
NORAD-65622,-44.0001,-107.2950,487.3
NORAD-65623,24.7905,44.1504,466.3
NORAD-65624,34.9047,53.9765,464.6
NORAD-65625,47.1584,77.7689,462.3
NORAD-65626,-44.6380,-23.6843,475.1
NORAD-65627,12.3566,-162.9877,481.0
NORAD-65628,-49.6203,-93.9942,475.1
NORAD-65629,41.4546,162.9494,463.2
NORAD-65630,-20.3878,-139.5641,473.0
NORAD-65631,-2.7812,21.8722,471.0
NORAD-65632,25.7401,-174.6977,478.7
NORAD-65633,-29.7494,-1.3454,474.2
NORAD-65634,11.8358,35.0839,476.5
NORAD-65635,7.5561,-159.2628,482.0
NORAD-65636,47.5848,149.2936,462.2
NORAD-65637,-52.6716,-76.3666,475.3
NORAD-65638,-49.9625,-39.0761,475.3
NORAD-65639,-20.9121,7.3553,473.2
NORAD-65640,7.4340,-161.2919,469.4
NORAD-65641,6.6376,28.9385,469.5
NORAD-65642,33.1552,53.1919,464.7
NORAD-65643,40.8033,64.1758,463.5
NORAD-65644,-53.0946,-60.4729,483.4
NORAD-65645,34.1570,175.9360,477.1
NORAD-65646,-6.2923,-148.8462,483.8
NORAD-65647,42.3510,65.5216,463.2
NORAD-65648,-29.1275,-131.0793,473.8
NORAD-65649,-36.9784,-119.3007,486.6
NORAD-65652,66.5122,-44.7259,548.4
NORAD-65653,37.1545,-56.2920,553.1
NORAD-65654,7.3733,-60.8888,559.1
NORAD-65655,51.9283,-52.4605,550.4
NORAD-65656,22.2669,-58.8400,556.5
NORAD-65657,-7.5186,-62.8019,560.1
NORAD-65658,-37.1599,-67.3865,563.5
NORAD-65659,-22.3512,-64.8430,562.3
NORAD-65660,-51.9698,-71.2367,563.9
NORAD-65661,-66.3476,-78.7969,564.4
NORAD-65662,-79.5007,-105.4918,564.6
NORAD-65663,-79.6560,162.7288,564.2
NORAD-65664,-66.5436,135.3703,564.2
NORAD-65665,-52.1654,127.7058,563.7
NORAD-65666,-37.3604,123.8324,563.5
NORAD-65667,-22.4264,121.2575,562.4
NORAD-65668,-7.7214,119.2290,560.8
NORAD-65669,7.1304,117.3259,558.5
NORAD-65670,22.0911,115.2723,556.2
NORAD-65671,51.6831,108.9416,551.8
NORAD-65672,36.9202,112.7372,553.4
NORAD-65673,79.3940,75.1564,548.0
NORAD-65674,79.6693,-17.1309,548.1
NORAD-65675,66.1911,101.4082,549.0
NORAD-65676,23.7735,-134.7349,479.0
NORAD-65677,-49.5641,2.6624,475.6
NORAD-65678,-30.9828,38.1770,482.4
NORAD-65679,41.5281,105.6359,463.5
NORAD-65680,-3.7406,-112.7097,483.7
NORAD-65681,47.0467,-169.7296,462.7
NORAD-65682,13.2245,-127.7498,468.2
NORAD-65683,-27.9199,40.7979,482.1
NORAD-65684,-52.6684,-15.1391,475.8
NORAD-65685,15.3053,-128.0166,468.0
NORAD-65686,-3.6745,-123.4514,470.8
NORAD-65687,-8.0477,58.0696,479.4
NORAD-65688,-12.4858,-105.9833,480.3
NORAD-65689,-20.1702,48.1996,473.1
NORAD-65690,-37.7551,-80.1073,474.6
NORAD-65691,-34.3866,-94.7178,486.9
NORAD-65692,-1.8448,62.7572,470.9
NORAD-65693,10.5709,-133.5185,481.3
NORAD-65694,47.7468,119.6289,462.6
NORAD-65695,52.5203,166.7451,474.3
NORAD-65696,44.4903,-163.5358,471.1
NORAD-65697,4.0581,-120.6766,470.2
NORAD-65698,-3.2794,-113.7653,470.8
NORAD-65699,29.0705,89.4049,473.7
NORAD-65700,30.9042,-144.2270,465.3
NORAD-65701,16.7903,77.1685,467.9
NORAD-65702,51.1659,175.9903,474.5
NORAD-65703,12.5459,73.7071,476.6
NORAD-65712,-14.9972,101.3911,590.3
NORAD-65713,-1.6881,-48.5371,628.6
NORAD-65714,-17.5658,-34.6232,625.6
NORAD-65715,30.8111,159.5701,626.4
NORAD-65716,3.5393,132.6402,624.6
NORAD-65717,-42.2425,-0.4969,621.9
NORAD-65718,-0.2414,127.3971,623.9
NORAD-65719,49.5751,-150.0842,625.0
NORAD-65720,-27.7960,103.5987,624.5
NORAD-65721,-48.1962,59.8136,624.0
NORAD-65722,13.2914,-61.2744,629.7
NORAD-65723,39.6255,-94.7170,627.0
NORAD-65734,46.7178,104.7042,475.0
NORAD-65735,12.2246,-137.6080,481.1
NORAD-65736,43.7050,97.7268,475.6
NORAD-65737,52.5543,130.1439,462.0
NORAD-65738,-12.6665,42.4010,484.3
NORAD-65739,-8.1999,45.8824,484.3
NORAD-65740,52.9015,149.3843,474.3
NORAD-65741,0.9663,52.7951,470.5
NORAD-65742,52.9054,149.3412,460.1
NORAD-65743,-19.9791,-112.5214,485.5
NORAD-65744,38.1872,-164.3277,476.5
NORAD-65745,-43.8806,-82.2687,487.5
NORAD-65746,-22.4146,34.1068,476.0
NORAD-65747,43.4603,97.2203,463.1
NORAD-65748,12.4068,-137.7472,468.7
NORAD-65749,32.6882,80.7402,477.5
NORAD-65750,25.6357,-149.3117,468.7
NORAD-65751,25.7565,-149.4392,479.1
NORAD-65752,-26.1836,30.4995,486.3
NORAD-65753,51.2281,120.8979,474.4
NORAD-65754,-32.7742,-99.5133,486.6
NORAD-65755,-1.6225,-127.0817,483.3
NORAD-65756,-21.8147,34.6512,486.0
NORAD-65757,38.0614,-164.1422,463.8
NORAD-65758,36.3566,85.4657,477.3
NORAD-65759,44.9895,-176.7179,462.5
NORAD-65760,-51.3556,-58.7706,487.8
NORAD-65761,28.2047,75.6991,465.8
NORAD-65762,-45.9107,31.8617,641.4
NORAD-65763,41.5162,-167.0473,439.8
NORAD-65764,45.8607,-148.1843,630.1
NORAD-65765,-42.4142,-8.8700,641.4
NORAD-65766,26.5252,-62.7631,633.1
NORAD-65767,15.8432,-50.0515,634.9
NORAD-65768,-4.7684,141.5428,638.2
NORAD-65769,25.8447,149.8649,646.0
NORAD-65770,37.9180,-166.9952,631.4
NORAD-65771,6.4686,152.9283,636.5
NORAD-65772,44.7460,-95.7426,630.3
NORAD-65773,51.8225,-143.3864,629.2
NORAD-65774,-47.8360,42.8018,641.5
NORAD-65775,-51.8259,36.6855,641.8
NORAD-65776,15.8942,162.1196,629.8
NORAD-65777,44.3536,127.7749,282.7
NORAD-65778,-26.7258,117.0412,640.5
NORAD-65779,48.8993,-168.0645,629.7
NORAD-65780,17.6895,164.7226,634.8
NORAD-65781,-50.2835,61.9862,641.6
NORAD-65782,-36.5795,102.2151,641.1
NORAD-65783,-15.9810,129.8008,639.5
NORAD-65785,42.3914,171.0633,630.2
NORAD-65786,36.5012,-77.6732,631.5
NORAD-65787,50.2992,-118.0258,629.6
NORAD-65788,-6.6453,-26.9482,638.2
NORAD-65789,33.5625,63.9157,495.8
NORAD-65790,-56.6368,-64.6520,583.1
NORAD-65791,7.0054,-63.9075,558.5
NORAD-65792,-7.2757,116.1366,560.8
NORAD-65793,-79.7270,-17.9189,565.4
NORAD-65794,51.5825,-72.2756,551.1
NORAD-65795,79.7061,161.8487,548.0
NORAD-65796,-51.6880,107.7631,565.3
NORAD-65797,-37.5880,-57.2155,563.9
NORAD-65798,37.5786,122.7142,553.5
NORAD-65799,66.6277,134.2683,549.4
NORAD-65800,21.9010,-65.9484,555.7
NORAD-65801,-66.7891,-45.5145,565.5
NORAD-65802,-22.1333,114.0953,562.8
NORAD-65803,36.5611,-68.4429,553.6
NORAD-65804,66.1253,-79.7912,548.9
NORAD-65805,79.3615,-105.9330,548.0
NORAD-65806,22.7641,120.1414,555.8
NORAD-65807,52.1260,126.5208,550.7
NORAD-65808,7.6094,118.0467,558.5
NORAD-65809,-37.0087,111.5470,564.0
NORAD-65810,-79.3364,74.2434,565.6
NORAD-65811,-66.1710,100.2486,566.1
NORAD-65812,-52.3049,-53.3409,565.0
NORAD-65813,-22.9100,-59.7620,562.7
NORAD-65814,-7.9422,-61.8323,560.9
NORAD-65815,-55.1150,-176.1756,840.8
NORAD-65816,-20.6243,-152.0897,701.2
NORAD-65817,86.4298,10.2979,1166.3
NORAD-65818,54.7730,106.2497,1168.7
NORAD-65819,18.6526,109.8569,1174.7
NORAD-65820,-17.3491,112.3034,1180.1
NORAD-65821,-52.3882,115.7034,1183.3
NORAD-65822,-69.4827,109.8257,935.2
NORAD-65823,-24.7011,7.9773,486.5
NORAD-65824,-21.3028,4.8119,476.2
NORAD-65825,50.7707,-80.7875,461.8
NORAD-65826,26.9243,-171.5948,466.2
NORAD-65827,13.8280,-24.8648,468.1
NORAD-65828,-9.5060,158.9039,472.2
NORAD-65829,-51.3450,100.2271,483.1
NORAD-65830,11.8036,-21.1221,481.1
NORAD-65831,-4.7018,-10.7379,471.1
NORAD-65832,-52.3421,89.9630,475.1
NORAD-65833,-48.8132,107.2668,475.1
NORAD-65834,-40.9314,28.3091,487.1
NORAD-65835,-15.8050,0.0778,485.2
NORAD-65836,47.2098,-66.8053,475.1
NORAD-65837,8.9830,172.8759,469.0
NORAD-65838,-44.1661,34.4838,475.3
NORAD-65839,-43.0409,121.7670,474.2
NORAD-65840,4.7258,-17.8052,469.9
NORAD-65842,42.6006,-150.4418,463.0
NORAD-65843,45.9090,-64.8469,462.5
NORAD-65844,39.2770,-51.9790,463.9
NORAD-65845,22.8002,-32.5794,466.7
NORAD-65846,-27.4578,143.2277,472.9
NORAD-65847,20.8097,-28.6435,479.5
NORAD-65848,48.5141,-136.0746,462.3
NORAD-65849,-11.2546,-3.5865,472.4
NORAD-65850,7.1780,-17.5402,482.1
NORAD-65851,-1.2045,-115.6744,597.8
NORAD-65852,-3.3118,-112.4948,598.0
NORAD-65853,-17.3976,14.7644,578.6
NORAD-65854,30.9395,165.0997,465.1
NORAD-65855,52.9795,97.1442,474.4
NORAD-65856,13.3625,-178.4965,468.4
NORAD-65857,18.4153,26.4925,467.5
NORAD-65858,9.5762,-174.0991,481.6
NORAD-65859,-9.2534,5.0903,471.9
NORAD-65860,9.4090,19.1953,469.2
NORAD-65861,38.8100,154.7395,463.7
NORAD-65862,-23.0348,-149.0332,473.1
NORAD-65863,52.3055,87.9182,461.8
NORAD-65864,-22.7237,-148.6173,485.8
NORAD-65865,50.6351,125.8230,462.3
NORAD-65866,35.5658,44.4067,464.6
NORAD-65867,14.0486,-177.6428,480.6
NORAD-65868,53.0304,106.9861,461.7
NORAD-65869,-0.0583,12.0400,471.0
NORAD-65870,-4.4985,-163.4882,483.6
NORAD-65871,46.0339,142.2546,475.3
NORAD-65872,-9.1569,-159.9446,484.1
NORAD-65873,4.3204,-171.5131,469.9
NORAD-65874,-42.6974,-31.5761,474.8
NORAD-65875,48.7443,70.6731,462.4
NORAD-65876,-4.6208,-164.1049,471.3
NORAD-65877,-42.7707,-123.0693,486.7
NORAD-65878,45.7662,141.4859,462.8
NORAD-65879,27.2694,34.7424,466.2
NORAD-65880,42.8551,56.0386,463.5
NORAD-65881,22.5394,173.6465,466.7
NORAD-65882,4.2769,91.6599,469.8
NORAD-65883,50.6820,154.5803,462.1
NORAD-65884,12.3060,99.9622,481.0
NORAD-65885,48.7247,-150.4399,462.5
NORAD-65886,35.5885,-124.2603,464.7
NORAD-65887,-0.0775,-91.8449,470.4
NORAD-65888,-19.9897,74.8008,485.9
NORAD-65889,-51.4033,20.7692,487.6
NORAD-65890,-43.9965,44.3145,487.3
NORAD-65891,-47.6403,-33.8900,487.8
NORAD-65892,31.1978,115.3808,465.2
NORAD-65893,-32.8488,61.6953,486.3
NORAD-65894,-1.6206,89.3593,483.1
NORAD-65895,13.5635,98.8328,468.4
NORAD-65896,24.7537,110.0288,474.5
NORAD-65897,53.0254,173.0840,461.6
NORAD-65898,39.2544,126.1265,463.5
NORAD-65899,27.3377,-114.6510,466.0
NORAD-65900,9.3947,-99.0151,469.4
NORAD-65901,-10.5808,82.5410,484.3
NORAD-65902,-49.5000,29.3173,487.8
NORAD-65903,-41.4974,-47.6349,487.8
NORAD-65904,42.9533,-136.0716,463.0
NORAD-65905,30.1063,116.2586,477.9
NORAD-65906,45.7401,138.6209,462.9
NORAD-65907,52.3179,-167.8710,462.0
NORAD-65908,22.4621,106.4448,466.7
NORAD-65909,-51.7807,-17.0182,487.7
NORAD-65910,-35.2465,96.0171,474.1
NORAD-65911,-50.8896,176.6641,474.9
NORAD-65912,-23.0975,-134.8261,473.4
NORAD-65913,18.7175,49.4466,467.4
NORAD-65914,9.5526,56.8864,469.0
NORAD-65915,-5.8582,69.2361,483.9
NORAD-65916,38.7555,-78.6310,463.5
NORAD-65917,43.0662,19.7386,462.9
NORAD-65918,-51.2491,133.7453,487.6
NORAD-65919,52.4223,-12.7159,461.9
NORAD-65920,-48.4734,121.8258,474.6
NORAD-65921,27.5510,41.1598,465.9
NORAD-65922,13.5866,-105.8334,468.4
NORAD-65923,-4.9919,-119.9861,471.2
NORAD-65924,-14.0968,-127.0615,472.4
NORAD-65925,-42.5755,107.5310,474.6
NORAD-65926,-39.5087,-154.3246,474.3
NORAD-65927,4.3931,-112.9484,469.7
NORAD-65928,-8.9752,70.8925,471.7
NORAD-65929,-19.5846,80.2387,484.7
NORAD-65930,-46.1112,-167.3142,474.8
NORAD-65931,-32.5480,93.3222,486.6
NORAD-65932,-43.6655,110.3885,487.3
NORAD-65933,-31.7066,-143.7501,474.5
NORAD-65934,-52.9005,162.1567,488.9
NORAD-65935,-52.1840,138.9597,475.3
NORAD-65936,-26.9746,86.4754,473.7
NORAD-65937,48.8409,5.1959,462.5
NORAD-65938,-62.5016,171.5346,540.1
NORAD-65939,2.5495,-25.1281,547.9
NORAD-65940,25.3271,152.5119,519.3
NORAD-65945,63.0049,166.2837,488.4
NORAD-65946,-33.3794,1.3868,479.4
NORAD-65947,40.6569,-117.1094,630.9
NORAD-65948,-51.5616,18.8902,641.5
NORAD-65949,47.8142,-137.2005,629.9
NORAD-65950,-50.9750,-6.6987,641.6
NORAD-65951,-31.6477,78.8473,640.3
NORAD-65952,31.4420,-100.8883,632.5
NORAD-65953,51.5635,-161.1482,629.3
NORAD-65954,7.0015,90.8409,636.4
NORAD-65955,-40.7486,62.7568,641.3
NORAD-65956,-7.1330,92.1352,638.3
NORAD-65957,50.9619,173.2238,629.4
NORAD-65958,-38.4206,-48.6918,641.1
NORAD-65959,46.1581,150.1341,630.1
NORAD-65960,44.2082,145.3983,443.6
NORAD-65961,-46.1490,-29.8395,641.5
NORAD-65962,38.4030,131.3188,631.2
NORAD-65963,28.7436,115.8419,632.9
NORAD-65964,-18.2420,-77.2270,639.6
NORAD-65965,-28.8336,-64.0337,640.5
NORAD-65966,-7.1305,-88.9422,638.4
NORAD-65967,17.9953,102.7001,634.7
NORAD-65968,4.1882,-100.4726,636.9
NORAD-65969,-15.5317,67.7164,639.2
NORAD-65970,-4.1457,79.6885,637.8
NORAD-65971,40.9696,170.2307,547.3
NORAD-65973,18.0577,114.9246,568.8
NORAD-65974,-0.8847,90.5656,975.3
NORAD-65975,80.7408,160.2073,955.3
NORAD-65976,-56.0387,77.1282,972.1
NORAD-65977,-45.4620,81.4587,973.1
NORAD-65978,80.6242,-158.2959,947.4
NORAD-65979,-30.8409,-84.8770,961.4
NORAD-65980,59.2402,-104.4104,966.4
NORAD-65981,-70.9571,63.8140,979.3
NORAD-65982,-50.3119,-78.9993,970.8
NORAD-65983,-4.7331,89.2749,966.8
NORAD-65984,31.2668,-95.2777,960.9
NORAD-65985,-48.7692,-79.9732,962.5
NORAD-65986,71.4073,117.9719,966.8
NORAD-65987,-19.1954,87.8152,981.8
NORAD-65988,64.6379,108.6540,946.5
NORAD-65989,-81.0258,14.0992,962.9
NORAD-65990,-54.5085,77.4408,962.8
NORAD-65991,14.8034,92.1246,955.3
NORAD-65992,-15.5330,88.5400,982.9
NORAD-65993,-79.5827,-32.7838,982.8
NORAD-65994,-42.8099,82.6181,980.6
NORAD-65995,49.6421,94.4517,1150.0
NORAD-65996,32.3366,45.4902,1152.4
NORAD-65997,39.1906,149.9802,1151.6
NORAD-65998,12.0516,-177.1526,1155.6
NORAD-65999,-18.2773,-150.7599,1159.0
NORAD-66000,-43.6617,-113.6131,1160.3
NORAD-66001,-26.4529,-11.7514,1159.2
NORAD-66002,-48.0448,-55.9340,1160.3
NORAD-66003,3.0660,15.4685,1156.4
NORAD-66004,37.5332,6.4115,865.8
NORAD-66005,30.9186,-151.5821,465.3
NORAD-66006,-53.0951,95.2502,475.3
NORAD-66007,-6.6007,7.8324,484.0
NORAD-66008,-52.0961,76.3403,475.6
NORAD-66009,44.7374,-44.9810,475.5
NORAD-66010,-5.3375,177.7988,473.2
NORAD-66011,-33.1747,32.1338,486.9
NORAD-66012,-51.4535,72.9297,487.6
NORAD-66013,-8.5761,8.6368,472.0
NORAD-66014,21.0802,-13.8730,479.4
NORAD-66015,-48.2351,59.1127,475.7
NORAD-66016,52.9763,-93.9070,461.5
NORAD-66017,-46.3797,130.0571,475.3
NORAD-66018,36.2219,-31.0502,464.8
NORAD-66019,49.0381,-57.4215,462.1
NORAD-66020,33.8830,-27.2741,477.3
NORAD-66021,51.7516,-68.9730,474.3
NORAD-66022,7.3456,-2.6585,481.6
NORAD-66023,-20.3070,18.9227,485.7
NORAD-66024,13.2177,-168.0848,468.4
NORAD-66025,-44.1237,49.3928,487.9
NORAD-66026,-42.2399,44.9483,475.1
NORAD-66027,9.9557,-5.3811,469.1
NORAD-66028,27.9028,-21.1674,465.6
NORAD-66029,38.4944,-140.9917,464.1
NORAD-66030,-26.5440,24.0808,473.9
NORAD-66031,22.2599,-160.3881,466.8
NORAD-66032,3.9928,-175.2158,469.9
NORAD-66033,-87.8392,141.7326,1084.5
NORAD-66034,-48.4501,115.2278,1083.8
NORAD-66035,-8.3548,114.2984,1080.0
NORAD-66036,-68.1686,116.5539,1084.5
NORAD-66037,-28.1499,114.1333,1082.2
NORAD-66038,87.7961,-38.8406,1066.8
NORAD-66039,11.7304,113.9171,1076.8
NORAD-66040,51.6469,112.5873,1069.6
NORAD-66041,71.6096,111.1161,1067.3
NORAD-66042,32.3765,113.4236,1073.0
NORAD-66043,34.2842,-68.0223,800.8
NORAD-66044,48.0968,-64.8454,1070.2
NORAD-66045,28.0592,-65.3323,1073.7
NORAD-66046,7.3053,-65.8348,1077.2
NORAD-66047,-32.7828,-66.7617,1082.6
NORAD-66048,-12.1254,-66.1253,1080.3
NORAD-66049,-51.9610,-67.1545,1083.7
NORAD-66050,-71.8759,-68.9502,1084.6
NORAD-66051,25.4340,110.3478,761.3
NORAD-66052,18.1487,-102.2902,347.6
NORAD-66053,-74.9061,176.6139,461.9
NORAD-66054,-29.8892,149.4594,513.6
NORAD-66055,24.9167,140.7779,497.2
NORAD-66056,-46.6765,151.6502,517.1
NORAD-66058,34.9543,-8.4826,464.5
NORAD-66059,46.9093,17.4395,462.2
NORAD-66060,7.1547,139.2730,481.9
NORAD-66061,44.4193,11.4591,475.6
NORAD-66062,-36.9884,178.2343,474.4
NORAD-66063,41.2699,103.6133,476.1
NORAD-66064,-37.2512,179.3155,487.2
NORAD-66065,33.6799,114.7668,477.3
NORAD-66066,-20.4920,160.8717,485.6
NORAD-66067,-52.8111,-117.3832,475.5
NORAD-66068,-28.8890,168.3058,473.9
NORAD-66069,20.6027,-19.3867,479.8
NORAD-66070,16.3419,131.9886,480.2
NORAD-66071,52.7284,63.9758,474.3
NORAD-66072,-11.0783,152.3613,472.0
NORAD-66073,20.8610,128.1033,479.6
NORAD-66074,-6.7876,149.7525,484.0
NORAD-66075,-20.1589,159.8683,473.0
NORAD-66076,-33.3406,174.1172,486.8
NORAD-66077,41.5071,102.4874,463.5
NORAD-66078,47.7532,88.4358,463.2
NORAD-66079,33.4091,-6.1549,477.5
NORAD-66080,-49.9910,-99.5434,474.8
NORAD-66081,41.5592,101.6752,471.8
NORAD-66082,35.5499,-4.1129,472.4
NORAD-66083,29.6491,119.4606,478.4
NORAD-66084,-24.9018,164.9484,486.4
NORAD-66085,2.5045,142.7741,483.4
NORAD-66086,-53.1311,91.7933,487.6
NORAD-66087,43.4106,-42.9952,463.2
NORAD-66088,2.6234,0.8037,482.5
NORAD-66089,41.4848,-38.6474,477.1
NORAD-66090,-24.7883,22.9582,486.2
NORAD-66091,-47.1776,56.6350,487.7
NORAD-66092,-14.4625,170.5942,472.6
NORAD-66093,49.9186,-60.0792,474.6
NORAD-66094,29.6636,-22.4377,477.8
NORAD-66095,16.4709,-10.0005,480.3
NORAD-66096,-11.2955,11.3477,484.5
NORAD-66097,25.3562,-17.9836,478.7
NORAD-66098,-39.7800,143.1875,474.7
NORAD-66099,-37.1685,37.3050,487.2
NORAD-66100,-17.7273,15.8840,473.4
NORAD-66101,52.4668,-75.1749,462.3
NORAD-66102,-31.9874,153.8649,474.0
NORAD-66103,0.6769,1.5512,470.2
NORAD-66104,-51.0163,113.9787,474.9
NORAD-66105,45.4464,-128.1171,462.7
NORAD-66106,-23.5010,162.7354,473.5
NORAD-66107,-34.9204,33.5250,474.3
NORAD-66108,50.4216,-112.6510,461.9
NORAD-66109,18.9954,-12.8516,468.2
NORAD-66110,-49.4077,64.3693,488.0
NORAD-66111,-52.6106,82.1178,487.9
NORAD-66112,47.5759,-52.2246,475.0
NORAD-66113,-52.8677,101.3331,488.0
NORAD-66114,24.0169,137.3335,466.3
NORAD-66115,-18.5796,-46.5061,485.4
NORAD-66116,-21.5615,100.6934,473.2
NORAD-66117,-42.8718,-17.0644,487.5
NORAD-66118,9.1974,-68.0094,481.8
NORAD-66119,26.0570,-83.2103,467.0
NORAD-66120,51.2957,-172.9339,463.1
NORAD-66121,-0.2064,-60.9134,483.0
NORAD-66122,-48.7372,-2.4871,487.6
NORAD-66123,-45.0745,69.2529,474.8
NORAD-66124,-30.1625,92.1160,474.1
NORAD-66125,-12.6011,108.2528,472.2
NORAD-66126,40.3168,157.2765,464.6
NORAD-66127,31.3688,-88.1857,477.8
NORAD-66128,-4.7671,-57.4869,483.8
NORAD-66129,-31.6194,-33.6497,486.8
NORAD-66130,-50.8580,5.8899,487.7
NORAD-66131,46.7805,170.6755,462.9
NORAD-66132,-50.2388,53.7064,475.2
NORAD-66133,32.5076,146.3309,465.1
NORAD-66134,-38.1790,81.8449,474.7
NORAD-66135,-27.3298,-38.3356,486.3
NORAD-66136,5.9102,122.3084,469.5
NORAD-66137,15.0697,129.4786,468.5
NORAD-66138,22.7938,-79.3778,479.5
NORAD-66139,42.0263,-104.1716,463.2
NORAD-66140,-3.4647,115.2765,471.0
NORAD-66141,-52.8965,35.6137,475.1
NORAD-66142,-4.1805,62.2925,35783.9
NORAD-66144,6.0800,140.9543,65113.3
NORAD-66146,31.8008,167.8328,465.6
NORAD-66147,-33.9441,-7.8000,475.5
NORAD-66148,46.2247,-168.4426,463.2
NORAD-66149,-44.5145,9.3483,487.6
NORAD-66150,-40.5835,101.7754,474.4
NORAD-66151,42.2780,-83.0078,463.4
NORAD-66152,52.1157,-114.4801,462.0
NORAD-66153,-38.7682,103.2863,474.3
NORAD-66154,16.0285,-50.4196,480.8
NORAD-66155,-27.9219,-16.8030,473.8
NORAD-66156,-51.7875,34.0685,475.2
NORAD-66157,-4.1597,137.0935,470.9
NORAD-66158,6.7909,-43.1236,482.2
NORAD-66159,-43.2251,5.2545,474.5
NORAD-66160,-46.9590,88.3515,474.8
NORAD-66161,11.4385,-46.7150,481.4
NORAD-66162,-51.6395,33.1371,488.0
NORAD-66163,48.2597,-97.1918,462.5
NORAD-66164,14.3656,151.2357,468.3
NORAD-66165,39.6550,178.5177,464.1
NORAD-66166,17.6651,-53.9281,467.8
NORAD-66167,23.4341,159.1038,466.2
NORAD-66168,-53.1181,53.9914,477.7
NORAD-66169,-7.4347,-32.4350,471.8
NORAD-66170,5.3099,144.1785,469.6
NORAD-66171,26.4001,-61.9413,466.1
NORAD-66172,-11.8166,-29.0363,484.7
NORAD-66173,50.9832,-152.2422,462.1
NORAD-66175,-82.5595,-123.0890,504.9
NORAD-66176,-53.8948,-29.0032,354.2
NORAD-66177,35.1979,-3.7227,467.3
NORAD-66178,-49.5318,-154.5547,475.1
NORAD-66179,-2.8719,-38.4119,471.2
NORAD-66180,51.8351,71.7071,462.1
NORAD-66181,7.5650,138.3953,469.6
NORAD-66182,-43.9925,-169.6568,474.9
NORAD-66183,-12.1419,-45.5153,472.3
NORAD-66184,-29.8462,-61.6642,474.2
NORAD-66185,-37.8453,-71.7860,474.6
NORAD-66186,34.0334,113.7625,465.0
NORAD-66187,6.0114,-31.0404,469.9
NORAD-66188,-1.7273,145.3852,471.1
NORAD-66189,24.9053,-15.2462,478.8
NORAD-66190,24.0713,-16.0456,466.8
NORAD-66191,16.7266,131.1148,468.0
NORAD-66192,-52.6232,-137.1389,475.5
NORAD-66193,51.5927,73.2203,474.5
NORAD-66194,52.3867,66.8579,469.9
NORAD-66195,-21.1321,-53.0573,473.7
NORAD-66196,37.2850,-0.8445,476.8
NORAD-66197,51.5474,35.0544,464.3
NORAD-66198,-28.9464,169.2199,486.9
NORAD-66199,49.7971,81.7195,474.7
NORAD-66200,53.1390,54.0725,474.6
NORAD-66201,-4.1258,-39.3613,479.2
NORAD-66202,41.0275,5.0530,475.9
NORAD-66203,33.1186,-6.3638,474.7
NORAD-66204,25.6329,123.0721,466.2
NORAD-66205,-14.9558,2.0577,284.7
NORAD-66206,-7.0951,133.0797,471.4
NORAD-66207,-7.1450,-57.3315,471.4
NORAD-66208,20.5425,-35.6386,467.3
NORAD-66209,49.7777,65.4530,462.1
NORAD-66210,2.1700,126.1174,469.9
NORAD-66211,49.7072,10.1102,462.0
NORAD-66212,49.6209,67.4628,474.5
NORAD-66213,-47.1874,-177.6560,475.0
NORAD-66214,44.4261,-3.3196,475.0
NORAD-66215,-40.8579,168.7674,474.8
NORAD-66216,11.2505,120.6068,480.0
NORAD-66217,-16.4884,141.9366,485.1
NORAD-66218,37.4707,92.7565,465.0
NORAD-66219,44.3074,-4.9908,463.2
NORAD-66220,29.2673,102.9693,465.6
NORAD-66221,-25.3867,149.9334,486.1
NORAD-66222,-11.9264,138.2344,484.8
NORAD-66223,15.9029,116.8576,481.1
NORAD-66224,52.7287,29.4502,474.5
NORAD-66225,1.9494,127.6937,482.5
NORAD-66226,44.4073,80.6034,463.3
NORAD-66227,37.2469,-17.2573,464.3
NORAD-66228,11.4467,119.0338,468.6
NORAD-66229,52.7611,47.3925,461.8
NORAD-66230,-29.6741,154.3668,486.5
NORAD-66231,-53.1381,-142.2426,475.2
NORAD-66232,49.8040,11.8912,474.6
NORAD-66233,53.1411,39.6406,474.2
NORAD-66234,-36.0588,-144.7860,482.4
NORAD-66235,-52.3684,-73.7691,483.3
NORAD-66236,34.7391,34.5204,477.0
NORAD-66237,9.3988,7.5515,468.9
NORAD-66238,0.1009,0.5198,470.5
NORAD-66239,-49.7580,-114.8519,483.1
NORAD-66240,-45.6763,-127.0582,487.2
NORAD-66241,-52.9982,-93.0714,487.9
NORAD-66242,-19.2906,-11.8857,485.6
NORAD-66243,-50.9363,-64.7585,487.7
NORAD-66244,-31.6443,-24.8702,486.3
NORAD-66245,-5.5673,-0.9000,484.4
NORAD-66246,35.8115,35.2252,472.4
NORAD-66247,16.8383,15.6421,475.9
NORAD-66248,41.3596,141.0180,471.6
NORAD-66249,-49.0479,-117.4619,483.0
NORAD-66250,23.4746,163.2703,474.9
NORAD-66251,3.3001,179.7418,478.1
NORAD-66252,-53.0785,-83.4134,487.9
NORAD-66253,49.8999,65.3401,470.0
NORAD-66254,-23.8430,-16.7244,481.5
NORAD-66255,42.2713,46.1192,475.9
NORAD-66256,-35.7012,-29.9462,486.3
NORAD-66257,-52.3588,-73.7129,487.7
NORAD-66258,-52.1581,-102.4270,487.9
NORAD-66259,-41.3256,-38.5701,482.6
NORAD-66260,52.2580,106.7644,469.7
NORAD-66261,-17.1661,-164.4429,480.7
NORAD-66262,-3.6355,-0.1612,478.9
NORAD-66265,38.3524,51.8636,463.6
NORAD-66266,46.9350,37.0679,461.7
NORAD-66267,45.1976,39.2055,463.0
NORAD-66268,41.7363,-48.2074,463.5
NORAD-66269,10.1191,-83.8766,469.0
NORAD-66270,49.1181,-31.6298,462.3
NORAD-66271,7.8694,-84.1513,469.0
NORAD-66272,3.4153,85.5913,469.9
NORAD-66273,52.9383,5.2338,461.9
NORAD-66274,52.0150,-16.4666,461.9
NORAD-66275,-28.4655,-113.9932,474.0
NORAD-66276,-30.2545,116.1260,474.6
NORAD-66277,28.0546,-68.0203,466.0
NORAD-66278,-5.8788,92.5539,471.3
NORAD-66279,53.1143,2.1212,461.7
NORAD-66280,21.7318,70.8088,466.8
NORAD-66281,17.1260,-76.7671,467.9
NORAD-66282,34.3747,-59.3161,464.8
NORAD-66283,-1.4431,-91.1638,471.0
NORAD-66284,-49.2932,-150.5657,475.7
NORAD-66285,-50.2144,154.3165,475.2
NORAD-66286,24.2905,70.5505,467.1
NORAD-66287,19.4119,-76.2342,467.4
NORAD-66288,36.1574,-58.3798,464.1
NORAD-66289,52.5299,-13.6860,461.9
NORAD-66290,50.3311,23.5847,462.2
NORAD-66291,12.7140,78.4313,468.6
NORAD-66292,30.4323,62.0853,465.8
NORAD-66294,-7.1077,118.7137,508.2
NORAD-66295,14.7495,89.3074,482.4
NORAD-66296,22.3084,-45.6636,506.0
NORAD-66297,-8.6109,117.0743,507.2
NORAD-66298,-6.5659,116.4696,507.3
NORAD-66299,-35.4102,-113.1681,517.4
NORAD-66300,-0.3486,-54.3023,551.6
NORAD-66301,-30.1963,-89.7900,551.7
NORAD-66302,-1.3117,126.1217,544.6
NORAD-66303,-19.5811,-90.0376,513.9
NORAD-66304,6.6838,96.2369,480.9
NORAD-66305,-39.6282,157.4666,492.0
NORAD-66306,-5.7211,-82.5305,498.4
NORAD-66307,-32.9085,143.0094,491.1
NORAD-66308,-34.5339,154.2512,515.0
NORAD-66309,36.8261,-20.3303,506.0
NORAD-66310,20.8531,-34.7689,1124.3
NORAD-66311,-0.0397,73.9993,35795.9
NORAD-66313,-15.6672,90.8789,7503.0
NORAD-66315,-39.9327,90.0667,710.0
NORAD-66316,23.8362,-30.5901,568.2
NORAD-66319,-28.4264,141.3202,492.3
NORAD-66320,-40.6922,63.4509,492.4
NORAD-66321,39.3612,-65.2404,484.9
NORAD-66322,3.3009,-7.2465,489.6
NORAD-66323,-32.1483,134.4294,492.4
NORAD-66324,-32.3737,39.0358,492.5
NORAD-66325,-38.3281,118.8442,492.5
NORAD-66326,39.5334,-121.1179,484.4
NORAD-66327,-6.3339,3.1068,491.2
NORAD-66328,-15.4535,159.5176,490.9
NORAD-66329,42.9805,-93.1325,485.0
NORAD-66330,8.3789,-174.2172,488.6
NORAD-66331,-20.1819,19.4379,490.7
NORAD-66332,17.3110,-23.1934,487.8
NORAD-66333,-42.8821,82.0401,491.8
NORAD-66334,-11.0877,8.3883,491.2
NORAD-66335,41.4324,-112.1805,484.2
NORAD-66336,33.6585,-49.1937,485.6
NORAD-66337,-42.8865,91.6112,492.3
NORAD-66338,30.0541,-41.9806,485.9
NORAD-66339,42.5460,-83.5525,484.1
NORAD-66340,-19.9747,153.8261,491.6
NORAD-66341,17.7428,-163.2678,487.1
NORAD-66342,33.8684,-137.3485,484.5
NORAD-66343,-6.0171,170.2428,490.3
NORAD-66344,-38.4887,54.7051,492.8
NORAD-66345,30.2986,-144.5746,485.3
NORAD-66346,8.0417,-12.4098,489.2
NORAD-66347,-24.6041,25.6210,492.2
NORAD-66348,-22.5753,-66.3270,485.6
NORAD-66349,-53.1250,-140.6306,483.2
NORAD-66350,-11.1470,-57.3928,479.9
NORAD-66351,30.3926,104.7049,473.0
NORAD-66352,-50.8796,-161.5223,487.7
NORAD-66353,-48.4763,-106.6568,487.5
NORAD-66354,14.0724,-37.4129,470.9
NORAD-66355,-4.9633,-51.9420,483.4
NORAD-66356,9.1319,-41.3228,481.8
NORAD-66357,45.8966,2.3254,475.4
NORAD-66358,9.3747,-41.8430,476.9
NORAD-66359,-9.7734,138.1111,479.9
NORAD-66360,-52.3371,-152.4828,487.7
NORAD-66361,10.8171,122.5039,476.7
NORAD-66362,-4.7445,-51.7754,471.7
NORAD-66363,-42.9297,-92.3326,487.0
NORAD-66364,-0.1872,-48.3628,482.9
NORAD-66365,-30.7262,-75.3145,482.0
NORAD-66366,-46.6852,-101.4747,482.9
NORAD-66367,-50.6533,-114.9242,487.5
NORAD-66368,6.6764,124.2308,481.7
NORAD-66369,33.2685,99.8701,477.6
NORAD-66370,20.4866,113.0319,479.9
NORAD-66371,-7.2665,134.7159,484.1
NORAD-66372,-20.9068,145.8396,485.6
NORAD-66373,-33.6083,159.0506,486.7
NORAD-66374,-25.1065,148.3305,473.5
NORAD-66375,46.8998,75.4226,475.1
NORAD-66376,20.1824,-11.5810,422.4
NORAD-66377,-23.8330,154.5214,367.2
NORAD-66378,39.1830,-128.0330,451.7
NORAD-66379,38.0427,-129.7415,451.2
NORAD-66380,31.5680,-38.5782,465.3
NORAD-66381,11.2588,107.2902,468.9
NORAD-66382,-16.2982,-76.4237,472.4
NORAD-66383,50.9004,1.2200,463.3
NORAD-66384,30.6243,89.5679,477.8
NORAD-66385,39.4131,-27.9942,463.0
NORAD-66386,22.1209,98.1505,479.7
NORAD-66387,48.4254,56.1555,462.6
NORAD-66388,8.4569,109.4609,481.9
NORAD-66389,26.4488,94.0040,478.7
NORAD-66390,-33.7890,145.8477,474.0
NORAD-66391,20.5960,-44.6676,479.6
NORAD-66392,-18.5282,130.3449,475.8
NORAD-66393,20.7585,-47.3494,467.2
NORAD-66394,-45.8522,-116.3742,474.9
NORAD-66395,-7.3106,121.3375,471.6
NORAD-66396,46.2093,-14.6141,463.5
NORAD-66397,-41.1708,156.6972,475.1
NORAD-66398,9.1454,107.5102,468.5
NORAD-66399,-18.5786,128.9712,472.7
NORAD-66400,-53.0469,-151.0350,474.8
NORAD-66401,-50.7028,-132.1490,476.2
NORAD-66403,-31.3254,-93.0031,474.1
NORAD-66404,-13.7367,-76.4623,472.4
NORAD-66405,-27.3410,137.1563,473.6
NORAD-66406,14.0085,-55.1998,468.4
NORAD-66407,22.9993,-47.4410,466.4
NORAD-66408,4.7711,-62.3674,469.8
NORAD-66409,3.9361,-37.5478,737.7
NORAD-66410,-79.0252,-86.4708,731.5
NORAD-66411,69.3594,7.1401,685.8
NORAD-66412,-46.3429,14.7543,1160.4
NORAD-66413,49.9726,-135.0591,1149.8
NORAD-66414,35.5915,-83.5638,1151.3
NORAD-66415,-45.7717,73.4751,1160.8
NORAD-66416,7.1665,-52.7625,1155.4
NORAD-66417,-23.4489,-25.5231,1158.8
NORAD-66418,-22.0180,113.0748,1159.8
NORAD-66419,8.5129,140.0543,1156.5
NORAD-66420,36.5090,171.2207,1152.1
NORAD-66421,-48.7695,-111.8634,716.2
NORAD-66422,-40.5377,125.1556,492.6
NORAD-66423,-42.0542,162.9994,492.2
NORAD-66424,-38.2934,-179.4754,492.0
NORAD-66425,-28.2136,-156.7592,491.7
NORAD-66426,-19.7997,-144.3704,491.4
NORAD-66427,-5.8091,-127.9650,490.3
NORAD-66428,8.5879,-112.4237,488.6
NORAD-66429,22.3517,-95.6202,487.1
NORAD-66430,33.9683,-75.5595,485.3
NORAD-66431,39.6013,-59.2996,484.4
NORAD-66432,41.4898,-50.2808,484.4
NORAD-66433,42.9811,-31.2461,484.3
NORAD-66434,42.5164,-21.6194,484.3
NORAD-66435,29.8412,19.9666,486.0
NORAD-66436,41.2519,-12.2099,484.3
NORAD-66437,-42.8728,153.4497,492.4
NORAD-66438,-31.9980,-163.7044,492.5
NORAD-66439,25.8940,26.5539,486.6
NORAD-66440,-15.2654,-138.6983,491.3
NORAD-66441,13.2826,-107.0972,488.1
NORAD-66442,17.7155,38.7267,487.7
NORAD-66443,3.5986,54.8502,489.4
NORAD-66444,36.6590,4.9914,485.0
NORAD-66445,-10.7704,70.4468,491.0
NORAD-66446,-32.1303,100.9530,492.0
NORAD-66447,13.1246,44.2638,488.4
NORAD-66448,-6.0294,65.1899,490.6
NORAD-66449,-24.2322,87.4957,492.3
NORAD-66450,-35.4761,108.4514,492.4
NORAD-66454,-0.0010,-78.9817,35795.5
NORAD-66455,-3.5661,20.7336,12384.7
NORAD-66456,18.1437,-78.9286,488.0
NORAD-66457,41.6247,-27.1865,484.7
NORAD-66458,37.3591,-44.5992,484.8
NORAD-66459,39.1514,19.3793,484.6
NORAD-66460,-25.0336,110.0962,492.2
NORAD-66461,-32.7508,123.6371,492.0
NORAD-66462,-41.8324,-173.9709,493.1
NORAD-66463,33.2718,35.4869,486.4
NORAD-66464,-19.0255,-121.9711,491.3
NORAD-66465,39.8412,-36.0945,485.3
NORAD-66466,-40.8742,148.1709,492.4
NORAD-66467,-14.9564,-116.0610,491.0
NORAD-66468,13.5756,-84.4871,488.1
NORAD-66469,-34.8051,-148.4269,491.8
NORAD-66470,36.4979,27.6934,484.9
NORAD-66471,-16.1584,98.1665,491.8
NORAD-66472,-42.7613,176.9417,492.6
NORAD-66473,-0.7399,-100.2511,490.0
NORAD-66474,-29.0655,116.6150,492.0
NORAD-66475,26.7415,-66.8324,487.6
NORAD-66476,29.6241,42.6172,486.4
NORAD-66477,-36.0202,131.2465,492.5
NORAD-66478,34.2209,-52.7266,485.3
NORAD-66479,-23.3965,-127.9079,491.8
NORAD-66480,41.1387,10.6851,484.6
NORAD-66481,-31.3569,-141.0425,492.2
NORAD-66482,-20.7380,104.0024,491.8
NORAD-66483,-42.9431,166.9613,492.6
NORAD-66484,-10.3183,-110.6952,490.5
NORAD-66485,5.9627,-39.1580,489.3
NORAD-66486,10.7078,-33.9059,488.5
NORAD-66487,19.9160,-22.7691,487.4
NORAD-66488,-22.2152,-71.4878,491.8
NORAD-66489,-41.3345,-154.6074,492.3
NORAD-66490,-3.6331,-49.4687,490.4
NORAD-66491,-17.4902,154.5529,491.6
NORAD-66492,-42.9790,-135.6456,493.2
NORAD-66493,28.5888,99.1764,486.0
NORAD-66494,42.9168,49.0084,484.1
NORAD-66495,-39.5359,-107.7510,492.5
NORAD-66496,11.0200,122.8330,488.4
NORAD-66497,-8.4421,-54.7177,490.8
NORAD-66498,6.2794,128.0981,489.3
NORAD-66499,38.4570,76.5487,484.4
NORAD-66500,-42.8098,-138.1984,491.9
NORAD-66501,-33.6213,-179.7492,492.3
NORAD-66502,32.3237,92.2085,485.7
NORAD-66503,-8.1770,143.6923,490.6
NORAD-66504,4.4736,133.5405,489.5
NORAD-66505,32.1303,-3.3330,485.0
NORAD-66506,-39.3944,-163.5114,492.1
NORAD-66507,20.1906,111.6875,487.2
NORAD-66508,-21.8666,160.2831,491.6
NORAD-66509,42.8385,39.3588,484.2
NORAD-66510,40.6658,67.8274,484.5
NORAD-66511,-33.8868,-91.5610,492.6
NORAD-66512,-30.1007,173.2012,491.9
NORAD-66513,-3.1681,138.2408,490.1
NORAD-66514,-53.9330,-146.5568,1345.5
NORAD-66515,-34.3630,-25.0382,348.3
NORAD-66516,11.0237,49.6014,488.7
NORAD-66517,-36.4656,114.8152,492.2
NORAD-66518,-39.8281,178.7205,492.3
NORAD-66519,14.9013,-101.4105,487.8
NORAD-66520,-18.2817,-138.6399,491.6
NORAD-66521,19.3848,-95.8302,487.1
NORAD-66522,-34.2598,-164.7753,492.0
NORAD-66523,41.9676,-43.3397,484.1
NORAD-66524,-41.1542,132.0084,492.1
NORAD-66525,40.3192,-52.5254,484.1
NORAD-66526,42.8426,-33.8215,483.9
NORAD-66527,-13.6684,-133.0276,490.9
NORAD-66528,35.6422,11.4538,485.1
NORAD-66529,-42.6812,160.5753,492.5
NORAD-66530,-4.0613,-122.2995,489.8
NORAD-66531,-8.1762,70.4655,490.8
NORAD-66532,-8.9120,-127.5995,490.2
NORAD-66533,31.7025,-76.5563,485.8
NORAD-66534,-42.4455,141.2186,492.2
NORAD-66535,-41.6138,169.8361,492.2
NORAD-66536,0.5723,-117.3403,489.9
NORAD-66537,27.8810,-83.4645,486.6
NORAD-66538,38.0177,-61.0852,484.8
NORAD-66539,42.1769,-14.6368,484.3
NORAD-66540,-33.2971,107.1724,492.7
NORAD-66541,5.4159,-112.1284,489.2
NORAD-66542,-25.7101,93.5028,492.1
NORAD-66543,-26.8253,-150.7116,491.6
NORAD-66544,24.5327,32.3802,486.8
NORAD-66545,-51.4278,-99.0160,527.3
NORAD-66546,-50.9130,-104.1501,527.5
NORAD-66547,-49.9859,-110.2152,527.7
NORAD-66548,-26.4045,-179.0938,444.8
NORAD-66549,-3.3323,116.9130,35793.8
NORAD-66553,27.1617,21.7113,36677.5
NORAD-66554,37.7903,-80.9950,453.8
NORAD-66555,34.2632,-99.2387,428.8
NORAD-66557,41.3176,60.8808,484.7
NORAD-66558,33.5823,85.9850,485.2
NORAD-66559,-38.5322,-170.1422,492.7
NORAD-66560,-42.1983,-152.2457,492.9
NORAD-66561,-35.0894,-97.9318,492.4
NORAD-66562,-41.9455,-123.6110,492.4
NORAD-66563,-23.7759,-77.2627,491.5
NORAD-66564,-10.1938,-60.2275,490.8
NORAD-66565,4.2315,-44.5994,489.2
NORAD-66566,13.7149,-34.0071,488.3
NORAD-66567,26.9068,-16.2476,486.3
NORAD-66568,39.8151,14.1399,484.3
NORAD-66569,42.6964,32.6215,483.5
NORAD-66570,42.5287,51.6573,483.3
NORAD-66571,36.7346,78.2239,484.8
NORAD-66572,17.3586,111.7590,487.6
NORAD-66573,3.1952,127.8737,489.6
NORAD-66574,-11.1996,143.5226,490.9
NORAD-66575,-24.6628,160.7277,491.8
NORAD-66576,-35.7479,-178.2676,492.5
NORAD-66577,-42.8320,-133.1099,492.2
NORAD-66578,-37.9811,-105.9067,492.6
NORAD-66579,-27.8941,-83.6506,491.8
NORAD-66580,-14.9575,-65.7555,492.2
NORAD-66581,-0.5925,-49.7765,490.0
NORAD-66582,22.7455,-22.4935,487.0
NORAD-66583,34.3246,-2.1679,485.5
NORAD-66584,41.6192,23.0919,484.4
NORAD-66585,29.9830,93.1591,485.7
NORAD-66588,-41.9078,-85.7164,492.2
NORAD-66589,22.9026,173.2109,488.4
NORAD-66590,-16.5458,1.9734,490.8
NORAD-66591,37.4190,145.0367,483.6
NORAD-66592,29.4160,57.6320,486.2
NORAD-66593,-27.7548,-125.6430,491.9
NORAD-66594,36.3139,72.4179,485.2
NORAD-66595,-14.6471,-143.6902,491.3
NORAD-66596,2.4672,23.1472,489.8
NORAD-66597,41.6756,127.4756,484.2
NORAD-66598,-40.7704,-47.9007,492.2
NORAD-66599,13.8935,-175.2647,488.2
NORAD-66600,11.9112,33.5482,487.9
NORAD-66601,9.1322,-169.8233,488.7
NORAD-66602,16.7005,39.2289,487.4
NORAD-66603,-37.8900,-103.4509,492.3
NORAD-66604,-32.5480,-23.4679,492.8
NORAD-66605,42.4062,98.8175,484.5
NORAD-66606,-23.5891,-132.0750,491.7
NORAD-66607,42.7016,118.2580,484.4
NORAD-66608,-34.9947,-111.3691,492.3
NORAD-66609,-11.8881,7.4862,490.4
NORAD-66610,27.0334,166.9755,486.3
NORAD-66611,-0.4375,-159.4586,490.3
NORAD-66612,39.0006,80.6840,485.0
NORAD-66613,34.4038,152.9087,484.0
NORAD-66614,-2.3875,17.9481,490.3
NORAD-66615,-5.2244,-154.3113,490.7
NORAD-66616,25.4266,51.0816,486.4
NORAD-66617,51.3123,-71.4081,474.0
NORAD-66618,-47.6977,163.2711,487.6
NORAD-66619,40.3440,-101.2261,476.1
NORAD-66620,-3.3140,-143.1504,483.4
NORAD-66621,32.5888,-112.1295,477.5
NORAD-66622,46.7710,-87.9035,475.0
NORAD-66623,53.0149,-48.2047,461.7
NORAD-66624,-50.0008,155.4502,487.1
NORAD-66625,4.1297,33.0486,469.8
NORAD-66626,6.1163,-136.0775,481.7
NORAD-66627,51.8836,-33.7331,474.2
NORAD-66628,27.3651,-120.7449,466.0
NORAD-66630,31.0463,9.3892,465.2
NORAD-66631,-5.1513,40.0020,471.3
NORAD-66632,48.7613,-84.8586,462.5
NORAD-66633,42.9248,-99.4095,463.4
NORAD-66634,39.0794,-1.2618,464.0
NORAD-66635,52.5835,-62.3265,474.1
NORAD-66636,36.6410,-106.8764,477.2
NORAD-66637,35.6175,-111.1134,464.4
NORAD-66638,10.5350,-132.6865,481.7
NORAD-66639,50.0783,-24.5014,475.0
NORAD-66640,-44.4018,171.4918,486.9
NORAD-66641,-25.9583,-162.0190,486.0
NORAD-66642,24.0770,-121.1676,479.0
NORAD-66643,45.6865,-13.9053,462.7
NORAD-66644,-12.6137,-150.3047,484.9
NORAD-66647,-66.0258,36.2428,1512.6
NORAD-66648,66.5213,71.1532,1493.2
NORAD-66649,8.5839,-127.5472,1490.5
NORAD-66650,79.8550,-125.6131,594.4
NORAD-66651,-67.5039,24.1015,594.9
NORAD-66652,-75.1407,154.0353,598.7
NORAD-66653,39.1470,-168.7755,601.2
NORAD-66654,-26.2898,8.8059,593.4
NORAD-66655,-48.6914,174.7991,621.6
NORAD-66656,12.9263,-173.1847,602.7
NORAD-66657,-55.5357,16.5190,593.8
NORAD-66658,-43.0084,12.5276,590.2
NORAD-66659,-13.3866,-176.6639,604.3
NORAD-66660,-57.2784,17.4847,591.8
NORAD-66661,9.6668,3.9418,586.2
NORAD-66662,72.8818,-148.4458,591.3
NORAD-66663,17.7072,4.4223,539.7
NORAD-66664,-44.8832,-11.2273,426.9
NORAD-66666,-61.1621,-44.1192,577.8
NORAD-66667,81.7935,35.5012,472.5
NORAD-66668,-66.9498,-47.6854,492.3
NORAD-66669,18.4374,-27.3921,491.8
NORAD-66670,-14.6288,152.0171,491.3
NORAD-66671,69.7694,128.8525,501.9
NORAD-66672,-61.2229,-44.9043,525.0
NORAD-66673,-60.4062,-43.6238,509.7
NORAD-66674,5.2574,148.1213,518.1
NORAD-66675,72.6406,-6.0424,505.2
NORAD-66676,27.7941,145.0622,513.0
NORAD-66677,-15.7771,151.8458,505.9
NORAD-66678,-22.8872,152.3817,515.9
NORAD-66679,-70.6447,170.5032,523.5
NORAD-66680,77.7942,6.1511,510.1
NORAD-66681,47.2873,141.6500,494.6
NORAD-66682,-37.5671,-39.7075,589.1
NORAD-66683,-45.7334,-38.5724,524.2
NORAD-66684,-34.2658,154.4771,518.7
NORAD-66685,-10.6430,151.2440,505.6
NORAD-66686,-56.9044,-42.2602,520.9
NORAD-66687,73.0168,124.1824,498.0
NORAD-66688,-75.4289,-60.8773,520.6
NORAD-66689,-44.0100,-38.2224,525.9
NORAD-66690,42.1250,-24.1694,514.5
NORAD-66691,-68.4896,-49.8347,515.7
NORAD-66692,10.6665,-29.2939,516.5
NORAD-66693,-13.5706,151.5134,506.4
NORAD-66694,6.9599,147.2738,532.0
NORAD-66695,-67.2164,-48.4808,517.5
NORAD-66696,82.3089,74.5908,504.1
NORAD-66697,-20.9260,-33.3197,514.7
NORAD-66698,42.1115,-24.0242,511.7
NORAD-66699,-43.7043,156.4808,516.9
NORAD-66700,-19.6565,152.3605,514.4
NORAD-66701,-3.0552,149.7929,513.6
NORAD-66702,-32.7215,154.1169,516.4
NORAD-66703,49.7705,-20.1301,475.2
NORAD-66704,34.7317,144.2674,509.0
NORAD-66705,12.9913,-28.7842,511.0
NORAD-66706,-78.5377,-70.5993,519.1
NORAD-66707,72.1007,125.4913,507.2
NORAD-66708,73.3056,123.7221,503.2
NORAD-66709,-17.1483,-32.7950,516.5
NORAD-66710,-52.2448,158.9650,518.8
NORAD-66711,-7.9383,150.4618,514.3
NORAD-66712,-79.7917,-76.8629,517.3
NORAD-66713,24.7395,-27.3216,514.5
NORAD-66714,-55.5151,-41.1674,511.2
NORAD-66715,-27.2547,153.2994,516.8
NORAD-66716,50.6306,-21.2416,505.4
NORAD-66717,-35.0286,154.8992,516.2
NORAD-66718,-18.0712,151.6798,516.6
NORAD-66719,60.0559,-17.5735,509.1
NORAD-66720,-48.8373,158.4330,509.5
NORAD-66721,82.3053,74.5333,505.7
NORAD-66722,36.7232,144.0313,507.5
NORAD-66723,18.1944,147.2501,510.5
NORAD-66724,-45.2954,-38.0210,516.2
NORAD-66725,5.2462,148.5799,512.8
NORAD-66726,82.1539,40.4732,507.2
NORAD-66727,9.0167,-29.4403,516.7
NORAD-66728,50.8512,-21.2552,505.0
NORAD-66729,0.3870,149.1188,514.5
NORAD-66730,-30.6979,153.8307,517.7
NORAD-66731,21.7036,146.1714,511.8
NORAD-66732,72.2312,-6.8629,506.9
NORAD-66733,34.7813,-25.4576,512.8
NORAD-66734,39.7482,142.9022,509.3
NORAD-66735,76.8164,3.1220,507.5
NORAD-66736,-78.8708,-168.8205,517.0
NORAD-66737,5.7638,148.8515,514.0
NORAD-66738,46.1756,-22.6487,505.9
NORAD-66739,-65.9518,166.5906,517.9
NORAD-66740,40.7045,-24.1306,509.8
NORAD-66741,51.1737,140.1783,506.8
NORAD-66742,-66.3438,-48.0194,520.6
NORAD-66743,69.4404,-10.2999,504.9
NORAD-66744,-43.9491,156.2660,523.4
NORAD-66745,20.7054,146.2279,517.0
NORAD-66748,-31.3399,155.0974,497.3
NORAD-66749,-28.0808,-34.5717,517.4
NORAD-66750,72.5216,-6.0587,506.0
NORAD-66751,-4.2540,-31.4122,524.7
NORAD-66752,-45.7740,-41.0596,577.5
NORAD-66753,-2.2923,-32.0739,543.9
NORAD-66754,26.5973,145.4681,516.5
NORAD-66755,82.4633,67.6741,535.6
NORAD-66756,-20.8530,152.3559,516.2
NORAD-66757,17.7580,147.1608,511.9
NORAD-66758,-80.2950,-160.9442,519.5
NORAD-66759,-66.1845,-47.6408,516.8
NORAD-66760,-28.6649,153.5443,518.4
NORAD-66761,13.4523,-28.3760,505.6
NORAD-66762,38.9623,-25.8920,541.0
NORAD-66763,-40.2949,154.3363,538.7
NORAD-66764,-46.0444,156.9454,522.2
NORAD-66765,52.0388,-20.1874,494.4
NORAD-66766,-78.0069,-68.3232,518.6
NORAD-66767,-78.3368,-69.7696,521.4
NORAD-66768,57.6723,137.6612,502.6
NORAD-66769,35.1199,-25.1555,507.4
NORAD-66770,81.5089,30.3711,506.0
NORAD-66771,-56.0570,-41.4703,517.5
NORAD-66772,-76.9542,-64.3924,516.5
NORAD-66773,-17.0371,-32.6449,515.3
NORAD-66774,81.4534,89.5694,500.3
NORAD-66775,5.7154,-29.7178,510.3
NORAD-66776,-33.3993,-35.2606,515.3
NORAD-66777,63.9618,-14.3498,495.8
NORAD-66778,-37.2700,-36.6953,525.0
NORAD-66779,-23.2805,-34.2929,524.7
NORAD-66780,44.2089,-23.6869,509.8
NORAD-66781,37.6539,140.4264,567.8
NORAD-66782,-3.6364,-33.9667,580.5
NORAD-66783,-14.0743,148.0183,582.5
NORAD-66784,-5.0934,146.8025,581.1
NORAD-66785,77.7045,3.8116,562.0
NORAD-66786,29.1296,141.8823,569.5
NORAD-66787,-72.3108,170.8575,592.2
NORAD-66788,-73.3267,-56.2877,519.4
NORAD-66791,42.8310,162.9486,484.8
NORAD-66792,-3.6313,74.2211,490.1
NORAD-66793,-17.6442,-81.5643,491.4
NORAD-66794,6.2972,-108.2355,489.9
NORAD-66795,-22.0686,-75.7429,491.9
NORAD-66796,-11.1986,-104.2747,491.2
NORAD-66797,-41.3863,-30.6163,492.9
NORAD-66798,15.6024,-118.8408,488.7
NORAD-66799,6.1007,84.6700,489.0
NORAD-66800,24.4585,107.2356,486.4
NORAD-66801,42.9097,172.8732,485.0
NORAD-66802,-3.4858,-97.7318,490.1
NORAD-66803,20.1455,-124.5672,488.0
NORAD-66804,-17.7561,58.0825,491.1
NORAD-66805,28.5329,-137.0465,484.8
NORAD-66806,38.4157,-159.6225,485.0
NORAD-66807,-30.2915,39.4148,491.3
NORAD-66808,40.5621,144.6527,484.2
NORAD-66809,40.6401,-168.3778,484.0
NORAD-66810,-8.3425,-92.4398,490.5
NORAD-66811,-33.9470,-55.3366,491.9
NORAD-66812,-39.3679,-39.9286,492.5
NORAD-66813,20.0544,101.0933,486.9
NORAD-66814,10.8349,89.9176,488.1
NORAD-66815,-42.9851,-11.8499,491.7
NORAD-66816,38.3380,136.0240,485.0
NORAD-66817,-39.4988,16.1038,490.4
NORAD-66818,-42.5998,-2.2627,491.1
NORAD-66819,-30.2408,-62.8516,492.5
NORAD-66820,-15.0468,-157.6575,580.9
NORAD-66821,-65.1697,-114.3004,584.0
NORAD-66822,65.1022,65.7209,573.8
NORAD-66823,-14.2745,122.6243,582.6
NORAD-66824,14.0940,-57.2423,580.2
NORAD-66825,-28.0347,-73.6224,583.5
NORAD-66826,-54.6322,148.1271,584.1
NORAD-66827,54.4875,-31.8544,575.2
NORAD-66828,-7.0843,-65.0610,582.1
NORAD-66829,27.8416,106.2664,578.2
NORAD-66830,-48.2055,-86.4542,583.9
NORAD-66831,-35.0877,132.1064,583.6
NORAD-66832,34.8692,-47.8155,577.6
NORAD-66833,48.0585,93.4731,575.5
NORAD-66834,-68.7469,-173.3124,584.3
NORAD-66835,68.7144,6.6274,573.7
NORAD-66836,6.8466,114.8269,580.7
NORAD-66837,-65.6762,-116.0676,584.1
NORAD-66838,-13.4608,122.3064,582.4
NORAD-66839,65.6318,63.8902,574.0
NORAD-66840,13.2327,-57.5769,580.1
NORAD-66841,-28.8546,-74.0170,583.6
NORAD-66842,-53.9270,147.2514,584.2
NORAD-66843,28.6620,105.8716,578.1
NORAD-66844,53.7829,-32.7207,575.2
NORAD-66845,-34.2920,131.6607,583.5
NORAD-66846,-7.8893,-65.3580,582.3
NORAD-66847,-48.9673,-87.1541,584.0
NORAD-66848,-7.4707,-60.2851,490.2
NORAD-66849,29.2405,-15.4177,486.0
NORAD-66850,38.8331,7.3553,484.7
NORAD-66851,9.4712,117.0590,488.7
NORAD-66852,-4.9098,132.6132,490.7
NORAD-66853,-18.9825,148.9349,491.3
NORAD-66854,-31.3241,167.9959,492.1
NORAD-66855,-40.8998,-121.2744,492.4
NORAD-66856,-21.2976,-76.8857,491.9
NORAD-66857,6.9685,-44.7146,488.8
NORAD-66858,42.9495,34.9008,484.2
NORAD-66859,39.9573,63.5008,484.0
NORAD-66860,-14.4106,143.2918,491.3
NORAD-66861,-40.1035,-168.1681,492.7
NORAD-66862,31.1604,87.0059,485.8
NORAD-66863,-32.7869,-96.7042,492.0
NORAD-66864,16.3788,-33.9029,487.8
NORAD-66865,-42.7784,-149.6675,492.6
NORAD-66866,-25.6396,-83.1364,492.2
NORAD-66867,-12.2858,-65.6958,490.4
NORAD-66868,2.1540,-49.9212,489.4
NORAD-66869,25.1649,-22.0488,486.7
NORAD-66870,36.1252,-0.8185,485.1
NORAD-66871,42.3469,25.5301,484.6
NORAD-66872,41.7628,54.1614,484.2
NORAD-66873,14.1385,111.7028,487.9
NORAD-66874,34.6213,79.6703,485.2
NORAD-66875,-0.1346,127.4749,489.7
NORAD-66876,23.1488,100.1173,486.8
NORAD-66878,50.5003,-142.2767,475.0
NORAD-66879,8.2196,-83.1689,481.8
NORAD-66880,30.5758,-103.1872,477.9
NORAD-66881,-19.3715,-61.7357,485.5
NORAD-66882,49.9389,-141.3230,462.7
NORAD-66883,44.0347,148.3151,463.1
NORAD-66884,-47.0004,-24.2866,474.9
NORAD-66885,-34.0581,71.6034,474.8
NORAD-66886,1.6841,103.2268,470.4
NORAD-66887,-51.3862,-7.9860,475.0
NORAD-66888,-6.3839,-72.8839,471.5
NORAD-66889,10.8917,110.2326,468.7
NORAD-66890,-41.5734,60.3868,475.4
NORAD-66891,-15.5966,-65.6380,472.5
NORAD-66892,52.9657,-160.4551,474.5
NORAD-66893,-31.8358,-48.5989,486.7
NORAD-66894,38.5457,-113.5601,476.7
NORAD-66895,20.2126,117.9373,466.8
NORAD-66896,-5.6601,-72.7269,483.7
NORAD-66897,-24.5016,-57.7597,473.5
NORAD-66898,44.6360,-126.0284,463.1
NORAD-66899,52.6706,-178.7178,461.7
NORAD-66900,-25.7460,80.8303,474.2
NORAD-66901,52.8147,-159.4722,461.8
NORAD-66902,-16.6877,89.0149,473.0
NORAD-66903,-53.1306,10.7646,475.7
NORAD-66904,38.0151,-113.4657,464.6
NORAD-66905,-35.8415,-43.5665,487.2
NORAD-66906,-19.4154,88.2489,385.7
NORAD-66912,-37.0572,46.3624,167.2
NORAD-66913,71.4994,-163.8073,907.0
NORAD-66914,34.3923,172.3428,915.6
NORAD-66915,23.6862,5.3255,1152.9
NORAD-66916,46.7165,46.6962,1149.9
NORAD-66917,45.0593,106.2594,1150.6
NORAD-66918,20.6711,145.0296,1154.7
NORAD-66919,-10.3379,172.2681,1158.9
NORAD-66920,-37.3159,-156.7853,1160.7
NORAD-66921,-49.9489,-103.3130,1160.8
NORAD-66922,-34.5350,-52.0198,1159.6
NORAD-66923,-6.2593,-22.0749,1157.0
NORAD-66924,-40.1370,94.7229,865.4
NORAD-66925,47.4259,130.9962,462.3
NORAD-66926,24.7448,-124.0730,466.8
NORAD-66927,-28.9601,51.2832,474.0
NORAD-66928,6.9722,81.6800,469.5
NORAD-66929,-44.0746,29.3000,475.2
NORAD-66930,41.1622,117.2817,463.6
NORAD-66931,-29.7905,-78.5713,473.8
NORAD-66932,-12.0536,-94.7341,472.2
NORAD-66933,51.5163,-174.3544,461.8
NORAD-66934,51.6635,147.7436,461.7
NORAD-66935,-49.5395,14.3358,475.0
NORAD-66936,-44.7732,-55.9777,474.7
NORAD-66937,15.7705,-116.1050,468.1
NORAD-66938,-21.1618,-87.1025,473.0
NORAD-66939,-50.0261,-40.6303,475.0
NORAD-66940,-2.8957,-101.7526,470.9
NORAD-66941,-1.9305,74.2795,470.5
NORAD-66942,47.1421,-157.6972,462.6
NORAD-66943,-52.8357,-22.5700,475.2
NORAD-66944,-36.9505,41.4896,474.4
NORAD-66945,40.7804,-144.1114,463.6
NORAD-66946,6.5041,-108.8077,469.6
NORAD-66947,53.1370,166.6231,461.5
NORAD-66948,16.1699,88.9474,468.0
NORAD-66949,-20.1971,59.7622,473.0
NORAD-66950,-11.1406,67.2560,472.1
NORAD-66951,33.1181,-133.1252,465.0
NORAD-66952,-37.8690,-68.3558,474.3
NORAD-66953,-16.6012,-9.2807,1180.0
NORAD-66954,-54.4678,-5.3785,1183.4
NORAD-66955,-86.1785,56.3378,1184.2
NORAD-66956,-55.5992,164.5540,1182.7
NORAD-66957,-19.6714,168.3760,1181.0
NORAD-66958,3.0081,-18.3090,852.9
NORAD-66959,-37.4490,-137.3893,492.8
NORAD-66960,10.0805,156.5217,489.3
NORAD-66961,-2.7073,-15.8454,489.5
NORAD-66962,11.2077,0.1489,488.6
NORAD-66963,14.7728,151.0897,487.2
NORAD-66964,38.5146,46.4177,484.8
NORAD-66965,-39.0780,-73.3989,493.0
NORAD-66966,-41.1028,-82.2000,493.7
NORAD-66967,-30.8554,-152.7649,492.1
NORAD-66968,41.9343,93.0893,484.9
NORAD-66969,32.3775,30.6685,486.0
NORAD-66970,-33.1478,-57.3114,492.1
NORAD-66971,-13.9152,-177.1585,491.1
NORAD-66972,-42.7013,-110.7197,493.3
NORAD-66973,-16.8768,-31.8876,492.1
NORAD-66974,6.9250,-5.4874,488.5
NORAD-66975,15.7347,5.4583,487.9
NORAD-66976,-18.4401,-171.5767,490.4
NORAD-66977,40.2780,102.2096,485.1
NORAD-66978,-29.6166,-50.4163,491.1
NORAD-66979,20.2934,11.2147,487.2
NORAD-66980,42.9103,73.7616,484.8
NORAD-66981,23.7153,139.4423,487.0
NORAD-66982,-7.5318,-21.0831,489.7
NORAD-66983,27.8052,133.1191,487.2
NORAD-66984,42.2009,64.3779,485.1
NORAD-66985,40.7122,55.1686,484.8
NORAD-66986,0.4907,166.9481,489.6
NORAD-66987,-26.9906,-159.4998,491.5
NORAD-66988,25.3621,142.7321,502.4
NORAD-66990,-1.3642,66.4524,35790.4
NORAD-66991,21.4058,-129.4252,20930.0
NORAD-66993,-21.7934,154.6341,551.3
NORAD-66994,80.2296,100.4982,552.6
NORAD-66995,76.3996,5.2662,554.4
NORAD-66996,-73.5845,-55.5494,557.8
NORAD-66997,77.5855,114.1226,552.3
NORAD-66998,-44.4685,159.3681,550.4
NORAD-66999,-46.1551,159.8545,549.9
NORAD-67000,-57.3429,164.1041,548.4
NORAD-67001,37.9752,145.6663,551.1
NORAD-67003,-14.0649,52.3819,582.9
NORAD-67004,13.9372,-127.7710,579.9
NORAD-67005,65.1675,109.4276,574.9
NORAD-67006,28.0349,68.7475,579.1
NORAD-67007,-65.2230,-70.5887,582.5
NORAD-67008,54.3588,-153.0626,575.6
NORAD-67009,-28.1783,-111.3853,582.8
NORAD-67010,-34.7628,42.5966,583.5
NORAD-67011,-54.4354,26.6416,583.5
NORAD-67012,7.0086,60.1561,581.3
NORAD-67013,48.2560,81.6285,576.8
NORAD-67014,68.6601,168.7017,574.1
NORAD-67015,-7.2030,-119.9730,581.9
NORAD-67016,34.8703,-137.2646,577.5
NORAD-67017,-48.3549,-98.4848,583.3
NORAD-67018,-68.6351,-11.3094,583.5
NORAD-67019,-14.9778,52.0232,582.8
NORAD-67020,14.7658,-128.0960,580.0
NORAD-67021,64.5889,107.5689,575.0
NORAD-67022,-64.7354,-72.1782,583.7
NORAD-67023,27.1767,68.3417,578.6
NORAD-67024,55.1063,-154.0188,575.6
NORAD-67025,-27.3580,-111.7756,582.9
NORAD-67026,-35.5761,42.1352,583.6
NORAD-67027,-55.0486,25.8590,583.5
NORAD-67028,47.4417,80.9061,576.7
NORAD-67029,6.1865,59.8527,581.3
NORAD-67030,-24.4427,-148.6327,491.8
NORAD-67031,42.6486,82.8978,485.5
NORAD-67032,13.5716,16.7986,488.9
NORAD-67033,26.7049,34.4088,486.2
NORAD-67034,30.0658,143.9708,485.1
NORAD-67035,36.9225,128.6670,485.2
NORAD-67036,-42.0327,-73.3060,492.0
NORAD-67037,13.0855,167.8581,488.3
NORAD-67038,-5.6537,-4.2571,490.9
NORAD-67039,-24.0676,-26.7270,491.8
NORAD-67040,3.5370,178.4695,490.1
NORAD-67041,-35.6140,-127.6492,491.7
NORAD-67042,-40.6464,-110.7850,493.3
NORAD-67043,-20.2395,-154.5073,491.6
NORAD-67044,37.1687,56.1230,485.7
NORAD-67045,26.2917,150.3334,485.4
NORAD-67046,-1.5438,-176.0940,490.0
NORAD-67047,-38.1409,-55.4459,493.1
NORAD-67048,-32.2184,-135.3135,491.6
NORAD-67049,17.5950,162.4272,487.2
NORAD-67050,-0.8867,0.8694,490.7
NORAD-67051,-42.1547,-101.6580,492.4
NORAD-67052,-35.2565,-47.3955,492.7
NORAD-67053,-15.5858,-160.3840,491.2
NORAD-67054,-40.4328,-64.1110,492.4
NORAD-67055,-6.1435,-171.1330,490.7
NORAD-67056,-28.1082,-33.0521,492.6
NORAD-67057,-15.1375,-15.0015,491.7
NORAD-67058,22.0899,156.5199,487.0
NORAD-67059,38.5667,1.2640,1150.3
NORAD-67060,-19.2863,60.2231,1158.7
NORAD-67061,11.0324,33.7241,1154.7
NORAD-67062,-44.3973,98.3403,1160.9
NORAD-67063,-47.4925,156.6606,1161.5
NORAD-67064,-26.1638,-161.5179,1160.5
NORAD-67065,3.9135,-133.9550,1157.0
NORAD-67066,33.1223,-104.1030,1152.0
NORAD-67067,49.7795,-54.2758,1149.0
NORAD-67068,-36.2909,-31.2208,765.6
NORAD-67069,1.6463,104.4872,521.3
NORAD-67070,-6.8835,-85.3549,509.4
NORAD-67073,-0.9061,-136.1413,541.1
NORAD-67075,67.3657,38.3512,573.6
NORAD-67076,50.9600,130.7619,575.4
NORAD-67077,-10.2711,-26.1853,582.6
NORAD-67078,31.6643,-9.4717,578.4
NORAD-67079,-66.9189,-81.4305,584.4
NORAD-67080,-50.3029,-48.7724,583.7
NORAD-67081,-67.8175,-139.4256,584.0
NORAD-67082,-32.8025,170.9245,583.6
NORAD-67083,67.7542,40.4103,573.5
NORAD-67084,11.7067,-18.1045,580.3
NORAD-67085,9.2048,154.0165,580.5
NORAD-67086,52.4613,5.8099,575.3
NORAD-67087,-10.9759,161.4367,582.4
NORAD-67088,-9.5223,-25.9107,583.0
NORAD-67089,-31.1847,-35.1116,583.7
NORAD-67090,30.9757,144.7933,577.8
NORAD-67091,66.8778,18.8384,446.7
NORAD-67092,51.7023,4.9845,575.3
NORAD-67093,-52.5757,-174.2580,583.8
NORAD-67094,-66.4706,-79.4892,583.9
NORAD-67095,10.0594,153.6901,579.9
NORAD-67096,66.4835,100.6486,573.6
NORAD-67097,32.5475,-9.0208,577.7
NORAD-67098,-11.9287,161.7864,582.5
NORAD-67099,-67.4070,-141.6236,583.8
NORAD-67100,30.1596,145.1970,577.9
NORAD-67101,10.7429,-18.4669,580.3
NORAD-67102,39.9877,-111.0742,483.0
NORAD-67103,23.0838,-74.2039,487.4
NORAD-67104,38.8642,-166.9463,483.4
NORAD-67105,31.1172,-87.3298,485.8
NORAD-67106,-40.8745,64.4245,493.0
NORAD-67107,34.4870,-94.4351,485.4
NORAD-67108,-36.0064,81.3817,492.5
NORAD-67109,-18.9911,-25.4768,491.3
NORAD-67110,25.1477,163.5091,485.8
NORAD-67111,-27.4790,-13.2616,492.2
NORAD-67112,29.1946,170.0802,485.8
NORAD-67113,42.3458,-148.8622,483.9
NORAD-67114,42.9537,-139.2564,484.2
NORAD-67115,-40.1335,17.5332,493.5
NORAD-67116,-32.7460,88.9701,492.4
NORAD-67117,9.4171,-57.2985,489.1
NORAD-67118,-37.7251,8.8705,494.0
NORAD-67119,-4.9605,-41.7564,490.4
NORAD-67120,16.3856,151.6832,486.4
NORAD-67121,41.6623,-119.6269,483.9
NORAD-67122,36.1318,-175.2147,483.2
NORAD-67123,-31.3830,-6.3126,492.1
NORAD-67124,-6.9808,124.9602,490.8
NORAD-67125,14.0462,-62.6109,488.4
NORAD-67126,-14.4359,-31.1059,490.9
NORAD-67127,-42.2880,55.2287,492.1
NORAD-67128,-42.7724,35.8173,494.0
NORAD-67129,6.9337,140.8207,487.4
NORAD-67130,-0.2909,-46.7726,490.3
NORAD-67131,17.9083,-23.7751,510.4
NORAD-67133,50.8202,-125.3760,629.4
NORAD-67134,-4.0223,169.2756,648.2
NORAD-67135,51.6617,-107.3884,589.0
NORAD-67136,31.8813,-38.9139,632.2
NORAD-67137,-22.8152,22.1038,640.4
NORAD-67138,-50.6108,83.3482,607.6
NORAD-67139,-48.0831,104.3736,641.5
NORAD-67140,22.7916,-157.9116,634.0
NORAD-67141,32.9945,-144.0132,632.0
NORAD-67142,28.2140,177.8464,633.0
NORAD-67143,-0.7441,-1.5591,637.5
NORAD-67144,-41.0559,90.8092,652.0
NORAD-67145,-18.2305,-14.6832,638.9
NORAD-67146,0.6384,178.3111,637.3
NORAD-67147,-33.2121,36.2398,640.9
NORAD-67148,-32.0592,140.9251,640.9
NORAD-67149,-11.9635,9.9229,638.8
NORAD-67150,-42.0279,52.8661,641.4
NORAD-67151,-21.6256,154.6975,640.0
NORAD-67152,-51.6379,80.2963,641.7
NORAD-67153,3.8135,-37.5757,638.8
NORAD-67154,-50.8274,54.7195,641.7
NORAD-67155,10.5054,-13.0614,635.8
NORAD-67156,51.6385,-99.5912,629.4
NORAD-67157,48.0419,-75.4491,629.7
NORAD-67158,-10.6134,166.9201,638.8
NORAD-67159,-48.7230,73.6898,641.6
NORAD-67160,-21.0989,-169.7585,23229.4
NORAD-67161,-47.7503,-133.9866,22936.5
NORAD-67162,21.1680,10.2988,23224.8
NORAD-67163,35.1660,45.5784,485.2
NORAD-67164,-42.9734,-174.4973,492.9
NORAD-67165,-39.7524,157.5718,492.3
NORAD-67166,0.7240,93.7781,489.8
NORAD-67167,-26.2556,-116.8772,491.7
NORAD-67168,-8.8998,104.1923,490.6
NORAD-67169,-33.7736,-130.7541,492.3
NORAD-67170,1.3367,-83.5852,489.4
NORAD-67171,-17.5879,-104.8385,491.2
NORAD-67172,-8.2572,-93.9450,490.4
NORAD-67173,20.0549,-62.0248,487.4
NORAD-67174,38.4021,-26.9033,484.1
NORAD-67175,42.1080,-9.2978,484.4
NORAD-67176,40.3549,28.9633,484.3
NORAD-67177,42.9003,0.5568,483.3
NORAD-67178,31.7958,52.9697,486.4
NORAD-67179,23.9723,66.1340,486.4
NORAD-67180,19.4972,72.2856,487.3
NORAD-67181,-18.1626,115.0922,491.4
NORAD-67182,-42.6689,175.8607,492.6
NORAD-67183,-30.7104,134.0230,491.9
NORAD-67184,-41.1962,-155.6296,492.4
NORAD-67185,-41.5710,166.4798,492.5
NORAD-67186,5.4972,88.6303,488.5
NORAD-67187,-22.6371,121.0418,491.5
NORAD-67188,-39.4411,-146.8438,492.7
NORAD-67189,-22.0628,-110.7243,491.6
NORAD-67190,15.5513,-67.7028,487.8
NORAD-67191,-36.8894,-138.5222,492.3
NORAD-67192,43.0980,157.3513,576.9
NORAD-67193,62.1069,-179.1281,575.1
NORAD-67194,-39.4162,120.1055,583.5
NORAD-67195,-43.1268,-22.4331,583.4
NORAD-67196,-62.0493,0.9468,583.2
NORAD-67197,18.5597,-49.7319,579.6
NORAD-67198,2.3431,138.3231,581.5
NORAD-67199,-40.2153,119.5825,583.5
NORAD-67200,69.9170,-127.6116,574.2
NORAD-67201,-69.8432,54.7281,583.3
NORAD-67202,-18.8495,130.3525,582.8
NORAD-67203,23.4116,146.5102,579.2
NORAD-67204,58.2746,-78.7543,575.3
NORAD-67205,-2.5677,-41.7976,581.7
NORAD-67206,-69.9203,52.4409,583.2
NORAD-67207,1.5106,138.0149,581.6
NORAD-67208,-58.3609,101.3112,583.7
NORAD-67209,-43.9073,-21.8547,583.3
NORAD-67210,44.0100,158.0169,576.5
NORAD-67211,69.8234,-125.0275,574.3
NORAD-67212,39.2502,-59.9955,577.3
NORAD-67213,-23.6062,-33.5999,582.8
NORAD-67214,-61.4321,-0.4231,583.3
NORAD-67215,-59.0670,100.1117,583.6
NORAD-67216,-19.5823,130.0456,582.8
NORAD-67217,22.5861,146.1543,579.4
NORAD-67218,61.4328,179.3737,575.1
NORAD-67219,-30.8502,-142.6888,543.5
NORAD-67220,-26.7056,-135.4093,548.3
NORAD-67221,-4.6328,-109.9089,547.1
NORAD-67222,-21.2733,97.1798,543.1
NORAD-67226,-1.4050,175.5313,35811.7
NORAD-67227,-14.4853,12.5671,1742.6
NORAD-67228,35.6148,163.4340,565.4
NORAD-67232,40.5966,-165.8478,515.4
NORAD-67233,44.4126,-78.9197,501.0
NORAD-67234,-17.6621,-99.4845,654.9
NORAD-67236,-15.1678,-60.1011,1158.2
NORAD-67237,-41.3777,-94.5750,1160.6
NORAD-67238,41.6234,1.7445,1150.1
NORAD-67239,15.2147,-33.2275,1154.0
NORAD-67240,29.2775,105.3019,1152.9
NORAD-67241,-29.6341,161.8172,1160.6
NORAD-67242,-0.2837,133.5018,1157.7
NORAD-67243,48.9009,59.1546,1149.5
NORAD-67244,-49.0327,-151.6398,1161.4
NORAD-67245,-15.1352,62.1511,922.8
NORAD-67246,0.0199,132.9991,35792.9
NORAD-67248,-82.3250,-120.2807,499.8
NORAD-67249,66.4399,122.7066,807.1
NORAD-67250,31.7567,-29.1090,682.9
NORAD-67251,-36.5369,151.3331,541.6
NORAD-67252,-48.1501,-37.5406,503.9
NORAD-67253,82.9105,63.8486,385.0
NORAD-67254,-82.8775,-110.8452,401.1
NORAD-67255,23.9273,139.8589,561.1
NORAD-67256,4.5660,149.7724,499.4
NORAD-67257,-16.9827,152.6459,499.6
NORAD-67258,36.5825,144.8547,499.1
NORAD-67259,-54.0177,-39.5753,503.1
NORAD-67260,60.1162,137.2178,502.5
NORAD-67261,-23.4745,-32.2130,499.7
NORAD-67262,33.3807,145.6495,496.7
NORAD-67263,-8.6017,-30.6084,511.0
NORAD-67264,52.5100,-19.7464,509.7
NORAD-67265,13.3985,-27.7704,510.9
NORAD-67266,-20.1485,-32.1927,510.5
NORAD-67267,52.0556,140.9856,495.8
NORAD-67268,-81.8817,-95.1953,505.6
NORAD-67269,24.3009,147.4208,494.5
NORAD-67270,-10.7808,-30.9258,511.0
NORAD-67271,-37.4452,-35.5245,515.0
NORAD-67272,49.1544,-20.7621,504.0
NORAD-67273,47.1939,142.0940,504.4
NORAD-67274,-48.9105,-38.2329,510.9
NORAD-67275,-68.7091,169.7624,504.0
NORAD-67276,-62.0484,164.4508,503.6
NORAD-67277,-76.3192,-177.4768,505.1
NORAD-67278,-52.3452,159.9817,503.0
NORAD-67279,16.2126,148.2121,500.6
NORAD-67280,-27.6461,154.4237,503.5
NORAD-67281,35.2235,145.0152,501.9
NORAD-67282,-19.3635,153.1176,502.6
NORAD-67283,4.7917,150.0624,499.6
NORAD-67284,-74.4043,-57.2653,507.5
NORAD-67285,-79.8301,-163.0377,503.6
NORAD-67286,75.6092,1.1352,497.5
NORAD-67287,-60.4475,-42.4496,503.4
NORAD-67288,60.0293,137.5252,500.9
NORAD-67289,75.0131,122.0074,490.3
NORAD-67290,27.7439,146.9340,495.6
NORAD-67291,6.8642,-28.0460,498.2
NORAD-67292,80.6225,22.7315,494.1
NORAD-67293,-25.1122,154.0173,504.6
NORAD-67294,56.5145,-17.7712,496.6
NORAD-67295,10.2085,-27.8972,505.0
NORAD-67296,-14.8405,-31.0267,503.0
NORAD-67297,-56.2760,-40.2498,501.9
NORAD-67298,58.8994,141.4122,411.3
NORAD-67299,78.6233,114.0145,399.6
NORAD-67300,63.3836,136.4897,489.5
NORAD-67302,3.4391,73.1692,35785.5
NORAD-67303,1.7508,87.8781,23335.3
NORAD-67304,-24.1500,-97.0504,635.7
NORAD-67305,8.4619,-61.8564,489.5
NORAD-67306,30.4153,70.5010,486.0
NORAD-67307,-19.7860,132.0664,491.7
NORAD-67308,-40.4935,175.6485,492.4
NORAD-67309,-42.8816,-156.0380,492.5
NORAD-67310,17.8616,89.2644,487.9
NORAD-67311,-19.9420,-93.8480,491.7
NORAD-67312,30.4618,-31.9938,485.3
NORAD-67313,39.6111,46.9638,484.7
NORAD-67314,-32.0530,151.5194,492.5
NORAD-67315,-10.7338,-82.7044,490.6
NORAD-67316,3.7239,-67.0230,489.9
NORAD-67317,41.4806,38.0342,484.4
NORAD-67318,-15.3019,126.4461,491.2
NORAD-67319,-1.0690,110.5735,490.0
NORAD-67320,42.5226,9.3869,484.3
NORAD-67321,22.2878,83.4162,487.0
NORAD-67322,33.9537,63.2963,485.5
NORAD-67323,-38.2334,166.9882,492.5
NORAD-67324,-24.2441,-99.8164,491.5
NORAD-67325,-35.4365,-120.6534,492.0
NORAD-67326,36.9700,-17.2907,484.7
NORAD-67327,17.8739,-50.8315,487.3
NORAD-67328,3.7572,105.4010,489.5
NORAD-67329,-42.0614,-175.2186,492.3
NORAD-67330,26.5118,77.1626,486.8
NORAD-67331,-35.3957,158.9647,492.3
NORAD-67332,42.6259,28.6545,484.4
NORAD-67333,-28.2782,144.5652,492.0
NORAD-67334,31.8622,-127.0669,486.1
NORAD-67335,6.0511,4.2858,489.3
NORAD-67336,5.6002,-162.7496,488.5
NORAD-67337,-42.9762,100.4242,492.5
NORAD-67338,-30.6277,151.9055,492.0
NORAD-67339,19.6085,-146.3663,487.5
NORAD-67340,40.3972,-103.0227,484.1
NORAD-67341,42.8992,-74.6193,484.0
NORAD-67342,-22.1241,36.5743,492.0
NORAD-67343,32.1803,-31.5582,485.1
NORAD-67344,-8.3873,19.8638,490.5
NORAD-67345,20.0351,-12.1677,487.5
NORAD-67346,-22.5420,164.8622,491.5
NORAD-67347,15.1032,-151.9958,487.8
NORAD-67348,0.7990,-167.9195,489.2
NORAD-67349,42.8613,-84.2541,484.0
NORAD-67350,10.8064,-0.9884,488.5
NORAD-67351,-17.7379,30.8029,491.2
NORAD-67352,-36.8396,64.1513,492.6
NORAD-67353,-42.4824,90.7792,492.6
NORAD-67354,28.0809,-133.9584,486.4
NORAD-67355,-41.5512,119.4037,492.8
NORAD-67356,-34.1596,144.6277,492.2
NORAD-67357,38.1280,-111.5456,484.8
NORAD-67358,-3.5845,14.6294,490.3
NORAD-67359,-41.2021,81.4474,492.8
NORAD-67360,-42.6567,110.0277,492.6
NORAD-67361,42.1263,-65.0490,484.3
NORAD-67362,38.3568,-47.1762,484.4
NORAD-67363,-54.6850,85.4861,623.1
NORAD-67364,41.3250,-98.7354,604.9
NORAD-67365,42.4895,67.1119,601.1
NORAD-67366,-48.3244,83.1930,622.3
NORAD-67367,39.1192,67.9031,603.0
NORAD-67368,81.3717,9.7770,594.9
NORAD-67369,19.3376,-103.0548,610.0
NORAD-67370,46.3871,-97.4126,600.8
NORAD-67371,34.0270,-100.1254,601.9
NORAD-67372,-42.1836,-112.7315,620.1
NORAD-67373,-21.5991,77.4407,618.5
NORAD-67374,32.3008,-100.6592,607.7
NORAD-67375,-57.6117,86.8436,625.4
NORAD-67376,59.0284,-92.5163,608.2
NORAD-67377,-47.3803,-114.2467,625.7
NORAD-67378,47.9625,65.4429,609.7
NORAD-67379,23.1313,-102.3970,614.7
NORAD-67380,-12.9014,-107.5554,620.5
NORAD-67381,-23.5377,77.8071,623.4
NORAD-67382,12.9412,72.5732,618.3
NORAD-67383,80.3851,20.1812,605.7
NORAD-67384,-42.9793,-113.2356,622.9
NORAD-67385,10.0535,-104.3539,616.9
NORAD-67386,42.2837,-98.3232,603.3
NORAD-67387,-69.7957,96.7056,613.9
NORAD-67388,-62.6988,90.2119,613.1
NORAD-67389,-10.7806,-106.5657,521.4
NORAD-67390,-63.3446,-120.3924,525.7
NORAD-67391,3.8113,74.1853,522.4
NORAD-67392,-58.8708,-117.8453,520.6
NORAD-67393,-59.6438,-117.8678,520.7
NORAD-67394,74.0272,47.6940,511.3
NORAD-67395,80.1728,-53.2268,599.0
NORAD-67396,-60.1264,-118.2817,520.0
NORAD-67397,5.3626,74.2827,515.5
NORAD-67398,-59.3589,87.8152,518.1
NORAD-67399,82.1278,-33.6196,510.0
NORAD-67400,55.1789,-94.3630,518.5
NORAD-67401,38.8297,-99.1375,519.1
NORAD-67402,67.8241,-86.6224,514.1
NORAD-67403,3.4382,73.2050,35779.1
NORAD-67404,-41.3383,130.9607,492.5
NORAD-67405,-30.0425,163.2561,491.9
NORAD-67406,40.5366,-44.4719,484.3
NORAD-67407,24.2545,-6.8884,486.9
NORAD-67408,-30.3832,60.8113,492.4
NORAD-67409,38.2416,-100.0456,484.0
NORAD-67410,5.9147,-151.2716,488.6
NORAD-67411,-17.8034,42.0179,490.6
NORAD-67412,5.9230,15.5696,489.7
NORAD-67413,-42.9818,112.1073,492.0
NORAD-67414,-37.0041,75.7527,492.3
NORAD-67415,15.3299,-140.5868,487.4
NORAD-67416,32.0290,-115.5900,484.8
NORAD-67417,35.3703,-27.5463,484.9
NORAD-67418,10.6869,10.2859,488.9
NORAD-67419,-39.5557,84.1740,492.2
NORAD-67420,28.3337,-13.3160,486.2
NORAD-67421,19.6961,-135.1143,487.0
NORAD-67422,-39.3955,139.8702,492.7
NORAD-67423,40.4016,-91.8244,484.5
NORAD-67424,19.9161,-0.8758,488.0
NORAD-67425,-8.4627,31.0872,490.8
NORAD-67426,1.1029,-156.4600,489.2
NORAD-67427,28.1381,-122.7230,486.6
NORAD-67428,-3.7222,25.9170,490.6
NORAD-67429,-26.4560,54.0965,491.4
NORAD-67430,42.0878,-53.6627,483.9
NORAD-67431,-42.6144,102.5213,492.2
NORAD-67432,-8.6637,-167.0249,490.4
NORAD-67433,34.3937,63.7363,954.4
NORAD-67434,-37.6914,33.5872,554.9
NORAD-67435,36.7491,64.5421,1151.1
NORAD-67436,34.9644,-40.5900,1151.0
NORAD-67437,49.9806,12.0618,1148.9
NORAD-67438,6.4880,-70.9875,1155.7
NORAD-67439,8.5611,95.9716,1155.9
NORAD-67440,-21.5632,122.6343,1159.8
NORAD-67441,-45.4445,161.6367,1161.4
NORAD-67442,-46.3672,-138.6043,1161.4
NORAD-67443,-23.7242,-98.6334,1159.6
NORAD-67444,47.4250,-42.1840,910.2
NORAD-67445,-41.0435,58.6017,491.5
NORAD-67446,2.2855,-12.7712,490.0
NORAD-67447,15.9459,-29.0014,488.0
NORAD-67448,23.5422,-162.9732,487.0
NORAD-67449,-30.9726,129.2635,491.3
NORAD-67450,-18.5161,148.2443,491.1
NORAD-67451,-33.1137,33.9710,492.6
NORAD-67452,-7.3020,-2.4483,490.9
NORAD-67453,-34.4724,121.8957,492.3
NORAD-67454,-42.9632,77.4911,492.8
NORAD-67455,42.9299,-97.5024,484.3
NORAD-67456,40.2097,-125.8160,483.9
NORAD-67457,-39.9330,105.4653,493.1
NORAD-67458,6.5346,-18.2410,489.1
NORAD-67459,-21.2208,14.2175,492.0
NORAD-67460,-39.0541,50.0475,492.4
NORAD-67461,5.1203,174.7426,489.0
NORAD-67462,19.1692,-168.9364,487.2
NORAD-67463,31.4843,-149.8116,485.9
NORAD-67464,20.4541,-34.7137,487.4
NORAD-67465,40.7672,-78.7200,484.2
NORAD-67466,-29.4417,26.8362,492.4
NORAD-67467,-42.3931,67.9414,492.0
NORAD-67468,32.4270,-54.0637,485.5
NORAD-67469,-36.3047,41.5517,492.1
NORAD-67470,42.8162,-107.1673,484.3
NORAD-67471,-16.6764,8.3461,491.3
NORAD-67472,-41.6884,96.5278,492.4
NORAD-67473,-22.9116,142.3365,491.5
NORAD-67474,51.8021,-20.6412,492.5
NORAD-67475,-37.0775,143.5296,519.7
NORAD-67476,-29.5690,-128.6090,905.8
NORAD-67477,29.3102,-60.0217,891.9
NORAD-67478,38.3120,29.6705,887.0
NORAD-67479,-28.9067,119.7682,914.1
NORAD-67481,-31.5309,-21.7227,373.0
NORAD-67482,32.2653,149.2950,409.4
NORAD-67483,-33.5774,-39.1369,594.7
NORAD-67493,-14.8619,115.3131,491.2
NORAD-67494,-32.4581,-124.5062,492.2
NORAD-67495,-37.9685,155.5322,492.6
NORAD-67496,-42.2064,-158.1208,492.5
NORAD-67497,-42.8337,-177.2308,492.4
NORAD-67498,-35.7593,-132.0663,492.2
NORAD-67499,-24.6756,-111.0498,491.9
NORAD-67500,-11.1787,-93.8196,490.7
NORAD-67501,3.1459,-78.2486,488.9
NORAD-67502,26.0193,-50.1195,486.1
NORAD-67503,36.7474,-28.5180,484.6
NORAD-67504,41.4583,26.6807,484.6
NORAD-67505,33.9079,51.9174,485.3
NORAD-67506,22.2347,72.0075,487.2
NORAD-67507,13.1947,83.4211,488.5
NORAD-67508,-1.0897,99.1049,489.7
NORAD-67509,-19.4456,121.0248,492.0
NORAD-67510,3.5689,94.1016,489.5
NORAD-67511,-31.6688,140.1605,492.1
NORAD-67512,-41.9440,173.2547,492.3
NORAD-67513,-28.7425,-117.5625,492.0
NORAD-67514,-15.8448,-99.2917,491.2
NORAD-67515,-1.6219,-83.3509,489.9
NORAD-67516,33.8877,-35.6445,484.9
NORAD-67517,12.6499,-67.7316,487.5
NORAD-67518,36.9900,44.1575,485.0
NORAD-67519,26.4161,65.8146,485.6
NORAD-67520,42.6148,17.3045,484.7
NORAD-67521,41.3197,-11.1728,484.4
NORAD-67522,44.4444,-42.0061,1149.8
NORAD-67523,19.3491,-3.8634,1153.3
NORAD-67524,-11.1157,22.7564,1157.4
NORAD-67525,-38.1923,54.5067,1159.9
NORAD-67526,-33.5791,159.1149,1160.9
NORAD-67527,-49.8323,109.2283,1161.2
NORAD-67528,-4.6489,-171.0139,1158.4
NORAD-67529,25.2560,-143.8415,1153.9
NORAD-67530,47.4298,-101.1777,1149.9
NORAD-67531,24.1112,-85.2618,897.6
NORAD-67532,13.9693,-39.2755,473.4
NORAD-67533,15.4661,144.4853,473.2
NORAD-67534,-43.8644,135.4191,479.6
NORAD-67535,-30.6106,-33.1277,479.6
NORAD-67536,-29.1082,138.3902,479.4
NORAD-67537,-72.6496,118.3192,480.1
NORAD-67538,-15.8975,-35.3811,477.8
NORAD-67539,-82.6617,58.9136,480.7
NORAD-67540,-60.0596,-24.6521,481.5
NORAD-67541,59.8470,155.3148,465.6
NORAD-67542,82.6731,-121.6612,463.7
NORAD-67543,-74.0922,-10.8144,481.2
NORAD-67544,-58.5144,130.4347,480.2
NORAD-67545,28.8262,-41.4834,470.7
NORAD-67546,-14.2546,140.6120,477.0
NORAD-67547,58.4555,-49.4606,465.8
NORAD-67548,72.7537,-61.7593,464.1
NORAD-67549,0.6224,142.5458,475.2
NORAD-67550,73.9953,169.0746,464.2
NORAD-67551,30.3508,146.7482,470.6
NORAD-67552,43.6658,-44.4553,468.0
NORAD-67553,-0.9770,-37.3337,475.9
NORAD-67554,-72.0110,-11.3849,480.7
NORAD-67555,-45.4511,-30.0067,480.1
NORAD-67556,20.0077,159.8360,1066.7
NORAD-67557,5.3894,159.5664,1069.6
NORAD-67559,-84.6082,-13.1719,873.6
NORAD-67560,45.4997,150.0808,467.9
NORAD-67561,-1.3193,-44.4307,475.6
NORAD-67562,43.1802,-37.2334,468.4
NORAD-67563,30.6390,131.4813,470.6
NORAD-67564,0.8876,135.6969,475.8
NORAD-67565,-74.2710,-71.2427,480.0
NORAD-67566,-60.2037,-57.1438,481.3
NORAD-67567,60.1200,122.9749,466.5
NORAD-67568,58.1395,-32.2561,466.4
NORAD-67569,6.9678,-42.3042,474.1
NORAD-67570,74.2903,108.7903,465.7
NORAD-67571,-45.6404,-51.7581,479.0
NORAD-67572,-72.4719,159.6714,480.2
NORAD-67573,-82.6422,-142.1284,480.6
NORAD-67574,82.6149,36.4945,466.5
NORAD-67575,-13.8214,137.6150,477.1
NORAD-67576,45.4244,128.3765,468.0
NORAD-67577,-28.7760,139.8277,478.8
NORAD-67578,-16.0208,-46.3572,477.4
NORAD-67579,-43.3303,142.7280,479.9
NORAD-67580,28.5968,-40.1228,471.3
NORAD-67581,15.7527,133.7539,473.4
NORAD-67582,-58.3284,147.7555,480.5
NORAD-67583,13.5341,-42.3493,473.4
NORAD-67584,72.3834,-20.3817,466.2
NORAD-67585,-30.8399,-48.6253,478.5
NORAD-67586,0.2131,-36.6680,545.1
NORAD-67587,16.8963,151.1210,432.9
NORAD-67588,-54.5899,-120.6919,20138.2
NORAD-67589,-46.7077,-47.2545,480.2
NORAD-67590,-27.7843,144.4664,478.1
NORAD-67591,27.5132,-35.6551,470.9
NORAD-67592,1.9053,140.3681,475.7
NORAD-67593,31.6955,136.0947,470.5
NORAD-67594,-2.2478,-39.7508,476.0
NORAD-67595,-57.1274,152.0005,480.0
NORAD-67596,-75.2954,-68.6120,479.3
NORAD-67597,57.1577,-27.9089,465.8
NORAD-67598,-71.4033,162.9138,479.3
NORAD-67599,16.8515,138.3972,473.5
NORAD-67600,-82.3913,-146.2474,479.6
NORAD-67601,82.4327,34.9911,465.5
NORAD-67602,42.3567,-32.6315,468.8
NORAD-67603,46.5328,132.8743,469.0
NORAD-67604,-42.4980,147.3170,479.3
NORAD-67605,-31.8792,-44.0123,478.8
NORAD-67606,-12.9548,142.2926,477.3
NORAD-67607,61.0980,127.2424,466.0
NORAD-67608,-17.0277,-41.7008,477.4
NORAD-67609,75.3563,111.3361,465.2
NORAD-67610,59.3743,-20.2953,419.3
NORAD-67611,12.6724,-37.8230,474.1
NORAD-67612,71.3051,-17.1334,464.6
NORAD-67613,-61.4080,-53.0086,478.6
NORAD-67614,37.7500,21.4684,535.4
NORAD-67617,-38.5173,45.4206,492.6
NORAD-67618,8.0026,112.5533,488.8
NORAD-67619,-20.3677,80.5171,491.5
NORAD-67620,-15.5514,-59.2083,491.3
NORAD-67621,-42.1839,27.5878,492.0
NORAD-67622,17.4854,123.6166,487.5
NORAD-67623,-6.3557,97.0821,490.3
NORAD-67624,42.5433,-176.2346,484.3
NORAD-67625,26.0822,135.5092,486.0
NORAD-67626,12.8832,-90.6918,488.5
NORAD-67627,41.4294,-147.6250,485.0
NORAD-67628,30.2967,-115.2471,486.6
NORAD-67629,8.3733,-85.5816,489.5
NORAD-67630,36.7800,157.1144,485.0
NORAD-67631,-38.0122,-18.7915,492.7
NORAD-67632,-24.6461,74.5084,491.9
NORAD-67633,39.3690,165.4569,484.8
NORAD-67634,-31.6338,-34.3958,492.3
NORAD-67635,39.5151,-138.6306,485.5
NORAD-67636,-20.0261,-53.5801,491.3
NORAD-67637,42.9750,-166.6231,484.7
NORAD-67638,-40.2855,-10.4005,492.2
NORAD-67639,30.0519,142.1685,485.9
NORAD-67640,22.1855,-102.4014,487.2
NORAD-67641,-42.8425,8.3955,491.9
NORAD-67642,-40.6910,36.7730,491.8
NORAD-67643,33.8575,-122.4419,484.3
NORAD-67644,-1.3218,-75.1129,490.0
NORAD-67645,-6.1167,-69.9443,490.5
NORAD-67646,-45.5254,157.3462,519.5
NORAD-67647,49.7094,144.9148,473.1
NORAD-67648,70.4352,87.5464,465.4
NORAD-67649,76.4492,77.6551,465.8
NORAD-67650,-70.4355,-92.3721,479.7
NORAD-67651,18.0586,-68.9303,473.3
NORAD-67652,-18.2760,111.1765,477.7
NORAD-67653,62.4494,-57.1443,466.1
NORAD-67654,-26.8407,-75.0142,478.4
NORAD-67655,-62.2778,122.8308,480.8
NORAD-67656,26.4393,105.1268,471.9
NORAD-67657,32.8913,-66.5824,470.4
NORAD-67658,-11.7314,-72.8315,476.9
NORAD-67659,-55.8904,-82.1737,480.0
NORAD-67660,-76.2158,140.1511,479.4
NORAD-67661,-33.0430,113.5229,478.5
NORAD-67662,56.1247,97.8063,466.6
NORAD-67663,11.6487,107.2594,473.9
NORAD-67664,82.0726,41.9275,464.2
NORAD-67665,76.2332,-39.8713,464.7
NORAD-67666,47.7005,-63.2500,467.7
NORAD-67667,2.7234,-70.9632,475.5
NORAD-67668,-41.4112,-77.7702,478.4
NORAD-67669,-82.0219,-137.1191,479.8
NORAD-67670,-47.7967,116.8503,478.7
NORAD-67671,41.3283,102.3253,468.8
NORAD-67672,-3.2874,109.1822,476.2
NORAD-67674,-36.6363,153.2500,337.0
NORAD-67675,-78.0897,-77.6908,516.6
NORAD-67676,-74.0623,159.8652,515.4
NORAD-67677,19.8387,-41.7713,494.1
NORAD-67678,-23.2662,138.5598,504.5
NORAD-67679,38.7315,132.8933,480.9
NORAD-67680,18.8383,135.8315,486.5
NORAD-67681,-70.7861,157.8252,516.4
NORAD-67682,33.8794,133.8223,480.5
NORAD-67683,-30.3718,82.0939,390.1
NORAD-67684,49.2053,167.8987,322.3
NORAD-67685,32.5682,139.2423,384.8
NORAD-67686,3.9362,-76.0735,375.4
NORAD-67687,-31.3599,-41.8950,388.9
NORAD-67688,30.7624,-100.2544,378.0
NORAD-67689,37.5758,136.5149,591.7
NORAD-67690,31.4548,80.4299,344.6
NORAD-67693,-22.6132,-169.8355,477.7
NORAD-67694,51.8344,177.6224,467.1
NORAD-67695,7.4304,7.9991,474.7
NORAD-67696,-79.6451,-128.4737,480.3
NORAD-67697,-51.8232,-2.2973,479.6
NORAD-67698,-79.4832,-36.4810,479.9
NORAD-67699,79.7015,142.2577,464.0
NORAD-67700,-7.4548,6.0899,476.9
NORAD-67701,79.6646,51.5580,463.7
NORAD-67702,-37.5359,-167.2533,479.4
NORAD-67703,-66.2960,-9.8689,480.2
NORAD-67704,66.5332,169.8613,465.0
NORAD-67705,66.2261,23.9007,465.8
NORAD-67706,22.2787,10.0419,472.3
NORAD-67707,7.4497,-173.8326,474.1
NORAD-67708,-52.1224,-163.4312,479.7
NORAD-67709,-7.6407,-171.8954,476.4
NORAD-67710,-37.3308,1.4614,478.8
NORAD-67711,22.1639,-175.8519,472.2
NORAD-67712,51.9119,16.4252,467.4
NORAD-67713,30.2351,-178.0552,470.3
NORAD-67714,37.0579,12.5757,469.6
NORAD-67715,-22.3251,4.0473,478.6
NORAD-67716,36.9193,-178.5261,469.7
NORAD-67717,-66.6157,-155.6931,480.1
NORAD-67719,-49.6893,-27.6085,514.5
NORAD-67720,-49.7877,-19.3653,510.4
NORAD-67721,-19.4701,-53.6814,477.8
NORAD-67722,-34.3408,-56.0947,479.6
NORAD-67723,-49.0805,-59.5592,479.3
NORAD-67724,-63.6228,-66.0137,479.8
NORAD-67725,-77.2679,-85.5373,479.4
NORAD-67726,-81.4552,-172.7124,479.9
NORAD-67727,-69.2607,148.6876,480.4
NORAD-67728,-54.7983,139.4022,479.1
NORAD-67729,-25.5268,132.4722,479.2
NORAD-67730,-40.2221,135.1739,479.5
NORAD-67731,-10.5656,130.3437,476.9
NORAD-67732,4.3045,128.4316,475.1
NORAD-67733,19.1878,126.4338,472.8
NORAD-67734,33.9221,124.0606,469.9
NORAD-67735,63.6415,114.0496,465.5
NORAD-67736,48.9686,120.5489,467.6
NORAD-67737,77.2827,94.4818,465.8
NORAD-67738,81.3639,6.3816,464.2
NORAD-67739,-4.4961,-51.5147,476.3
NORAD-67740,68.9886,-31.5142,465.3
NORAD-67741,10.2939,-49.6159,474.0
NORAD-67742,54.3676,-40.6854,466.8
NORAD-67743,25.2057,-47.5014,471.3
NORAD-67744,40.0286,-44.7905,469.2
NORAD-67745,-1.1322,-173.4652,44409.8
NORAD-67746,12.6852,25.7921,509.2
NORAD-67747,-35.9932,18.6047,517.3
NORAD-67748,55.2269,35.0392,504.6
NORAD-67749,75.9160,55.9317,502.1
NORAD-67750,18.5080,-158.3279,519.8
NORAD-67751,-65.6147,6.3183,550.9
NORAD-67752,-68.4676,-137.3807,541.3
NORAD-67755,10.7968,152.7024,408.6
NORAD-67756,-0.1528,76.0823,35787.7
NORAD-67757,-0.0363,34.0461,35798.4
NORAD-67764,48.4554,34.2133,445.8
NORAD-67765,51.5337,15.3205,449.2
NORAD-67766,3.1517,135.3572,636.8
NORAD-67767,-3.7568,-45.1370,637.6
NORAD-67768,-25.2535,-68.9063,640.4
NORAD-67769,-24.8862,134.1786,639.9
NORAD-67770,49.7607,57.2936,629.4
NORAD-67771,-11.7618,-91.1545,469.0
NORAD-67772,38.0061,-31.9184,639.9
NORAD-67773,-19.1651,158.6924,639.7
NORAD-67774,2.5775,-70.1671,637.1
NORAD-67775,19.7403,118.6347,643.5
NORAD-67776,25.2609,111.1804,633.3
NORAD-67777,-35.2928,-83.3502,641.2
NORAD-67778,43.8242,79.0466,630.3
NORAD-67779,6.3444,-60.0024,647.8
NORAD-67780,35.2347,96.6516,631.6
NORAD-67781,-46.1891,-129.3980,624.5
NORAD-67782,-49.7948,-122.7201,642.0
NORAD-67783,43.4286,-14.2832,630.5
NORAD-67784,51.8774,32.2564,629.2
NORAD-67785,50.3536,37.8173,597.3
NORAD-67786,-51.8791,-147.7453,641.9
NORAD-67787,-49.5463,-172.6374,641.7
NORAD-67788,49.3871,6.5371,629.6
NORAD-67789,-43.4591,165.8659,641.6
NORAD-67790,34.7774,-31.6448,631.9
NORAD-67791,7.1427,99.6905,633.5
NORAD-67792,-43.8588,-101.1015,641.7
NORAD-67793,-2.8922,110.1095,637.6
NORAD-67794,24.5821,-46.1414,632.6
NORAD-67795,22.1059,84.2705,629.3
NORAD-67796,-44.8832,-11.2273,426.9
NORAD-67797,-10.7666,-94.9843,476.8
NORAD-67798,81.4699,142.0536,464.7
NORAD-67799,4.2549,-97.0685,475.1
NORAD-67800,63.4372,-111.3212,465.5
NORAD-67801,19.1355,-99.0607,472.6
NORAD-67802,25.2686,87.0032,471.6
NORAD-67803,48.9434,-104.9491,467.1
NORAD-67804,34.0796,-101.4760,469.8
NORAD-67805,-63.5274,68.6952,480.2
NORAD-67806,54.8107,93.9799,466.3
NORAD-67807,40.1579,89.7303,468.8
NORAD-67808,-48.9457,75.1245,480.3
NORAD-67809,77.1911,-130.7375,464.9
NORAD-67810,-34.2035,78.5782,479.3
NORAD-67811,-69.2637,-76.6487,480.5
NORAD-67812,-54.8549,-85.9242,480.3
NORAD-67813,-81.4501,-38.0929,481.1
NORAD-67814,69.2284,103.2333,464.1
NORAD-67815,-4.5329,82.9695,476.3
NORAD-67816,-40.1845,-90.1825,479.8
NORAD-67817,-77.1777,49.3758,480.7
NORAD-67818,-25.3719,-92.9020,478.7
NORAD-67819,10.3523,84.8859,474.0
NORAD-67820,-19.4113,80.9759,477.8
NORAD-67821,40.8161,-16.9614,484.9
NORAD-67822,-23.0274,-155.8179,491.5
NORAD-67823,40.1805,-63.9651,484.7
NORAD-67824,32.5872,7.6150,485.5
NORAD-67825,-29.8379,88.6478,492.4
NORAD-67826,42.8039,-45.3900,484.4
NORAD-67827,-39.9297,167.4851,492.2
NORAD-67828,-31.0323,-168.8649,491.8
NORAD-67829,-14.0670,-144.3235,490.8
NORAD-67830,-36.2692,103.4458,492.2
NORAD-67831,-42.3845,129.7985,492.1
NORAD-67832,35.6877,-85.5633,485.5
NORAD-67833,24.8075,21.1372,486.8
NORAD-67834,-25.9469,82.1569,491.4
NORAD-67835,-3.0458,54.0392,489.9
NORAD-67836,0.2604,-128.4998,489.5
NORAD-67837,-34.4626,-176.0747,492.0
NORAD-67838,14.5251,-112.6909,487.9
NORAD-67839,27.6767,-94.6340,486.0
NORAD-67840,37.8283,-72.5033,485.0
NORAD-67841,42.2513,-26.1103,484.4
NORAD-67842,35.8933,-0.0168,485.5
NORAD-67843,11.3538,38.3822,488.8
NORAD-67844,-42.7367,148.9400,492.4
NORAD-67845,1.8228,48.8310,490.2
NORAD-67846,-27.1530,-162.0680,491.6
NORAD-67847,-40.4030,102.4057,492.1
NORAD-67848,-18.6268,-149.9157,491.1
NORAD-67849,-41.0352,120.5328,492.4
NORAD-67850,-52.8769,-174.7935,488.4
NORAD-67851,-20.3128,-92.4679,485.1
NORAD-67852,-6.4815,-81.2708,483.7
NORAD-67853,46.9255,50.0291,474.4
NORAD-67854,-7.7803,109.0699,484.4
NORAD-67855,-0.2022,-77.2914,478.7
NORAD-67856,-20.5972,-93.4416,481.0
NORAD-67857,1.3728,-76.1182,478.0
NORAD-67858,6.3801,95.6028,469.5
NORAD-67859,-50.6366,-143.7687,483.0
NORAD-67860,-29.0146,-100.9261,486.6
NORAD-67861,-15.7685,-88.6133,485.1
NORAD-67862,-1.8623,-77.8221,483.6
NORAD-67863,12.2726,-67.0765,481.1
NORAD-67864,25.5075,-55.5361,478.7
NORAD-67865,47.6626,-21.1959,474.6
NORAD-67866,52.8364,4.8944,474.4
NORAD-67867,51.3985,33.4695,474.6
NORAD-67868,40.4936,63.5175,476.2
NORAD-67869,24.5707,80.3923,466.5
NORAD-67870,10.6634,95.1218,481.5
NORAD-67871,1.4825,102.0981,482.7
NORAD-67872,39.8941,-38.4397,472.0
NORAD-67873,15.6094,88.3217,467.8
NORAD-67874,-3.0789,102.6762,470.8
NORAD-67875,-40.1658,141.6470,482.4
NORAD-67876,-11.1847,-84.9306,484.7
NORAD-67877,25.8057,82.7478,480.9
NORAD-67878,29.7852,-51.1010,478.0
NORAD-67879,-81.3796,66.4405,481.4
NORAD-67880,-68.9782,28.3584,479.2
NORAD-67881,10.1858,-169.6553,473.8
NORAD-67882,63.7758,-6.0712,464.8
NORAD-67883,48.9522,0.5284,467.3
NORAD-67884,-54.5340,19.2682,479.1
NORAD-67885,4.4377,8.3849,474.8
NORAD-67886,-39.8674,15.0708,479.1
NORAD-67887,54.4999,-160.6568,466.2
NORAD-67888,69.0672,-151.4643,464.6
NORAD-67889,77.4329,-26.0196,464.7
NORAD-67890,-10.4144,10.2982,477.4
NORAD-67891,-82.4471,113.2669,480.8
NORAD-67892,-77.4848,153.8738,481.0
NORAD-67893,-34.7499,-176.0482,479.3
NORAD-67894,-25.4852,12.4387,479.0
NORAD-67895,34.2130,3.9803,469.8
NORAD-67896,-5.3140,-171.6491,475.3
NORAD-67897,25.0620,-167.5493,471.3
NORAD-67898,81.3512,-113.7787,463.6
NORAD-67899,-63.8543,173.9519,479.8
NORAD-67900,-49.2908,-179.4968,479.6
NORAD-67901,39.7247,-164.8858,469.0
NORAD-67902,-19.6749,-173.5804,477.7
NORAD-67903,19.3165,6.3941,472.3
NORAD-67904,-11.5299,42.3299,491.0
NORAD-67905,-20.6529,53.4922,491.8
NORAD-67906,-32.6663,73.0488,492.4
NORAD-67907,-40.8436,97.6050,492.7
NORAD-67908,-42.7915,126.0543,492.6
NORAD-67909,-37.7837,153.1326,492.6
NORAD-67910,-27.6285,175.1944,491.9
NORAD-67911,-5.0199,-156.1346,490.1
NORAD-67912,9.4363,-140.5000,488.4
NORAD-67913,23.0772,-123.6180,487.0
NORAD-67914,42.9599,-58.6145,484.5
NORAD-67915,34.5609,-103.2217,485.5
NORAD-67916,38.9248,-31.0624,485.1
NORAD-67917,29.2536,-8.0121,486.3
NORAD-67918,-6.7653,37.0036,490.5
NORAD-67919,16.4556,10.4094,488.0
NORAD-67920,-29.0064,66.0998,492.4
NORAD-67921,-38.7316,88.9443,492.6
NORAD-67923,-40.1720,144.5110,492.6
NORAD-67924,-31.4159,168.4296,491.9
NORAD-67925,-9.8934,-161.4746,490.9
NORAD-67926,4.5657,-145.8363,488.5
NORAD-67927,31.0769,-110.5725,485.2
NORAD-67928,18.6861,-129.5282,488.2
NORAD-67929,39.9434,-86.9431,484.2
NORAD-67930,32.9372,-15.0912,485.7
NORAD-67931,40.9782,-39.7506,484.8
NORAD-67932,26.7733,-57.6487,486.7
NORAD-67933,13.7311,-40.0902,489.0
NORAD-67934,-0.5828,-24.3359,490.3
NORAD-67935,-14.9175,-8.3947,491.4
NORAD-67936,-37.9885,31.8190,492.3
NORAD-67937,-27.8823,9.5325,492.5
NORAD-67938,-41.9174,49.3005,492.8
NORAD-67939,-42.2061,78.1481,492.7
NORAD-67940,3.1366,157.9595,488.9
NORAD-67941,25.9845,-173.9604,485.8
NORAD-67942,-35.7767,104.0872,492.7
NORAD-67943,-11.2546,142.3134,490.7
NORAD-67944,12.6625,168.5041,488.0
NORAD-67945,36.6941,-152.4386,484.0
NORAD-67946,42.5163,-125.8791,483.1
NORAD-67947,41.4392,-97.0124,484.5
NORAD-67948,36.9226,-79.4315,484.4
NORAD-67949,30.3600,-64.6675,485.7
NORAD-67950,18.2453,-45.6044,487.9
NORAD-67951,4.0606,-29.3289,489.4
NORAD-67952,-23.7785,3.1636,491.8
NORAD-67953,-10.1922,-13.8646,490.9
NORAD-67954,-42.9220,68.5146,492.7
NORAD-67955,-28.7621,118.6165,492.1
NORAD-67956,-15.8634,136.9018,491.2
NORAD-67957,-38.5683,95.9382,492.4
NORAD-67958,-1.6378,152.8367,489.9
NORAD-67959,33.5299,-160.2056,484.9
NORAD-67960,21.7363,179.8460,486.9
NORAD-67961,-43.1282,92.3002,480.1
NORAD-67962,-28.3717,89.3866,479.0
NORAD-67963,1.3073,85.2713,474.5
NORAD-67964,-13.4985,87.1910,477.9
NORAD-67965,16.2655,83.3075,472.9
NORAD-67966,31.0525,81.0344,470.1
NORAD-67967,45.8444,77.8856,468.0
NORAD-67968,60.6234,72.3327,465.7
NORAD-67969,82.5498,-16.5252,463.7
NORAD-67970,74.6713,57.6588,464.5
NORAD-67971,71.9406,-71.4271,464.4
NORAD-67972,57.7506,-82.8134,465.7
NORAD-67973,28.0878,-90.5858,470.9
NORAD-67974,42.8901,-87.6798,468.3
NORAD-67975,-31.3029,-98.9342,479.3
NORAD-67976,13.2164,-92.7738,473.4
NORAD-67977,-16.5245,-96.6547,478.2
NORAD-67978,-60.7504,-107.6599,480.5
NORAD-67979,-1.7067,-94.7032,475.8
NORAD-67980,-46.0453,-102.0894,480.2
NORAD-67981,-74.7458,-122.4200,480.8
NORAD-67982,-82.5518,163.5910,481.1
NORAD-67983,-57.8107,97.2879,480.7
NORAD-67984,-71.9885,108.7251,481.0
NORAD-67985,-36.4140,91.7521,479.7
NORAD-67986,-40.6267,-99.6837,492.1
NORAD-67987,-42.8509,-71.2460,491.1
NORAD-67988,-38.1593,-44.2387,497.1
NORAD-67989,-28.0692,-21.7395,492.5
NORAD-67990,-15.1336,-3.7636,490.9
NORAD-67991,-5.6382,7.0094,489.9
NORAD-67992,8.8333,22.6278,488.6
NORAD-67993,22.4555,39.3050,487.0
NORAD-67994,34.1527,59.6234,485.6
NORAD-67995,17.0587,173.4688,487.5
NORAD-67996,41.5717,84.9944,484.0
NORAD-67997,-11.6552,-154.6388,491.3
NORAD-67998,2.8758,-170.4635,490.0
NORAD-67999,-24.9789,-137.4833,491.6
NORAD-68000,-32.6640,-124.0466,492.3
NORAD-68001,-38.4196,-108.3395,492.6
NORAD-68002,-40.3750,-52.6195,492.0
NORAD-68003,-19.6142,-9.3637,491.3
NORAD-68004,-42.8961,-81.1245,488.9
NORAD-68005,-31.7386,-28.4200,490.8
NORAD-68006,3.9628,17.2947,489.0
NORAD-68007,18.0985,33.5017,487.6
NORAD-68008,30.6550,52.4186,485.9
NORAD-68009,39.7221,75.9483,484.6
NORAD-68010,33.3316,147.8325,485.4
NORAD-68011,21.5098,167.6882,487.2
NORAD-68012,-6.7908,-160.0780,490.0
NORAD-68013,42.9733,103.9898,484.3
NORAD-68014,7.6166,-175.6307,489.1
NORAD-68015,81.9089,-39.6986,463.8
NORAD-68016,62.6634,-141.2576,466.2
NORAD-68017,48.0396,-147.3945,467.4
NORAD-68018,76.5297,-123.3299,464.4
NORAD-68019,18.3552,-153.1287,472.6
NORAD-68020,33.2268,-150.7617,470.5
NORAD-68021,-26.4748,-159.1957,477.9
NORAD-68022,3.2600,-155.1435,474.3
NORAD-68023,-11.6051,-157.0540,476.5
NORAD-68024,-41.0696,-161.9385,480.0
NORAD-68025,-70.1274,-176.2486,480.6
NORAD-68026,-55.8058,-166.3800,480.1
NORAD-68027,70.1258,3.8331,464.8
NORAD-68028,-20.3096,-159.1815,467.2
NORAD-68029,-81.9472,139.7942,480.8
NORAD-68030,-76.5286,56.7548,480.9
NORAD-68031,-62.7671,38.8797,480.8
NORAD-68032,55.8607,13.6740,466.0
NORAD-68033,-48.1885,32.7223,480.6
NORAD-68034,11.1243,23.0806,473.2
NORAD-68035,40.8908,18.1828,468.1
NORAD-68036,-3.5941,24.9732,476.1
NORAD-68037,26.0972,20.9367,470.9
NORAD-68038,-18.5477,26.9731,478.0
NORAD-68039,-33.4310,29.3474,478.9
NORAD-68040,-38.2489,-17.6634,474.7
NORAD-68041,-28.3968,101.9846,473.1
NORAD-68042,-36.1387,-18.5650,474.6
NORAD-68043,-38.6317,91.2525,474.6
NORAD-68044,-43.7104,80.1787,474.0
NORAD-68045,-3.4198,-51.2420,471.0
NORAD-68046,14.6493,139.2376,468.1
NORAD-68047,51.9900,-125.8476,462.0
NORAD-68048,41.5402,168.0614,463.2
NORAD-68049,-52.5798,47.5131,475.4
NORAD-68050,46.8386,-106.7752,462.8
NORAD-68051,-52.9506,44.8296,475.5
NORAD-68052,39.9574,166.7844,463.9
NORAD-68053,-52.4517,25.4222,475.2
NORAD-68054,40.4139,-93.3575,464.0
NORAD-68055,-12.9333,118.0855,472.1
NORAD-68056,32.5884,-82.3712,464.9
NORAD-68057,-21.6529,-36.5447,473.1
NORAD-68058,41.8479,-94.4498,463.4
NORAD-68059,53.1260,-142.0263,461.7
NORAD-68060,-50.1849,10.1340,475.8
NORAD-68061,7.9398,131.8142,469.2
NORAD-68062,15.1226,-65.4573,468.2
NORAD-68063,47.6808,-178.1447,462.1
NORAD-68064,25.9921,147.2091,466.4
NORAD-68065,-43.3390,-6.7751,475.1
NORAD-68066,-10.5972,117.7975,471.9
NORAD-68067,24.0948,-73.3287,466.3
NORAD-68068,53.1063,-144.9379,461.7
NORAD-68069,45.0768,27.6295,463.3
NORAD-68070,-53.0965,167.1938,474.8
NORAD-68071,-6.2341,80.9248,471.3
NORAD-68072,10.6473,-96.0487,468.9
NORAD-68073,-34.2031,-134.6723,474.7
NORAD-68074,12.4176,66.7855,468.3
NORAD-68075,38.1784,40.2258,463.7
NORAD-68076,-24.3263,95.9948,473.2
NORAD-68077,52.9506,-22.4328,462.2
NORAD-68078,-25.8565,-125.3650,473.5
NORAD-68079,-46.8366,129.1782,475.2
NORAD-68080,36.1167,41.0049,464.3
NORAD-68081,30.4787,-79.4431,464.8
NORAD-68082,-41.7054,-145.9470,475.0
NORAD-68083,21.5189,59.1087,466.8
NORAD-68084,-7.8420,-110.0293,471.6
NORAD-68085,49.0520,14.4509,462.2
NORAD-68086,45.3179,-56.3966,463.0
NORAD-68087,36.7324,-70.2089,464.4
NORAD-68088,-15.3388,88.0788,472.8
NORAD-68089,52.8400,-5.1499,461.8
NORAD-68090,19.8487,-88.4631,467.6
NORAD-68091,49.4188,-43.1787,462.5
NORAD-68092,-51.3088,145.4994,475.3
NORAD-68093,-53.1324,164.7828,475.0
NORAD-68094,43.9131,-58.0373,463.0
NORAD-68095,-16.9667,-117.3057,472.6
NORAD-68096,30.1526,50.4921,465.1
NORAD-68097,-32.7309,104.9669,474.1
NORAD-68098,-41.8677,-59.9002,477.5
NORAD-68101,80.4972,-13.8102,464.0
NORAD-68102,78.6119,-104.5600,462.5
NORAD-68103,64.7382,-128.2537,464.7
NORAD-68104,35.6036,-138.7067,469.0
NORAD-68105,20.9512,-141.1467,472.8
NORAD-68106,6.0139,-143.1763,474.5
NORAD-68107,50.4529,-135.0570,466.9
NORAD-68108,-9.0221,-145.1048,476.8
NORAD-68109,-38.7135,-149.8134,480.0
NORAD-68110,-23.8746,-147.1807,478.4
NORAD-68111,-53.4166,-153.8444,480.5
NORAD-68112,-67.7926,-162.1739,480.8
NORAD-68113,-78.5304,75.1752,481.0
NORAD-68114,-80.5225,166.0891,481.0
NORAD-68115,-65.1214,52.1139,480.8
NORAD-68116,-50.6092,45.0716,480.4
NORAD-68117,-35.8332,41.4157,479.1
NORAD-68118,-21.0586,38.9465,478.4
NORAD-68119,-6.1877,36.9241,476.7
NORAD-68120,8.8842,34.9920,474.4
NORAD-68121,23.6684,32.9301,472.1
NORAD-68122,38.4713,30.3168,468.7
NORAD-68123,67.7492,17.9444,464.4
NORAD-68124,81.8052,-23.5800,463.6
NORAD-68125,53.2041,26.3105,466.6
NORAD-68126,-0.0220,-110.0055,35796.4
NORAD-68128,50.3578,-165.9040,373.5
NORAD-68129,31.0262,43.5545,1151.7
NORAD-68130,1.6847,72.3940,1156.2
NORAD-68131,-27.8703,100.0657,1159.5
NORAD-68132,-48.4353,144.8752,1161.1
NORAD-68133,-42.7188,-157.2443,1161.3
NORAD-68134,13.5134,-94.8777,1155.4
NORAD-68135,-16.9774,-121.2689,1159.4
NORAD-68136,39.9452,-61.9323,1151.0
NORAD-68137,49.3958,-4.9453,1149.3
NORAD-68138,-45.4548,149.6517,878.7
NORAD-68139,0.2637,-111.8740,596.7
NORAD-68140,2.2444,-114.7637,596.3
NORAD-68141,-31.3436,5.6509,582.8
NORAD-68142,-74.1723,123.8808,480.7
NORAD-68143,13.7167,95.3120,473.4
NORAD-68144,73.9528,-56.4601,464.7
NORAD-68145,43.5963,90.1190,468.7
NORAD-68146,0.7655,-82.7289,475.6
NORAD-68147,-15.8671,99.1734,477.6
NORAD-68148,72.5835,73.0656,465.6
NORAD-68149,15.6347,-80.7826,473.1
NORAD-68150,59.9841,-70.0661,466.6
NORAD-68151,82.6582,14.0808,464.0
NORAD-68152,-14.1061,-84.6631,477.7
NORAD-68153,58.4591,85.0914,465.9
NORAD-68154,-58.4088,-94.9592,480.2
NORAD-68155,-43.7529,-89.9932,479.6
NORAD-68156,-72.5874,-107.0120,480.7
NORAD-68157,45.2924,-75.4249,468.8
NORAD-68158,-82.6590,-166.0124,480.9
NORAD-68159,28.7157,93.0912,471.4
NORAD-68160,-30.7074,101.4380,478.9
NORAD-68161,-60.1198,109.9334,480.6
NORAD-68162,-1.0086,97.2243,476.0
NORAD-68163,-28.9901,-87.0303,479.2
NORAD-68164,-45.4793,104.5496,479.7
NORAD-68165,30.5025,-78.5201,470.5
NORAD-68166,-35.7253,-87.3280,479.5
NORAD-68167,-43.4616,-150.7089,474.9
NORAD-68168,-52.9453,-99.2443,475.3
NORAD-68169,46.3591,36.1889,462.8
NORAD-68170,-21.9087,-33.7192,473.3
NORAD-68171,8.2607,157.8969,469.0
NORAD-68172,51.0442,52.3542,462.1
NORAD-68173,31.9952,12.3201,465.6
NORAD-68174,53.0960,71.1216,461.6
NORAD-68175,-50.3570,-80.9021,475.1
NORAD-68176,52.0809,90.0269,461.7
NORAD-68177,-49.1269,-135.9658,475.2
NORAD-68178,-10.2349,171.8671,472.1
NORAD-68179,-52.5004,-118.3364,475.3
NORAD-68180,-28.1257,-172.3186,473.0
NORAD-68181,42.1335,121.5347,463.7
NORAD-68182,48.1811,107.3300,462.7
NORAD-68183,-36.3032,-162.5451,474.5
NORAD-68184,26.3627,142.3760,466.4
NORAD-68185,-3.6921,-18.9994,471.4
NORAD-68186,-45.3056,-65.3624,474.9
NORAD-68187,39.8042,23.0330,463.8
NORAD-68189,14.5088,-4.3712,468.6
NORAD-68190,23.4389,3.3793,466.1
NORAD-68191,17.5003,150.4815,467.7
NORAD-68192,-19.2691,179.2630,473.4
NORAD-68193,34.6978,132.9338,464.9
NORAD-68194,-0.9598,164.8330,470.9
NORAD-68195,-38.4619,-52.6921,474.5
NORAD-68196,-6.9862,-56.8424,959.6
NORAD-68197,28.0172,-136.1020,598.4
NORAD-68198,-61.8201,164.8475,541.4
NORAD-68199,-51.0787,159.9839,542.9
NORAD-68200,-39.9478,156.9155,547.7
NORAD-68201,55.9822,-18.0716,537.8
NORAD-68202,59.3218,-16.4868,538.0
NORAD-68203,-42.9725,-36.4159,538.6
NORAD-68204,-46.9858,-37.4832,539.3
NORAD-68205,-10.2422,-39.0088,1019.9
NORAD-68206,44.0736,-29.8316,761.3
NORAD-68207,-71.6182,-26.5093,480.9
NORAD-68208,-57.6613,-37.4907,480.5
NORAD-68209,-43.0390,-42.2825,480.1
NORAD-68210,-28.2334,-45.1980,478.8
NORAD-68211,-13.4238,-47.3810,477.7
NORAD-68212,1.4584,-49.3107,475.5
NORAD-68213,16.3661,-51.2710,473.0
NORAD-68214,-1.7828,130.7177,475.7
NORAD-68215,46.0552,-56.7398,467.4
NORAD-68216,60.7825,-62.3237,465.5
NORAD-68217,74.7460,-77.0707,464.4
NORAD-68218,82.5341,-151.6383,463.6
NORAD-68219,71.8978,153.9521,464.6
NORAD-68220,42.9689,137.7751,468.1
NORAD-68221,57.7001,142.6110,465.9
NORAD-68222,28.0917,134.8507,471.3
NORAD-68223,13.1694,132.6616,473.3
NORAD-68225,-16.6503,128.7670,477.6
NORAD-68226,-46.2226,123.2995,480.3
NORAD-68227,-31.4089,126.4863,479.3
NORAD-68228,-60.8344,117.7254,481.1
NORAD-68229,48.3510,-54.3272,467.2
NORAD-68230,-74.8359,102.8215,481.2
NORAD-68231,-82.5339,28.4838,481.0
NORAD-68232,-15.9711,-4.2990,472.1
NORAD-68233,52.7670,88.5247,462.0
NORAD-68234,37.9929,153.4549,419.6
NORAD-68235,11.5679,179.6098,468.5
NORAD-68236,-50.1230,-107.1243,430.8
NORAD-68237,2.3554,-173.3516,470.3
NORAD-68238,11.6383,16.9108,468.6
NORAD-68239,-6.8843,2.8772,471.1
NORAD-68240,-2.1809,7.2020,426.4
NORAD-68241,52.2720,120.0754,462.4
NORAD-68242,-3.3114,13.4909,483.7
NORAD-68243,37.3676,42.8762,464.6
NORAD-68244,51.8389,116.0444,417.7
NORAD-68245,-6.9151,-166.3363,471.7
NORAD-68246,14.8913,20.2896,423.8
NORAD-68247,49.8256,70.5833,462.2
NORAD-68248,46.0315,66.8440,462.6
NORAD-68249,51.9732,114.4356,458.4
NORAD-68250,49.4311,70.5365,418.2
NORAD-68251,-17.0712,2.6843,485.5
NORAD-68252,-41.1558,-130.7098,474.6
NORAD-68253,-46.4943,-119.4908,471.9
NORAD-68254,-16.1457,-159.0444,472.5
NORAD-68255,47.3245,134.1785,418.1
NORAD-68256,-45.1105,-32.7507,487.9
NORAD-68257,-33.5713,-141.8460,474.2
NORAD-68258,10.6261,24.0006,481.4
NORAD-68259,46.8239,61.7361,418.1
NORAD-68260,44.2700,140.9057,463.2
NORAD-68261,21.2483,-58.7793,495.5
NORAD-68262,-49.4727,-82.3803,475.2
NORAD-68263,-26.6168,-120.0880,473.8
NORAD-68264,-12.2429,26.7928,472.9
NORAD-68265,0.4324,-142.4176,470.5
NORAD-68266,-19.9045,-127.8155,473.1
NORAD-68267,7.2459,-149.6800,469.0
NORAD-68268,25.4851,-165.1372,466.4
NORAD-68269,51.7454,143.9199,461.9
NORAD-68270,-48.3399,-84.8038,475.0
NORAD-68271,24.3703,55.9200,466.5
NORAD-68272,-51.1871,-30.3213,475.4
NORAD-68273,-21.3691,19.1205,473.2
NORAD-68274,-36.8701,-109.4011,474.4
NORAD-68275,-52.6110,-64.8763,475.2
NORAD-68276,-52.8607,-45.5654,475.4
NORAD-68277,-30.0465,10.4807,474.5
NORAD-68278,-38.0777,0.2572,474.8
NORAD-68279,-50.1500,-27.6581,475.3
NORAD-68280,41.4511,174.3847,463.4
NORAD-68281,27.7131,-165.2227,465.9
NORAD-68282,15.4533,48.0263,468.0
NORAD-68283,49.0321,158.3201,462.4
NORAD-68284,-32.3991,9.9499,474.2
NORAD-68285,50.4340,103.2568,462.2
NORAD-68286,40.5812,75.9537,463.7
NORAD-68287,53.1333,124.8931,461.5
NORAD-68288,-28.6962,-119.3581,473.9
NORAD-68289,-43.9724,-97.3266,474.8
NORAD-68290,-44.8658,-12.0216,474.9
NORAD-68291,20.7839,-171.8086,569.7
NORAD-68293,30.5500,163.1066,343.2
NORAD-68294,0.6999,22.6592,474.8
NORAD-68295,15.5816,24.6058,473.7
NORAD-68296,-58.3825,10.6010,480.7
NORAD-68297,-0.9168,-157.3870,476.0
NORAD-68298,13.9402,-159.3236,472.8
NORAD-68299,-15.8233,-155.4356,476.7
NORAD-68300,43.5616,-164.4751,468.6
NORAD-68301,28.7271,-161.5138,470.3
NORAD-68302,74.1298,49.2869,465.1
NORAD-68303,60.0256,35.3648,465.1
NORAD-68304,-30.7320,-153.1569,479.2
NORAD-68305,-66.6059,-141.2409,480.0
NORAD-68306,82.6541,119.5741,464.0
NORAD-68307,-29.0482,18.5094,478.7
NORAD-68308,22.4102,-160.5217,461.8
NORAD-68309,-14.1466,20.7291,478.1
NORAD-68310,-82.6554,-60.5034,480.5
NORAD-68311,58.3484,-169.4570,466.4
NORAD-68312,30.3925,26.8662,470.3
NORAD-68313,-74.1403,-130.6196,479.9
NORAD-68314,45.2847,29.9807,468.1
NORAD-68315,-72.6484,-1.5738,481.6
NORAD-68316,-45.4956,-150.0505,480.8
NORAD-68317,72.5028,178.5698,465.5
NORAD-68318,-60.1113,-144.6695,481.4
NORAD-68319,-44.8832,-11.2273,426.9
NORAD-68321,-49.1449,-52.8019,487.7
NORAD-68322,-39.7817,-79.2288,475.2
NORAD-68323,-48.2389,4.9205,475.1
NORAD-68324,42.1541,-155.4047,476.1
NORAD-68325,52.9811,158.5243,461.8
NORAD-68326,-39.9617,-73.9540,487.5
NORAD-68327,-17.3006,53.4274,485.5
NORAD-68328,30.6105,-139.0291,477.9
NORAD-68329,0.6799,62.4013,470.6
NORAD-68330,3.5938,-115.4391,482.3
NORAD-68331,-23.5555,-98.7352,473.5
NORAD-68332,9.9347,75.1130,481.5
NORAD-68333,-5.3192,-113.7464,471.3
NORAD-68334,39.7692,106.0947,476.2
NORAD-68335,12.0456,69.6420,468.9
NORAD-68336,53.0932,154.1679,474.2
NORAD-68337,-17.7233,48.0634,472.9
NORAD-68338,43.4518,107.0271,463.1
NORAD-68339,-41.9989,24.5175,487.1
NORAD-68340,-53.0889,-31.3598,475.6
NORAD-68341,-14.5496,-106.5741,472.5
NORAD-68342,-42.2730,19.0538,474.9
NORAD-68343,52.4166,139.4014,461.7
NORAD-68344,51.9188,141.2534,476.9
NORAD-68345,49.1170,121.7553,462.3
NORAD-68346,38.6647,-154.5155,463.9
NORAD-68347,-52.9301,-15.9538,487.8
NORAD-68348,-32.1449,-89.7331,473.7
NORAD-68349,-48.0659,10.4148,487.7
NORAD-68350,-19.6813,62.5680,690.8
NORAD-68351,4.3613,-128.5381,687.1
NORAD-68352,-47.4553,178.0607,686.2
NORAD-68353,4.0067,45.2970,697.1
NORAD-68354,-47.7828,98.5320,692.3
NORAD-68355,32.9383,21.0674,694.7
NORAD-68356,-43.3868,-173.5844,684.8
NORAD-68357,-28.0912,-154.1053,682.9
NORAD-68358,35.7538,17.8420,693.6
NORAD-68359,-50.6377,106.6701,692.1
NORAD-68360,-41.4464,75.6925,534.9
NORAD-68361,-37.3154,74.1219,415.3
NORAD-68362,-57.5475,83.2392,525.8
NORAD-68364,-21.8051,74.8845,524.4
NORAD-68365,-45.3506,79.3139,525.7
NORAD-68366,-32.9061,75.8177,526.0
NORAD-68367,-50.5046,-120.9722,462.9
NORAD-68368,-50.4136,78.4305,530.4
NORAD-68369,81.5973,-47.0232,307.6
NORAD-68370,-52.2905,77.6279,359.2
NORAD-68371,-9.7811,72.7778,524.1
NORAD-68372,-10.2659,72.5624,483.7
NORAD-68373,-82.1826,167.1497,369.5
NORAD-68374,50.6928,-102.1862,402.8
NORAD-68375,58.0453,-98.3754,498.1
NORAD-68377,29.6662,-92.6396,512.0
NORAD-68378,29.6738,-92.6339,511.7
NORAD-68379,80.8429,30.7055,433.1
NORAD-68380,73.0513,-164.0119,417.8
NORAD-68381,-20.7350,35.1916,477.9
NORAD-68382,50.2503,-150.7947,467.0
NORAD-68383,8.8876,39.0993,474.5
NORAD-68384,64.8490,-157.7526,461.8
NORAD-68385,-67.9970,-123.5423,481.5
NORAD-68386,38.7595,43.9874,469.8
NORAD-68387,-53.5963,-131.9996,480.3
NORAD-68388,35.4166,-147.1723,470.2
NORAD-68389,80.5781,88.5312,464.6
NORAD-68390,22.9056,-142.1567,471.3
NORAD-68391,-64.9138,22.1287,481.9
NORAD-68392,-80.6538,-91.0016,480.0
NORAD-68393,5.7710,-142.7071,474.9
NORAD-68394,53.4439,48.0245,467.6
NORAD-68395,-5.9969,37.1903,476.4
NORAD-68396,78.2142,-179.7515,464.5
NORAD-68397,-38.8754,-136.0641,479.9
NORAD-68398,-78.3687,-0.4427,479.7
NORAD-68399,23.8082,41.3342,472.1
NORAD-68400,-9.2044,-140.7808,476.7
NORAD-68401,-35.7440,32.6868,480.1
NORAD-68402,-24.0525,-138.7038,478.4
NORAD-68403,-67.7654,-120.8656,464.6
NORAD-68404,67.8558,56.4081,466.5
NORAD-68405,-13.4307,-30.3399,500.8
NORAD-68408,50.6864,145.3221,523.0
NORAD-68409,-80.1871,87.5294,516.3
NORAD-68412,24.8491,-71.8638,596.2
NORAD-68414,-37.6551,-65.6417,599.4
NORAD-68415,-33.7530,-66.1653,599.0
NORAD-68416,75.9073,-114.1641,506.1
NORAD-68417,74.2336,6.7668,506.9
NORAD-68418,-16.1309,36.5635,521.4
NORAD-68419,-18.9461,36.9137,522.3
NORAD-68420,41.7980,-138.9505,508.0
NORAD-68421,-60.9820,47.9418,524.7
NORAD-68422,-64.7828,50.3740,524.8
NORAD-68423,-69.0187,54.2270,524.4
NORAD-68424,77.7700,-108.6390,509.8
NORAD-68425,-79.5123,169.3047,523.8
NORAD-68426,80.7549,-92.0499,504.9
NORAD-68427,18.1693,31.8989,514.0
NORAD-68428,-9.4010,-146.9309,522.1
NORAD-68429,-2.7459,34.6661,515.2
NORAD-68430,-47.0404,42.3539,522.8
NORAD-68431,-55.4314,45.3609,521.9
NORAD-68432,-1.0688,-145.8472,521.5
NORAD-68433,24.6296,-142.4119,522.6
NORAD-68434,-55.4729,-156.6349,524.1
NORAD-68435,-79.2093,77.7192,519.3
NORAD-68436,73.7165,7.5987,509.3
NORAD-68437,1.7041,34.0780,514.2
NORAD-68438,36.4887,28.7864,507.4
NORAD-68439,-40.4010,40.6954,519.7
NORAD-68440,71.7163,-122.3091,501.2
NORAD-68441,73.1805,8.4771,508.5
NORAD-68442,-81.2638,155.7114,529.2
NORAD-68443,-52.2366,-155.5810,530.5
NORAD-68444,-80.1720,83.4809,523.4
NORAD-68445,12.4890,-144.2498,524.3
NORAD-68446,79.9154,-98.6292,503.6
NORAD-68447,-82.5194,128.7740,523.8
NORAD-68448,72.6381,9.5663,508.2
NORAD-68449,-19.2334,36.7690,521.7
NORAD-68450,-50.7635,-154.9259,524.2
NORAD-68451,-71.9886,-169.4771,524.2
NORAD-68452,-0.0571,34.2126,518.4
NORAD-68453,-42.9243,-152.6935,524.2
NORAD-68454,-71.8152,-169.3112,529.5
NORAD-68455,21.9025,-142.8262,523.1
NORAD-68456,-4.6467,-146.4755,527.6
NORAD-68457,34.4829,29.2071,510.8
NORAD-68458,-43.8181,-153.1505,530.5
NORAD-68459,19.5039,-143.2411,523.4
NORAD-68460,-42.1006,-152.7060,530.0
NORAD-68461,8.4298,33.1005,517.0
NORAD-68462,-19.8404,-148.4127,523.3
NORAD-68463,-59.3045,46.9058,526.9
NORAD-68464,-75.9823,65.7585,529.0
NORAD-68465,-74.3701,-173.7691,530.0
NORAD-68466,-0.1655,-145.9707,526.4
NORAD-68467,68.4316,-126.6032,505.8
NORAD-68468,-5.2660,-146.5542,527.7
NORAD-68470,42.8244,-139.0101,518.3
NORAD-68471,69.5131,12.5297,590.9
NORAD-68472,-65.7770,51.5810,608.5
NORAD-68473,81.1632,-22.8434,489.8
NORAD-68474,70.4243,-123.3982,588.8
NORAD-68475,21.4384,-143.0338,599.9
NORAD-68476,47.7227,-137.2841,590.7
NORAD-68477,40.8241,-139.3424,596.1
NORAD-68478,-10.2219,35.4793,603.3
NORAD-68479,81.5691,-79.0914,587.5
NORAD-68480,-28.4997,-150.0498,599.6
NORAD-68481,-19.5214,36.9203,603.3
NORAD-68482,-28.2756,-150.0676,599.9
NORAD-68483,48.0946,-137.0710,591.7
NORAD-68484,-79.8832,84.7597,601.5
NORAD-68485,-7.5916,35.0949,603.8
NORAD-68486,-78.7411,77.2450,606.6
NORAD-68487,67.3228,-126.9031,588.4
NORAD-68488,-79.8115,83.3508,607.0
NORAD-68489,45.5134,-138.1160,595.6
NORAD-68490,44.8060,26.1723,597.1
NORAD-68491,79.0932,-11.1033,590.8
NORAD-68492,70.8746,-122.9233,591.7
NORAD-68493,65.9839,-128.1324,593.5
NORAD-68494,21.1695,-142.9677,600.7
NORAD-68495,-19.0516,-151.1118,641.4
NORAD-68496,-15.4938,36.2471,602.9
NORAD-68497,-31.9181,38.9257,604.6
NORAD-68498,69.7318,-124.4333,592.3
NORAD-68499,34.7049,-140.6174,598.1
NORAD-68500,16.5871,-143.6572,601.5
NORAD-68501,77.3531,-108.5504,593.2
NORAD-68502,-6.6408,-146.8788,604.8
NORAD-68503,-58.0057,-158.7557,613.1
NORAD-68504,1.8241,33.8820,585.1
NORAD-68505,-55.1849,45.2186,606.7
NORAD-68506,-51.4867,-155.2003,525.3
NORAD-68507,57.5057,22.4017,509.1
NORAD-68508,53.0960,-72.7450,461.7
NORAD-68509,-26.3104,-175.9958,473.6
NORAD-68510,30.0805,-130.1030,466.5
NORAD-68511,-52.5162,97.9403,474.4
NORAD-68512,-3.6299,-162.8129,470.9
NORAD-68513,-42.2505,162.8924,474.8
NORAD-68514,36.0940,-120.5317,464.8
NORAD-68515,52.4259,-76.7178,461.2
NORAD-68516,-53.1068,113.0187,474.2
NORAD-68517,45.4316,-23.3599,462.6
NORAD-68518,-39.9485,64.8494,474.7
NORAD-68519,-14.8357,37.4751,472.5
NORAD-68520,-51.1224,94.3307,474.7
NORAD-68521,40.7260,-11.9033,463.9
NORAD-68522,-5.5694,30.2313,471.5
NORAD-68523,-34.6941,174.5205,474.3
NORAD-68524,22.0565,8.4331,466.8
NORAD-68525,13.0297,16.1005,468.3
NORAD-68526,-18.3458,37.5594,428.8
NORAD-68527,1.1957,22.9752,470.6
NORAD-68528,-38.0196,63.9674,474.4
NORAD-68529,52.9388,-56.8858,461.8
NORAD-68530,-12.3325,37.5855,472.5
NORAD-68531,15.4579,16.2575,467.9
NORAD-68532,50.4595,-39.0487,461.8
NORAD-68533,30.6968,-0.2980,465.5
NORAD-68534,38.6837,-10.7341,464.1
NORAD-68535,-14.5334,34.3769,428.5
NORAD-68536,-29.5864,48.3295,429.8
NORAD-68542,20.5931,96.7386,467.4
NORAD-68543,29.2554,105.1913,465.3
NORAD-68544,44.3309,127.4053,462.9
NORAD-68545,37.3408,115.2312,463.6
NORAD-68546,49.7080,142.4514,461.2
NORAD-68547,49.7348,-162.0653,462.2
NORAD-68548,52.5969,158.9561,463.7
NORAD-68549,44.2484,-146.7242,463.0
NORAD-68550,29.0503,-124.4668,465.5
NORAD-68551,20.3263,-116.0030,467.1
NORAD-68552,37.1906,-134.5068,464.2
NORAD-68553,-7.3045,-94.4356,471.5
NORAD-68554,-16.4179,-87.2070,472.6
NORAD-68555,1.9690,-101.4096,469.8
NORAD-68556,-33.7063,-70.0174,474.2
NORAD-68557,-25.3720,-79.1716,473.4
NORAD-68558,-41.2122,-58.9938,474.8
NORAD-68559,-47.4484,-45.3033,475.1
NORAD-68560,-51.6628,-28.6234,475.4
NORAD-68561,-53.1377,-9.7183,475.5
NORAD-68562,-47.2221,25.6907,475.4
NORAD-68563,-51.5421,9.1244,475.5
NORAD-68564,-40.9016,39.2971,475.0
NORAD-68565,-33.3040,50.2631,474.5
NORAD-68566,-24.8827,59.4136,473.6
NORAD-68567,-15.9603,67.3452,472.7
NORAD-68568,2.1301,82.0173,470.1
NORAD-68569,-6.7971,74.6129,471.4
NORAD-68570,11.3881,89.0926,468.7
NORAD-68571,44.2937,-90.8893,31593.6
NORAD-68573,3.7086,-162.5797,636.9
NORAD-68574,7.5893,28.8217,636.3
NORAD-68575,14.8999,-174.2175,635.1
NORAD-68576,-47.4841,-113.6028,651.7
NORAD-68577,-25.6788,-6.8196,639.6
NORAD-68578,-4.5358,16.7643,638.0
NORAD-68579,-15.6101,-17.6903,460.8
NORAD-68580,1.9895,-2.8482,516.7
NORAD-68581,-42.3637,-30.6668,651.6
NORAD-68582,-44.3542,-134.6524,466.1
NORAD-68583,-51.8556,-87.1230,642.7
NORAD-68584,-49.9722,-61.2253,641.6
NORAD-68585,44.1406,140.7606,629.6
NORAD-68586,51.3477,75.7132,548.8
NORAD-68587,3.7241,175.3524,588.6
NORAD-68588,-15.0472,5.6463,639.2
NORAD-68589,1.0568,-0.7904,589.0
NORAD-68590,19.7238,12.7173,531.4
NORAD-68591,-49.3060,-111.3086,641.5
NORAD-68592,21.2020,19.2200,592.3
NORAD-68593,-35.7679,-21.5939,642.6
NORAD-68594,2.9537,178.1359,613.8
NORAD-68595,-19.1544,-168.9465,463.7
NORAD-68596,38.7486,51.3003,642.5
NORAD-68597,51.8765,100.5761,639.3
NORAD-68598,-9.5101,-177.2332,460.5
NORAD-68599,41.0782,132.1360,446.9
NORAD-68600,27.8767,24.9318,614.8
NORAD-68601,51.8780,94.1669,629.0
NORAD-68602,-27.8745,-80.9750,478.8
NORAD-68603,-75.1589,66.2431,480.8
NORAD-68604,-46.6167,87.3169,479.9
NORAD-68605,-31.8814,90.5282,479.0
NORAD-68606,57.1459,106.6365,466.0
NORAD-68607,27.5293,99.0431,470.9
NORAD-68608,61.1229,-98.2262,465.7
NORAD-68609,-17.1958,92.8186,477.8
NORAD-68610,82.4292,169.4494,463.8
NORAD-68611,16.8106,-87.0501,473.1
NORAD-68612,-71.7128,-62.0930,480.8
NORAD-68613,-2.1655,94.9560,476.0
NORAD-68614,31.6720,-89.3561,470.2
NORAD-68615,42.3797,101.9203,468.1
NORAD-68616,46.4324,-92.5570,468.0
NORAD-68617,-61.2246,81.6347,480.4
NORAD-68618,75.1970,-113.7633,464.0
NORAD-68619,-13.0313,-83.1524,477.5
NORAD-68620,12.9423,96.9131,473.8
NORAD-68621,-42.6750,-78.0924,480.2
NORAD-68622,-57.3566,-73.3526,480.4
NORAD-68623,-82.4289,-10.5971,480.5
NORAD-68624,1.8415,-85.0800,475.5
NORAD-68625,71.4555,117.6212,464.5
NORAD-68626,-23.7756,92.7728,478.4
NORAD-68627,-26.0725,-151.5368,524.7
NORAD-68628,-54.2032,-114.7830,520.6
NORAD-68629,27.5807,29.3508,474.6
NORAD-68630,38.4742,39.0887,473.8
NORAD-68631,23.7100,26.4909,476.3
NORAD-68632,-56.5334,-49.3114,511.5
NORAD-68633,50.2889,55.1962,467.7
NORAD-68634,7.5083,-173.3863,505.7
NORAD-68635,26.4581,174.9334,502.0
NORAD-68636,-39.5725,32.7660,1082.6
NORAD-68637,0.2895,31.9476,1078.4
NORAD-68638,-59.3882,33.6198,1084.1
NORAD-68639,60.3354,-146.3048,1069.0
NORAD-68640,-19.8574,32.2803,1081.1
NORAD-68641,19.9098,31.5681,1075.0
NORAD-68642,20.0681,-147.6897,1075.5
NORAD-68643,80.1394,-142.2740,1067.2
NORAD-68644,39.8449,31.0734,1071.4
NORAD-68645,-19.9124,-148.4406,1081.4
NORAD-68646,79.9843,26.1930,1067.0
NORAD-68647,39.2727,-147.2681,1072.2
NORAD-68648,-86.0680,-162.9567,1102.0
NORAD-68649,-40.4857,-148.9536,1083.4
NORAD-68650,60.4434,30.1161,1068.5
NORAD-68651,-0.5307,-148.1017,1079.2
NORAD-68652,-59.7361,-149.8218,1084.3
NORAD-68653,-79.6979,37.4402,1084.2
NORAD-68654,42.8063,30.0621,731.6
NORAD-68656,-86.2137,179.0119,1184.1
NORAD-68657,-55.4553,-73.9027,1183.4
NORAD-68658,-19.8207,-70.1268,1180.6
NORAD-68659,16.3323,-67.7846,1175.1
NORAD-68660,52.3331,-64.2839,1168.9
NORAD-68661,50.4562,103.7032,844.1
NORAD-68662,-66.5711,-35.8630,480.9
NORAD-68663,-37.1882,-47.4467,479.6
NORAD-68664,-52.2840,-43.5013,480.6
NORAD-68665,-22.4935,-49.9774,478.3
NORAD-68666,-7.5804,-52.0281,477.2
NORAD-68667,7.4334,-53.9541,474.2
NORAD-68668,51.7885,136.4040,466.8
NORAD-68669,36.9518,-58.5055,469.5
NORAD-68670,22.1228,-55.9705,471.4
NORAD-68671,51.7353,-62.3130,467.1
NORAD-68672,66.2804,-69.9013,465.0
NORAD-68673,79.5041,-96.6420,463.5
NORAD-68674,79.6000,171.2335,463.5
NORAD-68675,66.4495,144.1135,464.6
NORAD-68676,-7.4730,126.1179,476.5
NORAD-68677,36.9879,132.5890,469.0
NORAD-68678,22.2048,130.0606,471.3
NORAD-68679,7.3247,128.0129,474.3
NORAD-68680,-37.1564,121.5271,479.3
NORAD-68681,-22.5309,124.0433,477.4
NORAD-68682,-79.5846,-8.7905,481.3
NORAD-68683,-79.5416,83.2370,481.4
NORAD-68684,-66.3319,110.1353,480.5
NORAD-68685,35.8313,135.2601,422.6
NORAD-68686,-51.9342,117.6931,480.8
NORAD-68687,16.2433,170.7822,1175.5
NORAD-68688,-30.1152,164.6018,992.5
NORAD-68689,-44.8832,-11.2273,426.9
NORAD-68690,54.9215,169.7041,475.1
NORAD-68691,-82.2380,-109.4851,556.6
NORAD-68692,10.6791,150.0668,537.2
NORAD-68693,-80.0185,-158.6229,552.6
NORAD-68694,12.5837,149.8639,535.9
NORAD-68695,77.9716,10.7991,536.7
NORAD-68696,72.0432,-3.8814,537.3
NORAD-68697,-2.3112,-28.6557,559.1
NORAD-68698,-16.4313,-30.6253,561.8
NORAD-68699,28.2919,136.2416,466.0
NORAD-68700,36.3658,145.9280,464.2
NORAD-68701,43.6299,158.0155,463.3
NORAD-68702,49.2622,172.9044,462.4
NORAD-68703,52.5576,-169.3556,461.8
NORAD-68704,52.8951,-150.0861,461.7
NORAD-68705,50.2349,-131.9928,462.5
NORAD-68706,30.1856,-93.6084,466.5
NORAD-68707,45.0728,-116.4504,463.3
NORAD-68708,38.1882,-103.8874,464.2
NORAD-68709,21.5122,-84.9811,467.9
NORAD-68710,12.4348,-77.3316,469.0
NORAD-68711,3.2521,-70.2813,470.1
NORAD-68712,-6.1624,-63.2173,471.3
NORAD-68713,-15.2932,-56.0604,472.7
NORAD-68714,-24.2211,-48.1934,473.7
NORAD-68715,-32.6622,-39.2141,474.3
NORAD-68716,-40.3734,-28.3390,474.8
NORAD-68717,-46.8000,-15.0017,475.4
NORAD-68718,-51.2960,1.3410,475.5
NORAD-68719,-51.8849,39.0578,475.7
NORAD-68720,-34.2479,81.1850,475.2
NORAD-68721,-47.8777,55.9111,474.6
NORAD-68722,-41.7366,69.9128,474.6
NORAD-68723,-53.1238,20.1248,475.8
NORAD-68724,-25.9825,90.4168,473.7
NORAD-68725,-7.8793,105.8686,471.6
NORAD-68726,-17.0502,98.5322,472.8
NORAD-68727,1.5160,112.9310,470.1
NORAD-68728,10.7761,120.6845,473.8
NORAD-68729,63.0562,-75.3332,465.9
NORAD-68730,-48.5855,110.9768,480.7
NORAD-68731,48.5001,-69.0754,467.4
NORAD-68732,33.5742,-65.6399,469.6
NORAD-68733,18.8588,-63.1250,472.6
NORAD-68734,-55.4160,-49.9630,479.8
NORAD-68735,-40.7012,-54.3315,479.9
NORAD-68736,81.6011,179.2854,463.9
NORAD-68737,40.3873,125.5228,468.9
NORAD-68738,55.0239,129.8091,465.7
NORAD-68739,25.5156,122.7835,471.3
NORAD-68740,-18.8994,116.7905,477.8
NORAD-68741,76.7943,-93.7748,463.3
NORAD-68742,-4.0989,118.7700,476.1
NORAD-68743,-11.0857,-59.1971,477.3
NORAD-68744,-63.1286,104.6960,480.6
NORAD-68745,3.8603,-61.1240,475.1
NORAD-68746,-33.8512,114.3857,479.3
NORAD-68747,-25.8524,-57.0857,479.0
NORAD-68748,69.5818,139.3598,464.6
NORAD-68749,-69.6862,-40.4402,481.2
NORAD-68750,26.9526,-65.4163,471.2
NORAD-68751,-76.8853,86.0175,481.4
NORAD-68752,-81.6672,0.1794,481.8
NORAD-68753,-71.8395,22.5572,503.2
NORAD-68754,51.0150,-144.4166,539.3
NORAD-68756,-15.6870,-145.9823,471.0
NORAD-68757,-22.5314,47.0059,374.2
NORAD-68758,-27.7139,30.0297,566.7
NORAD-68759,40.7125,40.4017,555.9
NORAD-68760,-27.3054,-34.2076,715.5
NORAD-68761,43.5773,145.9777,635.3
NORAD-68762,-26.9677,-141.5576,550.5
NORAD-68763,81.6257,145.9247,541.6
NORAD-68764,-26.6034,29.4221,564.4
NORAD-68766,5.6362,111.9399,474.7
NORAD-68767,20.7172,109.7458,472.0
NORAD-68768,50.2502,103.6832,467.6
NORAD-68769,35.5010,107.2878,470.3
NORAD-68770,78.3421,74.2266,464.5
NORAD-68771,64.8390,96.7344,466.3
NORAD-68772,80.6203,-16.7006,465.1
NORAD-68773,67.9301,-49.0529,465.8
NORAD-68774,53.5044,-57.4806,466.9
NORAD-68775,38.4812,-61.5936,469.6
NORAD-68776,8.8983,-66.2687,474.2
NORAD-68777,-20.7981,-70.1892,477.6
NORAD-68778,23.8296,-64.1850,471.8
NORAD-68779,-6.2143,-68.2088,476.4
NORAD-68780,-35.7007,-72.6703,478.3
NORAD-68781,-50.4074,-76.2912,479.2
NORAD-68782,-64.9725,-83.2865,479.2
NORAD-68783,-80.6711,163.7542,481.0
NORAD-68784,-78.4029,-105.9310,479.7
NORAD-68785,-23.9211,115.9051,478.6
NORAD-68786,-53.4446,122.5684,480.3
NORAD-68787,-9.0476,113.8255,476.8
NORAD-68788,-38.7274,118.5318,479.7
NORAD-68789,-67.7021,130.8041,480.9
NORAD-68790,12.6162,111.7930,473.0
NORAD-68791,50.6795,-139.3014,20128.0
NORAD-68792,31.9816,49.6054,550.7
NORAD-68793,-28.2830,40.8326,568.3
NORAD-68794,-78.0887,6.2229,567.1
NORAD-68795,-27.9955,41.0434,562.6
NORAD-68796,-9.3730,43.7954,562.4
NORAD-68797,-45.1829,37.4293,564.5
NORAD-68798,-74.5744,-106.3523,558.6
NORAD-68799,-69.6646,-114.0784,557.2
NORAD-68802,53.8897,112.9286,466.8
NORAD-68803,39.1056,108.8018,468.8
NORAD-68804,24.2902,106.1488,471.6
NORAD-68805,-5.5149,102.1452,476.4
NORAD-68806,9.5316,104.0780,474.1
NORAD-68807,-20.3582,100.1361,478.4
NORAD-68808,-35.1863,97.6898,479.4
NORAD-68809,-49.9909,94.1042,481.1
NORAD-68810,-64.4423,87.3649,480.6
NORAD-68811,-80.9334,-23.8300,481.1
NORAD-68812,-77.9852,65.9308,480.8
NORAD-68813,-68.4473,-58.1989,480.8
NORAD-68814,-54.0457,-66.9396,480.4
NORAD-68815,-24.2443,-73.7772,478.2
NORAD-68816,-39.4893,-71.0375,481.1
NORAD-68817,-9.5732,-75.8405,476.5
NORAD-68818,5.2808,-77.7463,474.3
NORAD-68819,20.1667,-79.7564,471.5
NORAD-68820,64.3516,-92.4989,465.4
NORAD-68821,35.0077,-82.1998,469.8
NORAD-68822,49.9060,-85.7869,466.4
NORAD-68823,77.9701,-113.9297,464.1
NORAD-68824,80.9420,156.3406,464.3
NORAD-68825,68.4948,121.9251,465.1
NORAD-68826,-9.7279,172.3099,327.8
NORAD-68827,59.6773,-175.2097,327.4
NORAD-68828,27.5673,176.7946,333.4
NORAD-68829,-68.5604,156.0741,335.6
NORAD-68830,-45.0863,-153.2795,524.8
NORAD-68831,-43.6160,165.3101,528.2
NORAD-68832,-47.0668,158.3447,528.6
NORAD-68833,-49.8375,151.0888,529.0
NORAD-68834,-38.3071,173.5628,531.2
NORAD-68835,32.6718,16.5341,545.9
NORAD-68836,1.7607,-145.4945,526.0
NORAD-68837,-44.8832,-11.2273,426.9
NORAD-68839,70.9324,-68.0719,464.9
NORAD-68840,56.4693,-78.6529,466.7
NORAD-68841,41.8925,-83.1892,468.6
NORAD-68842,26.9805,-86.0411,471.4
NORAD-68843,-15.4535,-89.1852,356.0
NORAD-68844,12.2026,-88.1791,473.7
NORAD-68845,-17.3959,-92.0485,477.8
NORAD-68846,-2.6872,-90.1030,475.9
NORAD-68847,-32.3979,-94.4015,479.3
NORAD-68848,-47.1645,-97.6665,480.3
NORAD-68849,-61.7439,-103.4986,480.8
NORAD-68850,-82.2860,161.0330,481.1
NORAD-68851,-75.6571,-119.7350,480.8
NORAD-68852,-56.7969,101.5625,480.6
NORAD-68853,-71.0314,112.1324,480.9
NORAD-68854,-42.1249,96.9393,480.2
NORAD-68855,-27.3393,94.0947,479.1
NORAD-68856,-12.4208,91.9258,477.4
NORAD-68857,2.3969,90.0108,474.9
NORAD-68858,17.3161,88.0381,472.6
NORAD-68859,32.0954,85.7289,470.3
NORAD-68860,61.9155,76.4754,465.8
NORAD-68861,82.2599,-19.4120,464.5
NORAD-68862,47.0325,82.4441,467.9
NORAD-68863,75.6292,60.3998,464.5
NORAD-68864,43.1535,-153.7570,642.0
NORAD-68865,9.6292,69.4444,536.1
NORAD-68866,-51.8607,-25.0902,642.0
NORAD-68867,50.1199,-179.5389,628.1
NORAD-68868,10.0074,-125.0047,564.0
NORAD-68869,-27.6522,53.5676,640.4
NORAD-68870,18.8846,-134.8554,460.5
NORAD-68871,15.3259,78.2885,625.5
NORAD-68872,27.0594,85.3162,460.0
NORAD-68873,-28.0257,-94.6735,464.8
NORAD-68874,38.8804,-157.8089,467.3
NORAD-68875,-34.8926,27.9357,489.6
NORAD-68876,-1.7882,-117.9290,478.1
NORAD-68877,-51.7215,-18.9204,622.3
NORAD-68878,40.8465,120.0217,642.7
NORAD-68879,7.2558,68.0771,524.5
NORAD-68880,47.3518,-176.9797,464.5
NORAD-68881,-45.9767,-63.7279,508.1
NORAD-68882,36.0683,-139.5149,632.7
NORAD-68883,-41.6716,-75.0899,465.3
NORAD-68884,-44.4998,22.3802,641.5
NORAD-68885,15.3991,-112.1393,635.3
NORAD-68886,-50.1940,0.0295,641.4
NORAD-68887,-39.6486,21.2658,555.3
NORAD-68888,-1.4630,-118.1816,463.6
NORAD-68889,44.2295,-156.9570,630.2
NORAD-68890,2.7897,-118.7600,591.6
NORAD-68891,-51.8650,-29.0693,494.2
NORAD-68892,51.7800,149.5221,588.1
NORAD-68893,-0.1127,155.0223,35622.7
NORAD-68894,-0.9351,13.0920,23130.5
NORAD-68895,-66.7523,73.8882,480.6
NORAD-68896,66.6357,-105.9312,465.3
NORAD-68897,21.8629,94.2737,471.9
NORAD-68898,-22.0479,-85.7748,478.3
NORAD-68899,-66.1526,-71.9387,480.6
NORAD-68900,22.4797,-91.7618,472.1
NORAD-68901,-22.7920,88.2694,478.4
NORAD-68902,66.0665,108.0649,465.2
NORAD-68903,-7.2386,-87.8078,476.7
NORAD-68904,51.4226,100.5490,466.9
NORAD-68905,37.4254,-94.3359,469.1
NORAD-68906,-79.8082,45.8627,480.6
NORAD-68907,-79.3524,-45.8892,480.8
NORAD-68908,-51.6813,-79.4394,480.2
NORAD-68909,-36.9339,-83.2305,479.6
NORAD-68910,7.6017,-89.7096,474.6
NORAD-68911,79.7664,-133.8262,464.2
NORAD-68912,36.6576,96.7899,469.5
NORAD-68913,51.9892,-98.1334,466.8
NORAD-68914,79.3183,134.0105,464.2
NORAD-68915,-37.6439,85.6960,480.0
NORAD-68916,6.5196,92.1802,473.3
NORAD-68917,-7.9335,90.3228,476.9
NORAD-68918,-52.2855,81.8392,480.2
NORAD-68919,-50.1153,178.5796,490.1
NORAD-68920,29.8349,40.6462,477.0
NORAD-68921,31.2119,37.5389,460.2
NORAD-68922,-51.7068,165.3182,544.5
NORAD-68923,39.1687,-71.9379,525.4
NORAD-68924,-33.2679,99.7254,486.2
NORAD-68925,-44.4448,-163.2833,487.7
NORAD-68926,-46.7606,125.2566,488.2
NORAD-68927,-42.7633,-160.9156,463.4
NORAD-68928,-43.9143,118.4769,502.7
NORAD-68929,-2.9508,-106.8694,638.5
NORAD-68930,44.4875,17.0145,474.3
NORAD-68931,-12.9666,-124.8714,463.1
NORAD-68932,46.0440,11.4919,459.5
NORAD-68933,-51.7276,151.5867,485.0
NORAD-68934,-19.3293,84.7303,485.9
NORAD-68935,-27.4904,92.8614,489.2
NORAD-68936,-6.3689,74.5381,536.8
NORAD-68937,-21.7654,86.2833,481.2
NORAD-68938,-25.1737,-134.6134,490.8
NORAD-68939,51.5312,-31.1864,481.9
NORAD-68940,15.0615,-100.8630,480.9
NORAD-68941,-51.4258,147.1160,478.6
NORAD-68942,45.2339,-60.7947,473.5
NORAD-68943,-13.0611,77.0956,469.1
NORAD-68944,6.4009,61.5707,470.2
NORAD-68945,5.1017,65.4633,537.5
NORAD-68946,39.2241,26.1162,459.2
NORAD-68947,-42.8959,-161.2257,464.3
NORAD-68948,-51.7155,154.0406,549.1
NORAD-68949,-5.1060,73.5998,529.8
NORAD-68950,4.7030,62.1994,462.5
NORAD-68951,-49.3961,-78.5598,475.0
NORAD-68952,-43.8588,-63.6603,474.8
NORAD-68953,-36.7468,-51.6315,474.4
NORAD-68954,-19.9145,-33.4026,473.1
NORAD-68955,-28.6611,-41.8260,474.0
NORAD-68956,-10.8139,-25.9140,471.9
NORAD-68957,-1.5816,-18.8738,470.8
NORAD-68958,7.7704,-11.8560,469.0
NORAD-68959,16.8868,-4.5805,467.9
NORAD-68960,25.8349,3.5286,466.3
NORAD-68961,34.1675,12.8076,464.8
NORAD-68962,41.7420,24.1651,463.7
NORAD-68963,47.8437,38.0537,463.1
NORAD-68964,51.9983,55.7763,461.9
NORAD-68965,53.1206,74.2190,461.2
NORAD-68966,51.2870,92.7899,461.6
NORAD-68967,-31.7017,-170.5764,476.5
NORAD-68968,40.3601,122.4538,464.4
NORAD-68969,-37.1105,-163.6195,477.0
NORAD-68970,23.9986,142.4936,466.7
NORAD-68971,15.0013,150.3874,467.8
NORAD-68972,5.8041,157.5861,469.8
NORAD-68973,-52.5532,-96.4522,475.4
NORAD-68974,-3.4636,164.5318,471.2
NORAD-68975,-12.7173,171.6394,472.3
NORAD-68976,-21.6292,179.1695,472.7
NORAD-68977,-30.3800,-172.0857,474.1
NORAD-68978,-38.3513,-161.7905,474.4
NORAD-68979,-45.0480,-149.5144,475.3
NORAD-68980,-12.7056,151.3086,608.5
NORAD-68981,-53.3742,-16.3534,612.7
NORAD-68982,-22.2797,-23.7008,608.9
NORAD-68983,9.8020,-28.1929,601.7
NORAD-68984,-32.4615,-21.9338,610.1
NORAD-68985,82.2040,-123.6983,589.5
NORAD-68986,69.0745,174.0023,590.6
NORAD-68987,74.2399,-178.0567,590.2
NORAD-68988,-45.0607,145.2395,612.4
NORAD-68989,-76.0002,120.0601,614.9
NORAD-68990,-74.5458,2.4964,613.9
NORAD-68991,43.4782,160.4438,600.2
NORAD-68992,23.5117,-30.2401,598.6
NORAD-68993,21.9417,-29.9901,596.5
NORAD-68994,-72.4459,127.7901,604.7
NORAD-68995,82.1115,-105.6366,589.3
NORAD-68996,-11.1357,-25.3380,606.2
NORAD-68997,80.0283,-77.4575,589.7
NORAD-68998,48.7969,162.1353,595.7
NORAD-68999,13.8311,155.0992,598.4
NORAD-69000,-12.7575,151.4312,602.3
NORAD-69001,-28.3714,149.0348,603.6
NORAD-69002,-74.1166,1.7800,603.8
NORAD-69003,-50.8338,143.4636,617.8
NORAD-69004,74.9090,-177.6341,506.3
NORAD-69005,46.2986,161.3531,510.3
NORAD-69006,74.0575,-179.3857,505.9
NORAD-69007,25.2630,-29.8688,501.9
NORAD-69008,-81.2789,35.4490,615.7
NORAD-69009,60.0050,-39.5055,506.5
NORAD-69010,11.0857,155.0137,516.3
NORAD-69011,-16.0752,151.4282,518.5
NORAD-69012,-30.1647,149.2331,521.5
NORAD-69013,-12.6195,151.9109,520.6
NORAD-69014,-45.2302,-18.8238,514.1
NORAD-69015,38.3422,-32.2853,499.7
NORAD-69016,3.7747,-26.8633,505.6
NORAD-69017,8.9248,-27.5492,509.9
NORAD-69018,-33.7142,-21.4084,512.2
NORAD-69019,-27.0934,149.7174,517.3
NORAD-69020,19.4767,-29.1412,512.7
NORAD-69021,45.5407,-34.1220,508.6
NORAD-69022,36.8364,-32.1023,509.8
NORAD-69023,82.2739,-99.9288,504.4
NORAD-69024,71.5650,-49.4231,505.4
NORAD-69025,6.0737,111.3540,474.9
NORAD-69026,-6.3010,-68.5428,476.6
NORAD-69027,-80.4603,61.0424,480.9
NORAD-69028,80.4042,-118.4865,464.2
NORAD-69029,-38.6310,104.7271,479.7
NORAD-69030,-50.7257,-60.3674,480.3
NORAD-69031,38.3164,-75.1339,468.9
NORAD-69032,50.6587,119.6805,467.0
NORAD-69033,-78.5560,-30.1943,481.1
NORAD-69034,-53.3187,100.7113,480.5
NORAD-69035,78.5617,149.9206,463.6
NORAD-69036,8.5976,-70.4540,474.1
NORAD-69037,53.1126,-79.1376,466.4
NORAD-69038,20.9304,113.5215,472.2
NORAD-69039,-23.8454,107.3476,479.1
NORAD-69040,-8.5297,109.4792,476.8
NORAD-69041,-67.7128,92.4227,480.8
NORAD-69042,-35.9880,-64.0330,479.9
NORAD-69043,-65.2374,-53.2761,480.7
NORAD-69044,-21.1762,-66.5173,478.5
NORAD-69045,23.5344,-72.5296,471.6
NORAD-69046,65.0933,126.6936,464.9
NORAD-69047,35.7950,116.0078,469.5
NORAD-69048,67.5439,-87.3479,465.3
NORAD-69049,-11.3760,107.9653,396.3
NORAD-69073,-8.7539,52.5783,1009.2
NORAD-69074,11.5072,-127.3432,1013.1
NORAD-69075,-88.9761,150.6414,1011.2
NORAD-69076,20.5216,52.0637,1014.3
NORAD-69077,60.2327,50.6511,1002.4
NORAD-69078,-23.0390,52.8897,1034.0
NORAD-69079,-37.9548,-128.3567,1006.2
NORAD-69080,64.8730,-125.3919,1001.9
NORAD-69081,-48.0225,53.5649,1022.1
NORAD-69082,-34.5834,53.1368,1034.8
NORAD-69083,67.1680,-125.2391,950.3
NORAD-69084,-53.5516,53.8093,1044.7
NORAD-69085,86.7346,34.3659,1001.1
NORAD-69086,44.9467,51.4138,1005.7
NORAD-69087,-35.0112,-128.2948,999.4
NORAD-69088,68.0290,49.8953,979.0
NORAD-69089,45.9973,51.3579,993.3
NORAD-69090,49.0147,-126.4236,996.3
NORAD-69091,26.5382,51.6082,754.9
NORAD-69095,4.7966,-95.4365,374.9
NORAD-69097,63.1717,142.6967,525.9
NORAD-69098,-59.5106,-35.2160,558.9
NORAD-69099,69.9711,136.6052,524.4
NORAD-69100,79.9008,110.0433,522.8
NORAD-69101,52.1203,-12.4084,521.3
NORAD-69102,81.1101,38.3436,425.4
NORAD-69103,-44.2739,-12.7857,426.5
NORAD-69104,-10.1132,93.2455,996.2
NORAD-69105,43.9923,-86.0360,907.6
NORAD-69106,35.5720,-86.2316,963.1
NORAD-69107,6.0752,-86.8356,978.1
NORAD-69108,-86.6482,110.2474,1012.3
NORAD-69109,-80.0950,-92.6339,990.8
NORAD-69110,23.4123,92.6248,984.6
NORAD-69111,-65.3045,-89.1080,996.1
NORAD-69112,-16.2082,93.3377,999.6
NORAD-69113,-64.9555,95.1711,1010.8
NORAD-69114,-68.8876,-89.5178,967.4
NORAD-69115,4.8704,92.9544,979.1
NORAD-69116,-74.6820,96.6344,966.7
NORAD-69117,38.2035,-86.1967,944.9
NORAD-69118,-61.7292,-88.8202,985.3
NORAD-69119,-76.9248,97.3033,1001.4
NORAD-69120,-35.7811,93.7306,967.0
NORAD-69121,40.1906,92.1810,957.2
NORAD-69122,-49.2852,93.9596,782.9
NORAD-69123,44.1288,-115.0354,7144.7
NORAD-69124,43.8380,-94.7744,467.2
NORAD-69125,73.7128,118.1216,464.1
NORAD-69126,58.8344,-100.0664,466.0
NORAD-69127,73.1506,-112.8369,464.3
NORAD-69128,82.7023,-175.2893,464.4
NORAD-69129,59.4786,104.6965,466.1
NORAD-69130,44.7245,99.4560,468.2
NORAD-69131,29.8625,96.3958,470.5
NORAD-69132,15.2900,94.1900,472.7
NORAD-69133,0.1190,92.2104,475.5
NORAD-69134,-14.5671,90.2975,477.6
NORAD-69135,-29.6482,88.0341,479.1
NORAD-69136,-44.3136,85.0376,479.9
NORAD-69137,-58.9494,79.9493,480.2
NORAD-69138,-73.0991,67.3217,481.0
NORAD-69139,-82.7038,4.6013,480.6
NORAD-69140,-73.6809,-61.8518,480.7
NORAD-69141,-59.6167,-75.1521,480.4
NORAD-69142,-44.9554,-80.4095,479.9
NORAD-69143,-30.4412,-83.4295,479.5
NORAD-69144,-15.4140,-85.7145,477.8
NORAD-69145,-0.6728,-87.6451,475.8
NORAD-69146,14.4014,-89.6030,473.4
NORAD-69147,29.3235,-91.8390,470.6
NORAD-69148,34.6359,2.9203,465.1
NORAD-69149,29.1364,-2.8231,463.0
NORAD-69150,48.3739,94.8002,422.4
NORAD-69151,51.9870,45.9346,461.5
NORAD-69152,53.1126,64.9544,461.6
NORAD-69153,17.5429,-13.7762,431.5
NORAD-69154,-53.1186,-115.0763,431.5
NORAD-69155,46.5207,100.0607,462.7
NORAD-69156,32.3120,123.9508,465.0
NORAD-69157,23.7391,132.9798,467.3
NORAD-69158,14.9305,140.6755,468.4
NORAD-69159,23.6539,-8.3303,422.6
NORAD-69160,-2.6055,154.1172,473.5
NORAD-69161,-13.0215,162.1226,472.0
NORAD-69162,-21.9772,169.7332,473.1
NORAD-69163,-30.4761,178.2745,474.2
NORAD-69164,-38.5979,-171.1647,473.4
NORAD-69165,-34.7261,-176.6014,471.3
NORAD-69166,-42.7123,-164.1423,471.9
NORAD-69167,-52.9515,-124.6810,475.4
NORAD-69168,-46.0785,-78.4384,431.1
NORAD-69169,-52.7932,-108.9543,472.3
NORAD-69170,-40.7827,-68.3765,471.5
NORAD-69171,-0.8208,-28.8001,471.2
NORAD-69172,-24.1158,-47.7270,474.0
NORAD-69173,-15.0512,-39.0333,428.6
NORAD-69174,-41.8619,-70.2741,472.1
NORAD-69175,18.9798,-12.5461,423.7
NORAD-69176,-10.1351,-35.8627,471.7
NORAD-69177,-38.1290,-123.5979,576.7
NORAD-69178,-6.0868,-1.9992,582.0
NORAD-69180,-11.3760,107.9653,396.3
NORAD-69182,-33.9858,-9.9186,474.5
NORAD-69183,-27.1759,-2.2143,466.3
NORAD-69184,-40.9502,-118.8077,430.8
NORAD-69185,-29.8701,-133.8555,429.7
NORAD-69186,-50.7867,-92.6811,430.6
NORAD-69187,-47.4847,-104.5601,430.9
NORAD-69188,-5.9940,15.8519,467.3
NORAD-69189,-22.6434,-141.1260,429.7
NORAD-69190,23.9592,39.7455,464.0
NORAD-69191,15.5976,32.3830,465.4
NORAD-69192,49.5922,81.9198,462.2
NORAD-69193,26.6253,42.3543,451.6
NORAD-69194,52.4853,97.7341,453.0
NORAD-69195,52.1118,94.6459,441.0
NORAD-69196,53.1163,112.5915,458.8
NORAD-69197,37.8461,164.4536,460.9
NORAD-69198,29.7743,174.6584,462.8
NORAD-69199,10.8824,-167.5452,424.9
NORAD-69200,8.7331,-165.8761,424.8
NORAD-69201,-50.4486,-94.2348,427.6
NORAD-69202,-29.3582,-135.1570,476.1
NORAD-69203,0.5414,-160.4247,426.4
NORAD-69204,-48.4759,-101.5751,435.3
NORAD-69205,-26.3082,-138.3300,467.2
NORAD-69206,-45.8903,-109.4918,477.3
NORAD-69207,-5.7630,-155.6943,426.8
NORAD-69208,9.5064,-167.2048,425.1
NORAD-69209,-51.3605,-90.4934,472.4
NORAD-69210,-51.6690,-51.7148,475.0
NORAD-69211,71.5846,70.6772,418.4
NORAD-69212,-34.7147,-91.9067,479.3
NORAD-69213,-19.8832,-89.4790,478.1
NORAD-69214,-63.1621,-101.4590,486.0
NORAD-69215,37.7777,-81.1696,423.0
NORAD-69216,-81.2278,149.1918,480.9
NORAD-69217,-68.8941,112.5615,480.8
NORAD-69218,-54.5112,103.5532,480.4
NORAD-69219,-24.9772,96.6458,478.7
NORAD-69220,-39.8483,99.3538,480.1
NORAD-69221,-10.1173,94.5452,476.9
NORAD-69222,4.7171,92.6383,475.2
NORAD-69223,19.6969,90.6225,472.3
NORAD-69224,34.5613,88.1994,470.0
NORAD-69225,49.4502,84.6616,468.1
NORAD-69226,63.9394,78.1064,465.7
NORAD-69227,81.1217,-31.7568,464.3
NORAD-69228,68.9242,-67.3302,464.6
NORAD-69229,77.5011,58.0301,464.4
NORAD-69230,54.4476,-76.3975,466.4
NORAD-69231,25.4468,-83.2092,465.5
NORAD-69232,9.8724,-85.4113,474.0
NORAD-69233,27.9632,-82.8039,459.4
NORAD-69234,77.5347,58.5156,418.3
NORAD-69235,0.0475,90.2765,35793.2
NORAD-69236,-18.1310,-41.6824,4005.3
NORAD-69237,2.2471,116.6882,387.6
NORAD-69238,51.6078,131.3995,433.9
NORAD-69239,-20.3125,-103.8681,429.4
NORAD-69240,-29.3780,-95.0389,436.3
NORAD-69241,-23.1750,-101.2675,430.0
NORAD-69242,-11.3946,-111.2671,438.6
NORAD-69243,43.6938,-165.5565,427.6
NORAD-69244,22.3441,-137.8197,432.1
NORAD-69245,-31.3384,-92.8493,434.1
NORAD-69246,-3.6025,-117.2354,449.2
NORAD-69247,-30.5527,34.2441,430.1
NORAD-69248,-34.6273,-88.8470,446.4
NORAD-69249,33.8723,90.5589,421.1
NORAD-69250,45.0658,-168.5243,419.0
NORAD-69251,52.7960,141.2242,417.8
NORAD-69252,-26.3994,-97.4256,429.5
NORAD-69253,38.4395,96.1124,420.9
NORAD-69254,-27.1844,37.1209,446.8
NORAD-69255,-8.7489,53.0935,438.3
NORAD-69256,-11.2241,51.1672,447.6
NORAD-69257,-45.1926,10.8144,450.0
NORAD-69258,-23.4949,41.4543,428.7
NORAD-69259,-40.2700,21.0943,451.1
NORAD-69260,37.4801,96.1379,420.1
NORAD-69261,-50.1755,-55.3316,430.9
NORAD-69262,21.5077,77.5439,446.6
NORAD-69263,-40.1694,21.2633,431.1
NORAD-69264,37.9620,96.1132,458.2
NORAD-69265,-10.8684,-111.7031,467.7
NORAD-69266,-46.6207,7.3178,466.3
NORAD-69267,-47.5222,173.1522,470.1
NORAD-69268,-26.8108,-151.1973,472.8
NORAD-69269,4.7428,-124.1357,474.3
NORAD-69270,26.4614,-105.6341,456.4
NORAD-69271,-51.7936,145.6986,490.3
NORAD-69272,-32.7593,82.0553,464.4
NORAD-69273,47.1648,-70.1108,486.3
NORAD-69274,-48.9075,168.7259,522.6
NORAD-69275,-4.2908,55.1423,460.7
NORAD-69276,-18.9490,-144.1771,461.7
NORAD-69277,-1.3965,-129.6675,461.2
NORAD-69278,-5.2261,-132.6825,460.5
NORAD-69279,38.6274,-89.8058,455.1
NORAD-69280,28.2938,-103.6358,457.8
NORAD-69281,2.4851,-125.2425,531.7
NORAD-69282,-41.1041,94.9348,460.8
NORAD-69283,-51.7737,137.3555,462.3
NORAD-69284,-11.2510,60.7404,459.4
NORAD-69285,-40.6467,-170.8667,463.5
NORAD-69286,7.1140,-122.9695,458.4
NORAD-69287,-45.0397,179.6734,462.8
NORAD-69288,34.6846,18.9583,481.4
NORAD-69289,-33.9551,-160.4173,463.5
NORAD-69290,-50.8652,156.6973,462.5
NORAD-69291,28.2536,-102.9641,471.5
NORAD-69292,15.8215,-115.7570,456.7
NORAD-69293,-42.0959,-172.9612,476.3
NORAD-69294,18.2544,-113.6097,459.7
NORAD-69295,18.5653,-113.3277,456.5
NORAD-69296,-29.6519,106.0048,478.7
NORAD-69297,-50.9441,111.0460,466.1
NORAD-69298,-0.0674,101.8492,475.7
NORAD-69299,-21.6510,104.7415,467.7
NORAD-69300,14.8600,99.9050,473.1
NORAD-69301,-45.8672,109.3946,439.2
NORAD-69302,-47.4354,109.8221,433.3
NORAD-69303,59.3876,89.3799,467.6
NORAD-69304,-53.2996,111.6958,433.9
NORAD-69305,82.7103,11.3473,463.8
NORAD-69306,73.0152,-53.3581,463.7
NORAD-69307,58.8400,-65.8960,466.0
NORAD-69308,-34.5044,106.8671,432.7
NORAD-69309,29.5589,-73.9359,470.6
NORAD-69310,14.7966,-76.1540,473.2
NORAD-69311,-9.1684,103.0152,429.6
NORAD-69312,-15.0258,-80.0441,477.8
NORAD-69313,-30.0259,-82.3098,478.9
NORAD-69314,-44.7182,-85.3423,480.5
NORAD-69315,-72.1148,-101.3975,470.4
NORAD-69316,-73.4594,-103.5654,480.7
NORAD-69317,-82.7081,-169.3289,481.0
NORAD-69318,-73.2211,127.0711,480.1
NORAD-69319,-69.1031,-97.6312,470.3
NORAD-69320,-52.7602,144.0023,459.6
NORAD-69321,-50.9295,151.5079,459.4
NORAD-69322,-6.7330,-153.6892,448.7
NORAD-69323,-54.6524,130.0908,468.8
NORAD-69324,-51.1493,14.8017,396.0
NORAD-69325,-60.8426,-170.3111,1064.7
NORAD-69326,-39.2434,12.2638,1052.9
NORAD-69327,-12.4272,11.4849,971.8
NORAD-69328,-41.4551,30.5731,393.0
NORAD-69329,35.3384,-69.1019,469.9
NORAD-69330,20.4389,-71.5651,472.6
NORAD-69331,35.0436,-69.1547,445.7
NORAD-69332,-9.2845,-75.4830,477.3
NORAD-69333,1.3266,-74.1195,464.8
NORAD-69334,-39.0054,-80.2168,479.7
NORAD-69335,28.4400,-70.3289,424.9
NORAD-69336,-67.4526,-92.2035,470.3
NORAD-69337,-80.8298,-126.6767,479.2
NORAD-69338,39.2359,-68.3108,423.2
NORAD-69339,-48.9592,114.2141,432.8
NORAD-69340,58.8865,93.5839,411.0
NORAD-69341,45.1404,-66.9232,421.3
NORAD-69342,-20.6639,108.5487,477.9
NORAD-69343,-6.4059,106.6100,480.3
NORAD-69344,-16.1779,107.9085,433.2
NORAD-69345,23.8843,102.5543,471.3
NORAD-69346,14.3585,103.9191,459.5
NORAD-69347,22.4630,-71.2667,425.4
NORAD-69348,12.4270,104.1845,460.5
NORAD-69349,43.7093,98.7802,445.3
NORAD-69350,30.7745,-69.7815,423.9
NORAD-69351,-74.2791,132.7741,432.9
NORAD-69352,-31.6038,110.2905,431.8
NORAD-69353,-52.2831,-18.3954,337.0
NORAD-69354,-53.1304,-33.7451,338.7
NORAD-69355,-52.8894,-24.8891,338.3
NORAD-69356,51.0863,169.5685,341.9
NORAD-69357,-41.1161,16.5029,332.7
NORAD-69358,-37.4049,23.1304,354.4
NORAD-69359,-19.8003,42.4004,353.5
NORAD-69360,-5.0277,53.5036,335.0
NORAD-69361,50.8339,170.8196,343.4
NORAD-69362,50.9310,124.5856,325.9
NORAD-69363,20.9751,74.6609,346.6
NORAD-69364,-37.4605,22.3038,354.1
NORAD-69365,23.1304,-141.7186,331.4
NORAD-69366,36.0967,-156.1445,325.5
NORAD-69367,-23.2595,-103.6211,352.4
NORAD-69368,0.5106,-123.4815,330.0
NORAD-69369,39.8004,95.8195,342.8
NORAD-69370,-50.9349,-10.0492,354.5
NORAD-69371,-0.1785,57.1371,351.3
NORAD-69372,51.6289,128.3549,343.6
NORAD-69373,-0.6169,-122.6393,335.6
NORAD-69374,-4.0017,-120.1048,336.3
NORAD-69375,-10.3866,-115.2302,333.6
NORAD-69376,20.9980,73.9400,349.2
NORAD-69377,-41.4181,-81.7988,340.3
NORAD-69378,-50.2528,-6.9468,354.4
NORAD-69379,37.6850,-158.3936,344.2
NORAD-69380,-38.0406,-87.2864,337.1
NORAD-69381,-49.8335,-60.5850,338.7
NORAD-69382,-6.9876,-107.3296,850.7
NORAD-69383,73.5274,-103.8200,833.5
NORAD-69384,43.1370,-106.2705,840.7
NORAD-69385,43.3771,71.8388,833.5
NORAD-69386,8.4129,72.6356,838.1
NORAD-69387,-54.2305,74.1718,844.1
NORAD-69388,-62.1514,-109.1199,842.0
NORAD-69389,-88.1408,105.3821,843.4
NORAD-69390,-31.1941,-107.8310,839.3
NORAD-69391,4.5342,-107.1466,833.4
NORAD-69392,31.6735,-106.6092,826.9
NORAD-69393,67.4306,-104.8176,818.8
NORAD-69394,54.1718,71.3794,814.8
NORAD-69395,82.5804,65.0502,814.7
NORAD-69396,26.7575,72.2606,818.5
NORAD-69397,-3.8863,72.8327,821.9
NORAD-69398,39.1771,-106.3926,839.9
NORAD-69399,-20.9770,73.1666,841.8
NORAD-69400,-31.5356,73.2454,779.7
NORAD-69401,-45.1870,170.1882,862.6
NORAD-69402,4.7564,171.2815,850.9
NORAD-69403,-36.3428,170.4603,863.9
NORAD-69404,57.4166,172.7680,831.1
NORAD-69405,64.0742,-10.8762,820.2
NORAD-69406,-8.1180,-8.6687,832.5
NORAD-69407,25.8504,-9.2970,826.0
NORAD-69408,-4.9488,-8.7245,832.5
NORAD-69409,-68.0922,-6.3149,845.6
NORAD-69410,-80.0882,165.4222,849.0
NORAD-69411,-42.1850,170.2704,847.6
NORAD-69412,-12.8651,170.9503,841.4
NORAD-69413,14.2809,171.4343,832.4
NORAD-69414,47.0075,172.2550,818.9
NORAD-69415,73.5607,174.5840,809.5
NORAD-69416,38.1651,171.9673,822.2
NORAD-69417,54.4999,-10.2367,802.6
NORAD-69418,-40.2234,-7.9634,841.4
NORAD-69419,22.4523,-9.3193,794.6
NORAD-69420,-23.1517,113.5994,355.9
NORAD-69421,-80.6710,65.6290,356.1
NORAD-69422,-4.4485,116.1553,353.1
NORAD-69423,78.0219,153.9184,343.0
NORAD-69424,8.2704,-64.2593,352.2
NORAD-69425,63.4884,131.7083,344.3
NORAD-69426,82.3043,-134.3347,342.7
NORAD-69427,-27.4417,-59.4020,356.9
NORAD-69428,-73.4159,-37.7956,357.6
NORAD-69429,-11.4766,-61.7149,354.8
NORAD-69430,51.7970,126.2111,345.8
NORAD-69431,55.3030,-73.8189,344.9
NORAD-69432,74.3008,-90.2320,342.7
NORAD-69433,18.2804,119.2939,351.3
NORAD-69434,-59.5738,104.1707,357.6
NORAD-69435,-39.0973,-57.2480,357.2
NORAD-69436,-50.0539,-54.4353,356.5
NORAD-69437,-6.7570,116.0135,340.9
NORAD-69438,30.1180,121.1214,349.5
NORAD-69439,-36.2280,111.3643,355.9
NORAD-69440,31.4078,-67.6624,348.6
NORAD-69443,-51.7221,6.8650,356.2
NORAD-69444,-40.0234,39.6224,354.6
NORAD-69445,19.4906,93.8760,348.1
NORAD-69446,-39.5112,40.4534,354.2
NORAD-69447,51.5978,-172.7360,342.9
NORAD-69448,-2.4185,76.7281,350.9
NORAD-69449,-23.0723,59.9725,354.1
NORAD-69450,-20.3769,62.4169,352.2
NORAD-69451,37.8266,114.0370,345.3
NORAD-69452,39.4669,-139.8459,344.7
NORAD-69453,50.4269,143.5098,341.8
NORAD-69454,22.6757,-120.0303,348.3
NORAD-69455,36.8929,112.6865,343.4
NORAD-69456,-24.3959,57.9761,338.6
NORAD-69457,40.4209,-141.4096,344.0
NORAD-69458,0.7492,-102.3956,350.6
NORAD-69459,50.8227,145.3224,343.0
NORAD-69460,20.9774,-118.4860,347.3
NORAD-69461,2.3911,-103.6244,351.3
NORAD-69462,-19.4674,-86.5173,354.2
NORAD-69463,-36.9774,-67.5632,354.4
NORAD-69464,-18.1056,-87.6936,353.1
NORAD-69465,-38.1227,-65.8958,355.1
NORAD-69466,17.9460,91.7992,349.3
NORAD-69467,-50.2754,-37.5179,356.5
NORAD-69468,51.7993,-174.7423,344.2
NORAD-69469,-51.1362,-33.4912,355.2
NORAD-69470,-51.8657,5.1870,355.4
NORAD-69471,19.5095,-117.9326,332.0
NORAD-69472,1.1791,127.4739,399.0
NORAD-69473,31.3141,151.8215,396.2
NORAD-69474,-5.8357,120.1618,35785.8
NORAD-69478,67.3250,79.3465,323.4
NORAD-69479,36.7604,91.6766,330.8
NORAD-69480,76.2030,65.7875,324.4
NORAD-69481,79.6003,52.9914,326.8
NORAD-69482,81.8229,34.2822,326.9
NORAD-69483,82.7063,9.2570,324.1
NORAD-69484,81.0945,-28.1326,325.7
NORAD-69485,78.8711,-42.2564,325.3
NORAD-69486,75.1911,-53.8780,324.9
NORAD-69487,71.6963,-60.0595,326.0
NORAD-69488,67.5935,-64.7358,326.6
NORAD-69489,63.5234,-67.9268,326.1
NORAD-69490,58.7100,-70.6548,327.5
NORAD-69491,74.3080,70.0910,327.4
NORAD-69492,50.8327,-73.7686,328.4
NORAD-69493,82.0486,-16.5083,325.5
NORAD-69494,82.1763,28.6090,327.2
NORAD-69495,38.9050,-76.8715,331.6
NORAD-69496,77.5495,-47.4088,326.5
NORAD-69497,33.7039,-77.9006,332.2
NORAD-69498,12.2235,-81.1969,335.4
NORAD-69499,15.8746,-80.7045,336.0
NORAD-69500,23.2445,-79.6392,331.4
NORAD-69501,22.0458,-79.8201,333.9
NORAD-69502,61.7189,124.9356,579.0
NORAD-69503,67.8447,120.1040,577.7
NORAD-69504,63.9602,-24.4684,572.5
NORAD-69505,39.3693,133.2369,562.9
NORAD-69506,-18.3651,-43.0345,570.1
NORAD-69507,-53.4736,150.0636,564.2
NORAD-69508,20.0013,-57.7975,389.1
NORAD-69509,17.6983,-55.8088,394.2
NORAD-69510,-30.0014,112.0458,337.8
NORAD-69511,-14.1820,126.7325,337.2
NORAD-69512,-19.7184,122.0809,336.5
NORAD-69513,6.6731,-47.0291,401.2
NORAD-69514,3.5017,140.2385,334.7
NORAD-69515,-52.8923,55.4504,392.7
NORAD-69516,23.2608,156.3585,330.9
NORAD-69517,-4.1636,-38.8983,409.0
NORAD-69518,38.1752,173.6320,326.9
NORAD-69519,-51.4054,67.8234,401.3
NORAD-69520,-47.6947,82.2858,395.1
NORAD-69521,45.6213,-92.6435,327.7
NORAD-69522,31.6497,165.0560,371.9
NORAD-69523,-53.1390,48.1051,410.7
NORAD-69524,42.5596,-178.9970,372.6
NORAD-69525,16.5911,-55.6213,352.4
NORAD-69526,14.9215,149.0985,389.7
NORAD-69527,-3.4138,-40.2020,342.2
NORAD-69528,53.0226,-137.8483,377.5
NORAD-69529,51.8196,-115.0402,376.6
NORAD-69530,45.8243,-172.0204,390.3
NORAD-69531,-32.7399,-14.0253,360.4
NORAD-69532,3.0396,-45.0331,381.6
NORAD-69533,-33.5961,-12.9781,376.5
NORAD-69534,-51.2954,26.4193,374.8
NORAD-69535,-51.2587,67.8849,379.1
NORAD-69536,-52.6036,59.0387,405.5
NORAD-69537,-48.7887,-1.5979,421.2
NORAD-69538,81.2724,84.3593,544.3
NORAD-69539,80.4547,19.7174,542.8
NORAD-69540,79.1677,11.1583,542.4
NORAD-69541,76.4301,0.2878,542.1
NORAD-69542,75.2818,-2.7944,541.9
NORAD-69543,72.7835,-7.9362,541.6
NORAD-69544,68.0044,-14.2332,541.1
NORAD-69545,64.1400,-17.6014,540.8
NORAD-69546,-82.3066,175.1193,339.1
NORAD-69547,-80.3430,152.6199,340.7
NORAD-69548,-77.1498,137.9948,340.5
NORAD-69549,-72.9431,128.5302,340.3
NORAD-69550,-65.7752,120.4128,340.3
NORAD-69551,-51.7693,113.2434,340.8
NORAD-69552,-41.3428,110.3700,341.4
NORAD-69553,-37.4014,109.5213,347.8
NORAD-69554,-34.2739,108.9115,335.2
NORAD-69555,-24.0350,107.1862,338.8
NORAD-69556,-22.3215,106.9253,337.7
NORAD-69557,-18.0184,106.3025,338.5
NORAD-69558,-10.6197,105.2958,335.9
NORAD-69559,2.3814,103.6226,336.5
NORAD-69560,4.0875,103.4044,334.2
NORAD-69561,12.4810,102.3093,331.9
NORAD-69562,16.0359,101.8263,332.5
NORAD-69563,54.3848,93.6633,329.2
NORAD-69564,56.8252,92.6676,328.2
NORAD-69565,60.7060,90.7764,326.3
NORAD-69566,80.1519,-28.5856,325.3
NORAD-69567,76.4040,72.0313,325.8
NORAD-69568,82.3398,-4.1029,324.7
NORAD-69569,70.7649,-54.5236,327.0
NORAD-69570,-9.7274,-117.9357,39794.7
NORAD-69571,-5.1599,-117.1078,35425.8
NORAD-69572,-49.7773,-10.0649,931.8
NORAD-69573,-48.9077,12.4920,932.3
NORAD-69574,-47.5702,20.0452,932.2
NORAD-69575,-45.7120,27.3549,932.8
NORAD-69576,-43.5977,33.7036,932.8
NORAD-69577,-41.3725,39.0807,933.2
NORAD-69578,-38.8125,44.2541,933.5
NORAD-69579,-2.9517,84.1701,927.2
NORAD-69580,0.1068,86.7353,928.6
NORAD-69581,-2.8298,82.2323,916.8
NORAD-69582,-54.9668,33.2066,847.3
NORAD-69583,-52.8701,50.0014,846.5
NORAD-69584,-51.1343,57.1509,846.0
NORAD-69585,-46.6075,69.4954,845.1
NORAD-69586,-44.5055,73.7517,844.9
NORAD-69587,-46.4418,69.8632,845.6
NORAD-69588,-40.8311,79.9472,845.0
NORAD-69589,-52.1374,9.4677,540.5
NORAD-69590,-52.8867,-0.0036,540.9
NORAD-69591,-52.4891,-15.2370,541.4
NORAD-69592,15.0822,-130.8614,465.4
NORAD-69593,-42.9103,84.0888,469.1
NORAD-69594,-11.3452,-152.0735,456.6
NORAD-69595,-46.4230,161.4779,461.0
NORAD-69596,-33.4883,68.5383,470.8
NORAD-69597,-5.7817,41.8718,475.8
NORAD-69598,-41.8834,172.3255,459.6
NORAD-69599,-50.4479,145.1663,461.7
NORAD-69600,-4.4701,-146.5504,461.1
NORAD-69601,-51.6624,134.0088,462.3
NORAD-69602,16.7311,-129.4298,465.3
NORAD-69603,-51.7069,121.1401,463.7
NORAD-69604,-48.2449,98.7788,444.6
NORAD-69605,-31.4708,-171.6834,459.0
NORAD-69606,33.9843,-111.1723,462.6
NORAD-69607,-17.9538,52.0243,475.4
NORAD-69608,-49.6772,149.4411,461.6
NORAD-69609,-47.9751,97.7977,466.5
NORAD-69610,-34.3068,-175.3336,459.3
NORAD-69611,-27.5775,-167.1786,460.8
NORAD-69612,-39.2708,77.1595,469.8
NORAD-69613,-38.9895,177.6010,460.1
NORAD-69614,27.9059,-118.5413,464.1
NORAD-69615,-6.3234,-148.0088,464.9
NORAD-69616,-51.1902,114.6522,464.3
NORAD-69617,-2.0830,38.9565,475.0
NORAD-69618,14.1495,-131.6582,465.1
NORAD-69619,-1.3416,-144.0890,464.7
NORAD-69620,7.8884,-136.8099,465.1
NORAD-69621,2.9165,-140.7535,466.3
NORAD-69622,-11.6128,-152.2904,464.5
NORAD-69623,-13.8655,-154.1781,459.3
NORAD-69624,-20.4562,-160.0090,459.7
NORAD-69625,-7.6821,-149.0966,460.4
NORAD-69626,10.4569,-134.7347,465.7
NORAD-69627,-24.7984,-164.2471,465.0
NORAD-69628,7.9682,-78.8816,297.6
NORAD-69629,5.3913,-60.3989,390.2
NORAD-69630,-5.0474,-51.6974,453.2
NORAD-69631,49.5348,-178.9777,353.9
NORAD-69634,-23.7070,-39.8444,370.9
NORAD-69635,32.4808,147.9450,182.5
NORAD-69636,-48.3386,65.4314,845.7
NORAD-69646,-29.7061,149.1761,518.8
NORAD-69648,-50.4871,42.7241,422.8
NORAD-69649,-14.2832,-62.2335,348.0
NORAD-69650,-48.7783,-68.7454,343.1
NORAD-69651,-59.3856,-72.8295,343.5
NORAD-69652,-32.1962,-64.9777,342.0
NORAD-69653,-55.1134,-70.9190,342.9
NORAD-69654,-36.2331,-65.7357,342.3
NORAD-69655,-81.1632,-115.6879,343.5
NORAD-69656,-61.9905,-74.2584,343.0
NORAD-69657,-63.7121,-75.3512,343.3
NORAD-69658,-82.7080,-152.1711,343.3
NORAD-69659,-43.2242,-67.2585,342.7
NORAD-69660,-53.4474,-70.2844,343.1
NORAD-69661,-75.1327,148.4699,343.6
NORAD-69662,-56.4163,-71.4550,343.1
NORAD-69663,-81.0461,173.9297,343.6
NORAD-69664,-60.8961,-73.6298,342.9
NORAD-69665,-78.4311,158.3358,343.0
NORAD-69666,-82.6107,-140.7713,343.6
NORAD-69667,-78.1201,-97.7789,343.4
NORAD-69668,-81.9660,-125.2995,343.5
NORAD-69669,-80.2181,167.5502,343.3
NORAD-69670,-2.6189,120.0387,338.7
NORAD-69671,-31.7116,124.2224,341.9
NORAD-69672,-53.9445,129.7979,343.0
NORAD-69673,40.9487,143.0458,582.9
NORAD-69674,1.0233,-143.5343,35634.0
NORAD-69675,7.6175,-124.4862,29462.9
NORAD-69676,-44.9142,147.3132,565.7
NORAD-69677,-81.4509,43.8965,345.5
NORAD-69678,-82.6614,5.5736,343.1
NORAD-69679,-81.2367,-21.7008,343.4
NORAD-69680,-80.8826,-24.9298,342.6
NORAD-69681,-79.7105,-32.9809,343.6
NORAD-69682,-78.5118,-38.7724,343.7
NORAD-69683,-72.4124,-53.9774,346.7
NORAD-69684,-70.9537,-56.0291,343.5
NORAD-69685,-68.2744,-59.0508,342.9
NORAD-69686,-42.5610,-71.0176,342.4
NORAD-69687,-36.4554,-72.3389,343.1
NORAD-69688,-30.1062,-73.5048,343.9
NORAD-69689,-26.3300,-74.1273,343.3
NORAD-69690,-17.6481,-75.4207,342.8
NORAD-69691,-8.8698,-76.6050,340.8
NORAD-69692,0.3562,-77.7910,338.3
NORAD-69693,-0.3136,-77.7052,338.4
NORAD-69694,1.0238,-77.8763,338.3
NORAD-69695,4.2575,-78.2894,337.5
NORAD-69696,5.3405,-78.4284,336.9
NORAD-69697,18.0436,-80.1280,333.5
NORAD-69698,24.9054,-81.1415,331.2
NORAD-69699,28.0158,-81.6383,330.3
NORAD-69700,42.4166,-84.4423,325.4
NORAD-69701,-40.8733,-130.0208,559.5
NORAD-69702,32.5250,17.6449,443.4
NORAD-69703,-41.9590,-115.6852,556.2
NORAD-69704,-26.8142,115.3259,298.9
NORAD-69705,-25.6503,115.1408,298.3
NORAD-69706,-24.4629,114.9561,297.7
NORAD-69707,-23.2510,114.7711,297.1
NORAD-69708,-22.0363,114.5889,296.5
NORAD-69709,-20.8588,114.4151,295.9
NORAD-69710,-19.6546,114.2405,295.3
NORAD-69711,-18.6918,114.1029,294.8
NORAD-69712,-17.5207,113.9371,294.2
NORAD-69713,-16.3245,113.7704,293.7
NORAD-69714,-15.2607,113.6240,293.1
NORAD-69715,-14.1543,113.4730,292.6
NORAD-69716,-13.1021,113.3309,292.1
NORAD-69717,-12.1058,113.1975,291.6
NORAD-69718,-10.9592,113.0448,291.0
NORAD-69719,-9.9159,112.9072,290.4
NORAD-69720,-8.6845,112.7459,289.9
NORAD-69721,-7.7453,112.6237,289.4
NORAD-69722,-6.5530,112.4692,288.8
NORAD-69723,-5.5687,112.3423,288.3
NORAD-69724,-4.6573,112.2253,287.9
NORAD-69725,-3.2397,112.0438,287.3
NORAD-69726,-2.2026,111.9114,286.7
NORAD-69727,-1.1831,111.7811,286.2
NORAD-69728,24.6997,101.8298,7730.4
NORAD-69730,15.8190,-50.0357,502.9
NORAD-69731,0.1214,-30.4546,1276.7
NORAD-69732,0.9427,-39.8054,1220.6
NORAD-69733,58.1121,-143.1846,950.9
NORAD-69734,79.5124,-174.0046,713.7
NORAD-69735,66.0749,65.1447,650.6
NORAD-69736,20.0641,56.3852,628.5
NORAD-81011,-22.7412,-85.6610,907.7
NORAD-81015,-12.4648,-83.7898,922.8
NORAD-81021,21.5635,-153.9229,771.4
NORAD-81036,56.4658,142.0194,1274.5
NORAD-81052,0.3996,131.2269,1300.4
NORAD-81069,-3.8439,-4.7078,1035.4
NORAD-81111,-54.9219,-52.2948,5029.6
NORAD-81123,-30.1124,-11.9712,968.2
NORAD-81134,-7.2221,-98.8499,1313.2
NORAD-81219,75.7277,-102.1970,956.8
NORAD-81228,28.0706,86.3205,718.7
NORAD-81254,17.6153,167.5801,917.4
NORAD-81279,-15.2578,-58.2288,724.0
NORAD-81301,62.2291,-168.3192,916.5
NORAD-81311,-30.7151,-37.7194,628.2
NORAD-81317,-59.4666,-149.5686,966.8
NORAD-81323,-43.3209,-81.2201,514.5
NORAD-81343,-48.3605,-20.9101,560.4
NORAD-81359,-2.9384,-179.8692,1058.8
NORAD-81366,-52.2682,171.3782,696.1
NORAD-81371,80.6320,84.2492,606.1
NORAD-81386,17.6160,176.6943,787.4
NORAD-81390,76.6378,-118.3018,1451.7
NORAD-81392,-54.7200,-105.1086,943.0
NORAD-81405,67.8170,108.1885,824.9
NORAD-81406,-48.8790,163.7884,569.8
NORAD-81427,10.0386,-45.0802,937.5
NORAD-81438,55.7879,-53.7368,1063.9
NORAD-81439,-40.9149,-154.4296,1802.5
NORAD-81478,-3.8971,-1.0342,875.5
NORAD-81488,-33.7483,-36.8049,1070.6
NORAD-81497,-78.4246,57.6955,948.9
NORAD-81499,-11.5906,-80.3122,742.7
NORAD-81535,67.2081,126.5423,981.9
NORAD-81536,27.2054,130.8251,1454.3
NORAD-81537,45.9514,103.4156,860.0
NORAD-81552,79.3638,-141.7861,1369.1
NORAD-81599,42.7627,119.6565,1200.5
NORAD-81605,0.2864,74.2529,1394.6
NORAD-81614,76.6312,9.3265,1246.9
NORAD-81615,-28.9824,38.5144,1706.2
NORAD-81617,-41.0257,-103.1883,1461.4
NORAD-81624,32.0184,-123.9404,619.4
NORAD-81640,58.0538,105.7600,1708.2
NORAD-81652,-76.1414,130.5782,836.9
NORAD-81667,-29.0699,-98.0669,737.9
NORAD-81674,-58.7051,-26.7234,884.8
NORAD-81683,51.5073,143.6149,698.7
NORAD-81693,21.2107,-55.1026,1580.9
NORAD-81745,-48.9100,174.6909,764.7
NORAD-81749,40.2535,73.6169,1330.4
NORAD-81775,-32.5693,133.6963,768.8
NORAD-81792,-53.5225,-142.8866,1346.1
NORAD-81812,-75.0010,84.7691,1333.8
NORAD-81816,-20.0778,36.0575,1046.2
NORAD-81819,-49.1788,-164.4756,1513.4
NORAD-81824,-12.5169,32.1404,787.2
NORAD-81833,74.0814,-100.9838,1301.2
NORAD-81838,67.1038,65.8187,698.9
NORAD-81844,-46.9915,-162.9310,751.8
NORAD-81845,73.5342,-126.2050,592.6
NORAD-81864,63.2459,-36.4693,1713.5
NORAD-81865,48.2937,-62.8454,892.2
NORAD-81893,65.0414,53.2781,962.1
NORAD-81899,-50.7574,23.6293,1181.7
NORAD-81921,6.6177,24.3576,1717.6
NORAD-81947,-56.7773,79.4016,884.3
NORAD-81964,39.3336,30.8982,915.4
NORAD-81969,-43.5575,141.1108,534.0
NORAD-81995,63.6197,-37.8422,898.3
NORAD-82043,54.1819,44.4171,724.9
NORAD-82051,-30.3491,174.9309,740.4
NORAD-82073,-67.3774,-61.1997,888.6
NORAD-82139,-34.0465,157.4265,893.9
NORAD-82162,-75.7746,150.4219,1110.2
NORAD-82180,62.4107,87.1178,505.8
NORAD-82189,67.6523,66.6486,771.6
NORAD-82199,-57.4270,-36.4852,969.9
NORAD-82205,-60.5640,168.9351,708.3
NORAD-82223,-36.8357,-18.1087,911.1
NORAD-82272,67.4990,175.6367,1723.8
NORAD-82303,72.5863,-127.2616,831.4
NORAD-82311,-65.5526,146.9296,1127.3
NORAD-82363,61.6462,66.4935,924.1
NORAD-82369,-69.6830,-115.0730,936.4
NORAD-82381,-37.4208,130.3016,604.8
NORAD-82402,53.8836,-34.7407,549.0
NORAD-82432,-48.6423,-171.0481,729.1
NORAD-82448,-46.5919,-20.6281,561.0
NORAD-82453,77.7396,-57.7953,1524.5
NORAD-82458,-38.0999,-110.3157,814.3
NORAD-82484,53.0958,-75.1884,1047.9
NORAD-82494,-73.6190,152.3202,605.7
NORAD-82500,-50.2532,33.2527,805.2
NORAD-82524,59.5154,77.2666,851.7
NORAD-82529,18.9441,154.5490,1104.3
NORAD-82560,-68.9822,66.1016,946.5
NORAD-82597,-41.3195,-153.3664,839.2
NORAD-82617,-60.3224,87.1123,767.0
NORAD-82642,31.6221,-15.2995,772.6
NORAD-82683,52.3445,123.9099,877.2
NORAD-82693,-30.2181,-122.9979,986.8
NORAD-82698,-54.7706,92.1302,1359.2
NORAD-82708,-53.2296,106.8905,1262.3
NORAD-82729,18.3923,57.1231,2151.6
NORAD-82739,-62.2048,-111.6317,1092.0
NORAD-82741,-28.4548,-5.5616,900.3
NORAD-82783,25.6786,117.3416,1244.9
NORAD-82798,-82.1125,165.7300,806.6
NORAD-82820,68.0361,114.2671,747.9
NORAD-82854,66.3869,-38.3505,862.8
NORAD-82873,15.4252,0.2042,800.3
NORAD-82875,-11.5621,61.4994,775.5
NORAD-82893,-57.2340,8.9959,782.4
NORAD-82912,64.3207,72.2412,990.3
NORAD-82961,3.8922,-135.7500,1301.5
NORAD-82965,12.0296,164.8585,1041.6
NORAD-83903,2.0316,-19.2054,36179.1
NORAD-83934,2.1032,-14.1481,35572.4
NORAD-84006,-17.3464,-20.1166,34408.8
NORAD-84232,-1.9435,-128.1620,5377.1
NORAD-84236,9.0006,-139.9280,29885.3
NORAD-84292,19.1765,-98.6084,6363.4
NORAD-84406,1.5165,48.2041,1433.8
NORAD-84407,9.0839,-177.2751,22893.7
NORAD-84575,-11.9550,-57.6781,35175.6
NORAD-84932,1.9694,121.3293,27241.5
NORAD-85004,35.0881,-124.5523,779.6
NORAD-85006,67.9221,-29.6588,836.7
NORAD-85010,1.6303,116.9413,992.9
NORAD-85015,60.2684,-65.4578,696.7
NORAD-85023,23.6366,137.5275,616.6
NORAD-85027,-22.8775,-150.9419,1025.7
NORAD-85047,-42.6909,100.7315,1029.9
NORAD-85061,41.2392,-85.2951,1141.8
NORAD-85100,3.6582,-78.8700,772.6
NORAD-85106,-75.7780,-123.6391,999.8
NORAD-85151,31.3444,-49.8003,614.5
NORAD-85210,-60.9213,-114.0447,1127.8
NORAD-85217,-17.7281,-20.3322,663.7
NORAD-85237,-6.6095,119.7118,998.9
NORAD-85238,-70.3235,31.1093,947.2
NORAD-85246,-13.3329,67.6673,804.0
NORAD-85373,70.4144,113.9799,854.3
NORAD-85418,49.2596,-179.0335,396.1
NORAD-85419,35.1917,-83.2043,396.9
NORAD-85421,-0.0165,59.7172,34805.0
NORAD-85426,-67.1228,158.2228,564.1
NORAD-87014,37.2087,48.3981,1049.7
NORAD-87029,-57.9023,123.1420,904.8
NORAD-87042,-35.4344,122.9920,875.9
NORAD-87051,55.9921,67.4843,575.8
NORAD-87054,-69.6644,13.9219,872.7
NORAD-87071,61.2035,13.1312,1048.0
NORAD-87129,9.2835,-3.6156,1504.6
NORAD-87159,-41.9384,-30.5050,986.7
NORAD-87163,-12.5694,176.2980,1391.0
NORAD-87164,64.6379,70.4217,729.7
NORAD-87204,-45.7778,-53.4004,828.6
NORAD-87211,-63.6246,114.3649,712.4
NORAD-87214,-67.5128,-106.5672,1009.7
NORAD-87237,-19.0210,138.9909,968.8
NORAD-87239,52.4469,172.7615,703.6
NORAD-87245,35.8378,138.8390,544.7
NORAD-87271,42.8914,-30.2820,747.9
NORAD-87280,10.6016,-6.1705,1164.5
NORAD-87293,47.0913,-111.1883,1116.2
NORAD-87300,76.1142,-49.9146,874.8
NORAD-87304,39.7990,-168.0181,657.3
NORAD-87320,6.9857,-141.8891,945.4
NORAD-87334,12.7360,-15.8037,882.4
NORAD-87335,-30.6979,160.1902,815.2
NORAD-87405,67.5316,171.2491,871.5
NORAD-87426,65.7242,132.6863,801.5
NORAD-87448,68.9412,161.0534,906.4
NORAD-87456,-1.9237,-12.9457,767.3
NORAD-87517,62.4603,113.4869,1136.6
NORAD-87541,2.9296,-75.8894,1164.1
NORAD-87553,-35.6942,100.6722,1572.6
NORAD-87557,-22.4634,139.0432,1177.6
NORAD-87561,-71.6931,-87.2169,1432.0
NORAD-87565,35.5228,85.3320,797.2
NORAD-87569,26.1554,-99.8195,1436.0
NORAD-87587,-15.8036,-22.4352,770.3
NORAD-87590,-52.8668,125.0698,883.6
NORAD-87616,65.9889,97.4697,1084.2
NORAD-87624,47.8873,-138.2949,715.1
NORAD-87650,-75.6709,-9.1904,700.6
NORAD-87672,-55.1372,32.7788,804.3
NORAD-87681,22.0369,-116.9206,888.6
NORAD-87690,-4.1972,-97.3834,1090.1
NORAD-87706,-58.7759,-69.7335,653.3
NORAD-87725,81.7089,80.0401,437.6
NORAD-87730,1.9517,-22.4503,1013.5
NORAD-87737,66.7720,-74.4305,921.1
NORAD-87764,-47.2560,67.1300,806.9
NORAD-87771,-10.7261,-76.4774,1187.2
NORAD-87782,-65.3946,131.3183,1274.0
NORAD-87843,-76.4632,-46.7967,1034.9
NORAD-87845,16.4226,-3.3982,1591.2
NORAD-87878,-17.6565,32.1270,788.0
NORAD-87884,-44.9221,-173.3563,893.0
NORAD-87934,71.1921,-158.2760,987.4
NORAD-87991,-10.0149,5.8088,843.4
NORAD-87998,0.1756,78.3805,844.9
NORAD-89003,70.1868,-50.6953,765.8
NORAD-89005,5.2555,75.9868,648.9
NORAD-89029,-66.9355,4.9909,590.3
NORAD-89101,38.2550,-160.1255,1309.7
NORAD-89132,58.0205,121.3396,3729.7
NORAD-89146,-72.1737,37.0005,744.1
NORAD-89172,54.5520,-64.4279,566.2
NORAD-89177,17.6869,-170.2480,1011.6
NORAD-89183,79.0884,-69.8668,979.0
NORAD-89184,20.6506,-46.4122,604.0
NORAD-89213,65.9106,-76.8234,1037.9
NORAD-89251,-11.9901,177.4146,1803.7
NORAD-89261,19.5588,-110.0577,756.6
NORAD-89304,41.5618,115.5669,1228.4
NORAD-89349,-40.5295,-95.3769,1307.5
NORAD-89379,41.3096,-59.1565,1047.8
NORAD-89395,-60.1695,60.7438,1850.3
NORAD-89403,-67.5797,-96.4817,1290.5
NORAD-89484,-37.8158,-20.5425,4465.7
NORAD-89493,-21.0580,-30.8643,790.0
NORAD-89494,-54.9188,-40.5658,810.2
NORAD-T0000,45.3631,60.8369,1265.6
NORAD-T0001,-54.1809,-11.3773,1471.3
NORAD-T0003,-3.1936,-80.3873,987.4
NORAD-T0004,-61.6318,-125.1235,1695.7
NORAD-T0005,-23.6284,-78.0507,1862.7
NORAD-T0006,64.5956,-108.4955,1576.1
NORAD-T0007,-29.0216,-4.1618,915.7
NORAD-T0008,25.7849,101.0823,1294.4
NORAD-T0009,15.2312,-10.4893,1691.8
NORAD-T0010,-64.4551,159.3527,1640.9
NORAD-T0011,-50.2706,-164.4211,1026.1
NORAD-T0012,-25.0992,-107.8591,1273.4
NORAD-T0013,25.8770,-129.7915,1554.2
NORAD-T0014,-56.9143,79.8503,1439.9
NORAD-T0015,14.5387,70.3485,1233.2
NORAD-T0016,1.7371,154.5014,798.2
NORAD-T0017,-13.9633,-82.6241,1277.9
NORAD-T0018,78.1761,145.8447,889.7
NORAD-T0019,-53.0268,-96.1600,1331.4
NORAD-T0020,60.5319,-92.2650,909.2
NORAD-T0021,8.5277,-49.3562,1363.0
NORAD-T0022,65.1873,-113.9420,1135.8
NORAD-T0023,66.3574,-79.3361,1470.6
NORAD-T0024,-49.6463,10.8738,1424.8
NORAD-T0025,-10.3570,37.1879,868.2
NORAD-T0026,-59.8203,-139.4121,1516.4
NORAD-T0027,8.4075,107.6854,1398.5
NORAD-T0029,3.2544,67.1701,910.6
NORAD-T0030,87.6619,-92.1039,1277.5
NORAD-T0031,-0.7166,-86.1806,1269.0
NORAD-T0032,62.2328,47.1789,1764.3
NORAD-T0033,6.4682,-40.1110,1139.5
NORAD-T0034,79.9956,-134.5896,906.9
NORAD-T0035,44.6190,-148.9635,848.5
NORAD-T0036,-29.5220,100.3810,1025.2
NORAD-T0038,42.0141,-159.1832,1201.4
NORAD-T0039,5.9954,-55.4750,874.9
NORAD-T0040,-42.4009,-77.1485,1447.0
NORAD-T0041,-72.6330,-157.3524,978.4
NORAD-T0042,38.5002,-21.2053,1561.5
NORAD-T0043,-0.6594,-51.6084,860.6
NORAD-T0044,-15.3555,-93.5373,1280.6
NORAD-T0045,-25.0315,86.2152,1300.5
NORAD-T0046,11.8349,-159.4347,1374.1
NORAD-T0053,78.8463,56.7586,970.2
NORAD-T0054,-14.8052,-119.6031,1258.6
NORAD-T0055,68.7827,-102.7025,1273.4
NORAD-T0056,-36.9039,177.9864,1556.4
NORAD-T0058,14.0118,78.1766,1298.2
NORAD-T0059,36.6426,54.3935,1549.8
NORAD-T0060,-30.0521,-31.9692,695.0
NORAD-T0061,39.8731,-160.6936,1212.6
NORAD-T0063,-75.1462,173.8301,812.5
NORAD-T0064,38.7926,122.5417,732.6
NORAD-T0066,-18.9173,-57.9469,698.1
NORAD-T0067,-46.2172,86.4495,1309.7
NORAD-T0068,3.4219,-65.4694,888.8
NORAD-T0069,-25.5238,-111.7285,850.3
NORAD-T0070,-60.1410,41.3875,1279.9
NORAD-T0071,-26.6005,-13.4377,2159.5
NORAD-T0072,-49.2300,129.4205,1977.5
NORAD-T0073,79.3655,60.8081,1091.2
NORAD-T0074,37.3142,-44.3265,977.5
NORAD-T0075,48.0699,50.6809,816.5
NORAD-T0077,-48.8072,26.7209,1158.6
NORAD-T0078,53.0185,61.7319,784.2
NORAD-T0079,-52.4341,79.4440,1406.8
NORAD-T0081,-17.7402,-117.0565,1282.2
NORAD-T0082,26.8471,-90.4643,914.6
NORAD-T0084,-48.1170,-104.9565,710.4
NORAD-T0085,43.6218,-56.0867,1816.8
NORAD-T0086,35.7089,-161.4941,527.4
NORAD-T0087,-25.8586,-37.3635,1353.1
NORAD-T0088,-17.0988,173.8678,1620.3
NORAD-T0089,74.7306,-3.5315,828.6
NORAD-T0090,-79.6259,-15.7803,746.9
NORAD-T0091,16.1102,-97.1673,1282.9
NORAD-T0093,46.0507,79.0572,1300.4
NORAD-T0094,33.2442,48.9829,1636.8
NORAD-T0095,-73.1544,83.9493,1307.0
NORAD-T0096,-6.9295,96.2960,787.4
NORAD-T0097,72.1857,-86.8415,1271.3
NORAD-T0098,-37.8020,4.4187,846.9
NORAD-T0099,70.8319,154.1370,1311.4
NORAD-T0100,71.3205,-83.9429,553.5
NORAD-T0101,64.0241,48.2424,1575.4
NORAD-T0103,-84.7607,104.4452,1285.8
NORAD-T0104,-0.1206,-91.0882,1275.1
NORAD-T0106,-32.3075,-104.2544,1421.5
NORAD-T0108,-41.7409,-156.1349,1251.7
NORAD-T0110,45.1617,86.1072,1292.5
NORAD-T0111,-76.9129,-125.7537,763.8
NORAD-T0113,81.7454,79.2010,1283.8
NORAD-T0114,-73.4082,80.8123,1332.2
NORAD-T0115,35.5296,-96.5808,1252.7
NORAD-T0116,59.3163,131.3371,1678.3
NORAD-T0117,8.1005,-106.1798,1289.6
NORAD-T0120,41.9979,-171.2210,1609.9
NORAD-T0121,-64.4810,57.3818,725.4
NORAD-T0122,46.6671,84.9851,1257.7
NORAD-T0123,-56.1304,133.9420,2176.7
NORAD-T0124,45.2845,86.3453,1292.4
NORAD-T0127,57.0275,142.1905,641.3
NORAD-T0128,-22.1782,-101.6657,1514.6
NORAD-T0129,44.6574,-98.8677,1246.9
NORAD-T0131,58.9435,86.8029,8106.8
NORAD-T0133,42.5943,-103.8872,1059.1
NORAD-T0134,31.7204,-51.9261,1618.2
NORAD-T0135,-63.4399,-11.5997,1136.5
NORAD-T0136,-87.6680,-95.8565,1245.9
NORAD-T0138,80.1039,38.4488,578.6
NORAD-T0140,23.3535,132.3610,885.7
NORAD-T0141,14.8755,-93.4159,1524.7
NORAD-T0143,-65.6544,97.9867,1052.0
NORAD-T0144,5.8752,-16.2072,709.1
NORAD-T0147,46.7271,126.6279,1480.3
NORAD-T0152,28.7830,116.6746,1298.2
NORAD-T0153,25.8814,115.8730,2063.4
NORAD-T0154,84.2560,-96.5497,1253.6
NORAD-T0155,-55.3279,103.0046,1508.3
NORAD-T0156,-11.2993,90.6723,1250.1
NORAD-T0157,-6.2882,32.5832,2018.4
NORAD-T0158,70.6526,-35.0212,1536.5
NORAD-T0159,-3.8103,-179.8627,1212.2
NORAD-T0160,38.9518,170.3144,2252.8
NORAD-T0161,9.6771,-118.8595,1333.6
NORAD-T0162,28.4721,47.0903,2121.2
NORAD-T0164,-12.6123,-95.8200,1283.4
NORAD-T0165,-13.9995,84.9788,1264.6
NORAD-T0166,-72.5462,-111.2157,804.2
NORAD-T0167,-58.0643,-96.4229,2162.8
NORAD-T0170,-5.7703,-179.6544,762.1
NORAD-T0171,-31.7113,16.1815,1704.3
NORAD-T0172,-54.5477,32.7630,738.3
NORAD-T0173,21.4318,50.8596,616.0
NORAD-T0174,39.7948,134.8735,2704.4
NORAD-T0175,-43.3864,109.0757,1079.1
NORAD-T0176,-41.1433,-109.9543,1279.5
NORAD-T0177,-58.8145,149.7953,1417.7
NORAD-T0178,28.8544,-95.3925,778.8
NORAD-T0179,0.0274,82.4858,787.1
NORAD-T0181,71.1387,140.6618,834.7
NORAD-T0183,20.3470,72.5805,1244.5
NORAD-T0184,-27.8965,-101.4793,1315.0
NORAD-T0185,-31.8635,74.7322,1775.2
NORAD-T0186,-63.2546,-71.8510,1226.1
NORAD-T0187,-9.6184,-73.2224,737.5
NORAD-T0188,-56.6942,177.9033,1253.9
NORAD-T0190,63.1315,-80.0591,740.7
NORAD-T0191,-41.0178,-12.7340,1280.6
NORAD-T0192,-0.8657,-100.1976,1265.6
NORAD-T0194,-41.6673,129.5932,1106.4
NORAD-T0195,-49.3399,81.4809,1293.0
NORAD-T0196,59.7597,-124.8734,916.7
NORAD-T0197,13.3977,2.8523,706.3
NORAD-T0198,39.3083,-110.6694,1910.0
NORAD-T0199,-28.0591,-31.1302,1009.3
NORAD-T0200,67.3223,-93.8099,1266.5
NORAD-T0202,22.0850,-25.2364,887.1
NORAD-T0203,45.6004,-94.9095,1286.5
NORAD-T0204,35.3275,57.4472,982.2
NORAD-T0205,11.6638,-80.7534,1619.7
NORAD-T0207,66.5804,-41.5360,800.8
NORAD-T0208,37.0440,130.3826,1191.2
NORAD-T0209,-15.5173,58.7301,779.5
NORAD-T0210,-25.5217,-155.6826,780.9
NORAD-T0211,-67.4699,-114.1215,1158.5
NORAD-T0213,56.2067,-91.9139,856.1
NORAD-T0214,25.9197,-22.7828,2265.2
NORAD-T0215,-11.3675,165.0688,900.7
NORAD-T0216,2.6897,-89.9331,1239.0
NORAD-T0217,-74.9969,-112.0096,2226.9
NORAD-T0218,74.0845,73.5097,779.1
NORAD-T0219,0.7425,-116.9661,1423.1
NORAD-T0220,1.8203,175.0504,719.5
NORAD-T0222,-59.7323,78.9293,1287.3
NORAD-T0223,63.3835,78.9252,1276.2
NORAD-T0224,46.2559,133.3940,1241.0
NORAD-T0228,-20.2251,161.7740,1661.0
NORAD-T0229,79.4514,-126.5090,973.3
NORAD-T0230,-32.3637,61.3894,1669.9
NORAD-T0232,-72.5572,-63.2492,1808.8
NORAD-T0233,4.7213,-96.7950,757.1
NORAD-T0235,-55.2601,64.1017,947.8
NORAD-T0236,-61.8289,75.8490,1304.6
NORAD-T0237,69.9413,-100.5963,1286.2
NORAD-T0238,-63.5076,-135.4746,1432.9
NORAD-T0240,-51.5335,-164.1019,1438.5
NORAD-T0241,-34.9638,78.9855,1275.2
NORAD-T0242,15.7941,80.3859,1308.3
NORAD-T0246,70.4342,-94.3141,2499.1
NORAD-T0247,-56.8970,26.4554,1318.7
NORAD-T0248,-79.3596,-31.0120,1607.1
NORAD-T0249,-16.5105,79.2224,1274.9
NORAD-T0250,67.9118,33.6001,1438.2
NORAD-T0251,73.0551,-66.4095,2267.9
NORAD-T0252,-49.8337,-31.0230,1425.0
NORAD-T0253,-78.9540,78.4484,1265.0
NORAD-T0256,17.7474,80.5278,1287.4
NORAD-T0257,83.8399,159.2324,484.5
NORAD-T0258,35.4256,87.9009,1536.6
NORAD-T0261,4.5674,-27.3089,1582.5
NORAD-T0262,-25.3528,82.0153,1285.8
NORAD-T0263,-20.7871,109.4915,809.7
NORAD-T0264,-28.3719,22.7351,1216.2
NORAD-T0265,63.5591,156.3562,1265.7
NORAD-T0266,45.7783,-162.1998,1435.9
NORAD-T0267,70.2822,80.1468,1255.0
NORAD-T0268,62.6781,-98.8234,1252.3
NORAD-T0269,39.3907,163.4316,1192.1
NORAD-T0271,-39.8120,126.5463,1549.3
NORAD-T0272,-51.3648,44.9561,2338.8
NORAD-T0274,-11.6416,85.1944,1302.7
NORAD-T0275,-67.6225,27.9822,802.0
NORAD-T0278,-5.6980,15.3702,866.9
NORAD-T0280,12.1974,-100.0095,1265.5
NORAD-T0281,-54.2542,81.0013,1603.6
NORAD-T0282,-65.2898,-67.2474,1258.3
NORAD-T0284,-35.5929,-36.5596,1269.9
NORAD-T0288,-11.5617,-100.9333,1293.7
NORAD-T0289,3.3747,-147.7323,776.9
NORAD-T0290,-41.4761,-169.7359,778.5
NORAD-T0292,-22.2828,-133.8483,1486.6
NORAD-T0293,-69.6061,44.4204,727.6
NORAD-T0294,-51.3406,-176.1283,770.0
NORAD-T0295,42.2490,30.2591,638.8
NORAD-T0296,26.1425,-100.3120,1260.5
NORAD-T0297,-13.6735,-83.5956,1275.4
NORAD-T0298,-59.9337,-14.2252,36924.0
NORAD-T0299,-72.7142,84.0304,1303.6
NORAD-T0300,30.3623,-61.6940,743.0
NORAD-T0302,-27.4846,-74.5069,727.8
NORAD-T0305,-72.8636,94.5846,784.9
NORAD-T0306,-56.4067,79.4857,1284.8
NORAD-T0307,67.9144,121.0235,988.5
NORAD-T0308,69.5086,-106.7869,1072.5
NORAD-T0309,-80.4544,133.7328,599.6
NORAD-T0310,32.5791,-135.4996,1058.3
NORAD-T0311,64.5833,57.2344,721.6
NORAD-T0312,32.5131,67.6535,846.5
NORAD-T0313,-41.9606,-95.7093,1313.1
NORAD-T0314,57.1326,80.2458,1287.2
NORAD-T0316,69.1195,-115.4509,811.5
NORAD-T0317,45.5937,80.4609,1290.9
NORAD-T0319,51.6187,-132.7972,1481.5
NORAD-T0320,-62.7233,77.6610,1264.1
NORAD-T0321,40.8764,79.8487,1300.6
NORAD-T0322,-57.3247,78.9398,1281.0
NORAD-T0323,-27.2573,-22.7587,719.1
NORAD-T0324,-64.1576,4.6184,1299.3
NORAD-T0325,17.4841,69.6783,1302.7
NORAD-T0326,-2.7457,76.7883,1285.6
NORAD-T0327,29.7107,-72.8970,1267.6
NORAD-T0328,24.8359,-23.9164,1413.8
NORAD-T0329,64.7835,-12.8847,766.9
NORAD-T0330,56.9130,-117.4217,1117.5
NORAD-T0332,-77.4256,13.1304,760.6
NORAD-T0333,-72.4976,-142.9184,835.4
NORAD-T0334,49.5562,-74.6316,917.1
NORAD-T0335,-65.9677,-135.5025,796.2
NORAD-T0336,53.5934,47.4497,798.0
NORAD-T0337,69.1656,80.7335,1224.9
NORAD-T0338,4.6732,31.6126,851.1
NORAD-T0339,14.2100,65.1184,2288.3
NORAD-T0340,1.9918,-54.4920,909.0
NORAD-T0341,4.5068,78.9419,942.9
NORAD-T0342,-44.6956,-7.1924,845.0
NORAD-T0344,70.8137,151.6349,1055.3
NORAD-T0345,-13.0553,81.1295,2316.4
NORAD-T0346,-26.3348,-110.2355,1260.0
NORAD-T0347,-15.4941,-89.5693,1225.8
NORAD-T0348,36.7562,121.9025,1260.9
NORAD-T0349,30.6502,12.9891,1164.9
NORAD-T0353,-54.7453,-28.6454,36031.8
NORAD-T0354,-27.3942,-50.5958,20356.6
NORAD-T0360,-60.1726,-22.1444,36342.0
NORAD-T0365,-38.4482,174.3076,36664.8
NORAD-T0366,-9.3612,-38.4767,4981.9
NORAD-T0367,48.2422,-63.5275,1400.9
NORAD-T0368,-9.5411,61.1567,559.6
NORAD-T0370,76.0890,13.4828,765.5
NORAD-T0371,-38.2499,-70.9010,2533.6
NORAD-T0372,-58.2749,-166.1498,1549.1
NORAD-T0373,-34.1677,72.8615,837.7
NORAD-T0374,-30.4862,82.7154,843.5
NORAD-T0375,39.0466,-148.5411,1474.3
NORAD-T0376,-76.3067,6.6753,1177.0
NORAD-T0377,-68.4654,147.5430,667.7
NORAD-T0378,-82.2682,-18.9757,1502.8
NORAD-T0379,65.5021,-34.5498,1130.3
NORAD-T0380,24.2240,157.8750,1397.1
NORAD-T0382,-59.9542,-124.8681,853.2
NORAD-T0383,-49.2568,95.3212,1616.2
NORAD-T0384,68.0555,177.5447,1266.2
NORAD-T0385,73.8129,-84.3577,809.2
NORAD-T0386,-71.9846,174.7755,1079.7
NORAD-T0387,58.5502,-29.9574,828.3
NORAD-T0388,-81.2906,4.9418,1160.4
NORAD-T0389,-14.5600,-14.0724,1418.6
NORAD-T0390,-5.3465,79.9565,939.0
NORAD-T0391,-14.6437,43.1594,868.9
NORAD-T0392,75.5864,-64.9357,880.8
NORAD-T0393,48.7834,-20.5612,825.4
NORAD-T0394,19.0059,169.8497,890.4
NORAD-T0395,51.0847,88.2351,667.6
NORAD-T0396,50.2433,177.2034,907.9
NORAD-T0397,-23.5318,169.5242,902.8
NORAD-T0398,40.7367,-26.0836,822.7
NORAD-T0399,76.8589,-24.1100,795.5
NORAD-T0400,32.5896,-19.8718,679.5
NORAD-T0401,-48.4433,-10.8382,771.8
NORAD-T0402,88.7140,-147.3871,770.3
NORAD-T0403,59.1010,158.7031,809.0
NORAD-T0404,25.9990,-25.5898,826.6
NORAD-T0405,-84.5408,132.9649,892.3
NORAD-T0406,-77.9725,161.5869,892.7
NORAD-T0407,16.6549,-177.0490,909.2
NORAD-T0408,-29.9173,2.3505,818.3
NORAD-T0409,41.6302,-15.8961,793.5
NORAD-T0410,-52.0915,-19.4727,772.3
NORAD-T0411,-6.4725,153.8559,797.8
NORAD-T0412,3.5262,-37.8168,810.0
NORAD-T0413,-4.6400,-43.0416,613.0
NORAD-T0414,66.2755,-16.2793,758.9
NORAD-T0415,-26.9676,167.4742,738.5
NORAD-T0416,25.8161,-21.4609,593.0
NORAD-T0417,81.2697,160.0840,730.6
NORAD-T0418,-80.5649,138.2465,850.7
NORAD-T0419,43.1412,-8.8397,802.8
NORAD-T0420,-14.1784,169.8179,756.1
NORAD-T0421,-12.3324,160.2320,982.6
NORAD-T0422,-24.4126,160.4161,1019.6
NORAD-T0423,-9.4739,-14.1259,809.6
NORAD-T0424,23.9005,151.3263,788.6
NORAD-T0425,46.0402,-66.3222,583.4
NORAD-T0426,43.6633,-13.8514,653.4
NORAD-T0427,8.2865,161.7727,755.4
NORAD-T0428,61.3691,-20.0914,601.8
NORAD-T0429,-21.0345,69.6897,797.9
NORAD-T0430,-70.5733,-3.1218,869.3
NORAD-T0431,-29.9541,-10.6607,822.3
NORAD-T0432,-50.8468,-6.9559,857.6
NORAD-T0433,25.5939,166.4428,875.5
NORAD-T0434,-57.8428,161.2443,889.6
NORAD-T0435,-53.1269,140.0511,813.6
NORAD-T0436,-21.1211,165.3770,758.4
NORAD-T0437,-49.0060,-11.0615,839.2
NORAD-T0438,-30.1543,-19.3030,934.0
NORAD-T0439,23.5760,-19.2911,607.4
NORAD-T0440,-35.3019,32.7420,695.9
NORAD-T0441,-39.8659,164.7260,718.8
NORAD-T0442,9.2523,-32.2750,836.8
NORAD-T0443,-87.9497,10.6777,754.0
NORAD-T0444,-7.5916,156.1356,688.0
NORAD-T0445,18.6036,-30.9637,642.1
NORAD-T0447,-53.2579,-10.6504,667.7
NORAD-T0448,-81.6526,172.5604,884.9
NORAD-T0449,-72.1423,161.2314,866.2
